,Article Title,Author Full Names,ORCIDs,DOI Link,Publication Year,Publication Date,Volume,Issue,Start Page,End Page,DOI,ISSN,eISSN
5,Which is better: deep-learning or manual seismic arrival-time picking?,"Cianetti, Spina; Lomax, Anthony; Michelini, Alberto; Giunchi, Carlo",,http://dx.doi.org/10.1093/gji/ggaf494,2026,MAR,244,3.0,,,10.1093/gji/ggaf494,0956-540X,1365-246X
11,Earthquake catalog in northeastern Tibetan plateau from the large aperture ChinArray-II through deep learning approach,"Si, Zhengya; Wang, Weitao; Li, Lu; Zhong, Shijun; Liu, Zemin; Yu, Ziye; Zhang, Yunpeng","Yu, Ziye/0000-0002-1720-3811; Zhang, Yunpeng/0000-0002-3907-8070",http://dx.doi.org/10.1093/gji/ggaf292,2026,JAN,244,1.0,,,10.1093/gji/ggaf292,0956-540X,1365-246X
83,"Microseismicity reveals fault activation and fluid processes beneath the Neuwied Basin and Laacher See Volcano, East Eifel, Germany","Laumann, P.; Dahm, T.; Petersen, G.; Buyukakpinar, P.; Zhang, H.; Isken, M.; Schmidt, B.","Zhang, Hao/0000-0001-8445-7187; Isken, Marius Paul/0000-0003-2464-1630; Dahm, Torsten/0000-0001-6432-7422; , Patrick Laumann/0009-0007-8105-2564; Büyükakpınar, Pınar/0000-0001-8461-674X; Petersen, Gesa M/0000-0002-7138-0499",http://dx.doi.org/10.1093/gji/ggaf475,2026,FEB,244,2.0,,,10.1093/gji/ggaf475,0956-540X,1365-246X
118,The poroelastic stress and pore pressure effects on delayed seismicity based on fully coupled fluid-solid simulations and rate-and-state friction laws,"Li, Jiahao; Zhu, Aiyu; Li, Yonghua; Cui, Guanglei; Jiang, Changsheng",,http://dx.doi.org/10.1093/gji/ggaf536,2026,MAR,244,3.0,,,10.1093/gji/ggaf536,0956-540X,1365-246X
172,Forecasting induced seismicity in enhanced geothermal systems using machine learning: challenges and opportunities,"Karimpouli, Sadegh; Kwiatek, Grzegorz; Martinez-Garzon, Patricia; Caus, Danu; Wang, Lei; Dresen, Georg; Bohnhoff, Marco","Wang, Lei/0000-0001-6784-4572; Bohnhoff, Marco/0000-0001-7383-635X; Karimpouli, Sadegh/0000-0003-1781-9760; Caus, Danu/0000-0003-0597-8844",http://dx.doi.org/10.1093/gji/ggaf155,2025,AUG,242,2.0,,,10.1093/gji/ggaf155,0956-540X,1365-246X
184,The Magma plumbing system and seismo-tectonics of the Guatemala-Mexico triple junction as revealed by the seismicity of the Tacaná volcano before and after the 2017 Mw8.2 Chiapas earthquake,"Legrand, D.; Perton, M.; Spica, Z.; Jon, J.; Alatorre-Ibarguengoitia, M.; Peiffer, L.; Campion, R.; Valdes, C.; Caballero-Jimenez, G.; Vargas-Zamudio, K.; Espindola, J. M.; De la Cruz-Reyna, S.","Alatorre-Ibargüengoitia, Miguel Angel/0000-0003-2924-4263; Perton, Mathieu/0000-0001-5141-5255; LEGRAND, Denis/0000-0003-2620-5525",http://dx.doi.org/10.1093/gji/ggaf167,2025,JUL,242,1.0,,,10.1093/gji/ggaf167,0956-540X,1365-246X
204,Modelling induced seismicity in Groningen based on subcritical stressed faults,"Hainzl, Sebastian; Dahm, Torsten; Zoeller, Gert","Dahm, Torsten/0000-0001-6432-7422;",http://dx.doi.org/10.1093/gji/ggaf064,2025,MAR 12,241,2.0,840,851,10.1093/gji/ggaf064,0956-540X,1365-246X
228,FENCAT-an update of the Fennoscandian earthquake catalogue,"Uski, Marja; Oinonen, Kati; Lund, Bjorn; Soosalu, Heidi; Ottemoller, Lars; Sorensen, Mathilde B.; Voss, Peter H.; Korja, Annakaisa","Uski, Marja/0000-0001-9211-8273; Korja, Annakaisa/0000-0001-8940-9248",http://dx.doi.org/10.1093/gji/ggaf242,2025,SEP,242,3.0,,,10.1093/gji/ggaf242,0956-540X,1365-246X
285,Combined boundary element and finite volume methods for modelling fluid-induced seismicity in fault networks within low-permeability rocks,"Romanet, Pierre; Ampuero, Jean-Paul; Cappa, Frederic; Scuderi, Marco Maria; Chaillat, Stephanie","SCUDERI, Marco Maria/0000-0001-5232-0792; Chaillat, Stéphanie/0000-0001-8478-4647; Ampuero, Jean Paul/0000-0002-4827-7987; Cappa, Frédéric/0000-0003-4859-8024; Romanet, Pierre/0000-0001-6232-4906",http://dx.doi.org/10.1093/gji/ggaf377,2025,DEC,243,3.0,,,10.1093/gji/ggaf377,0956-540X,1365-246X
295,KVP: a multiscale kurtosis approach for seismic phase picking,"Latorre, Hugo; Ventosa, Sergi; Ugalde, Arantza; Villasenor, Antonio; Bartolome, Rafael; Ranero, Cesar R.","Ventosa, Sergi/0000-0002-2880-8453; Latorre, Hugo/0009-0003-2426-0827; bartolome, rafael/0000-0002-2005-6840; Ranero, César/0000-0002-5204-545X; Ugalde, Arantza/0000-0003-2409-2002",http://dx.doi.org/10.1093/gji/ggaf136,2025,JUN,241,3.0,1922,1934,10.1093/gji/ggaf136,0956-540X,1365-246X
296,The evolution of fault orientation in the 2019 Ridgecrest earthquake sequence with a new long-term catalogue of seismicity and moment tensors,"Atterholt, James; Wilding, John D.; Ross, Zachary E.","Ross, Zachary/0000-0002-6343-8400; Atterholt, James/0000-0003-1603-5518",http://dx.doi.org/10.1093/gji/ggaf001,2025,JAN 21,240,3.0,1579,1592,10.1093/gji/ggaf001,0956-540X,1365-246X
316,Divide and conquer: separating the two probabilities in seismic phase picking,"Park, Yongsoo; Armstrong, Alysha D.; Yeck, William L.; Shelly, David R.; Beroza, Gregory C.","Park, Yongsoo/0000-0001-5466-8004; Artrong, Alysha/0009-0000-6351-578X",http://dx.doi.org/10.1093/gji/ggaf333,2025,NOV,243,2.0,,,10.1093/gji/ggaf333,0956-540X,1365-246X
363,Developing a background seismicity model for operational earthquake forecasting in Italy,"Bayliss, Kirsty; Naylor, Mark; Main, Ian G.","Main, Ian Graham/0000-0001-7031-6746; Naylor, Mark/0000-0002-3761-5522; Bayliss, Kirsty/0000-0002-2564-983X",http://dx.doi.org/10.1093/gji/ggaf261,2025,SEP,242,3.0,,,10.1093/gji/ggaf261,0956-540X,1365-246X
364,Annual variations in Nepalese seismicity: b-values and seismicity rates,"Colledge, Martin; Chanard, Kristel; Duverger, Clara; Schubnel, Alexandre; Adhikari, Lok Bijaya; Bollinger, Laurent","Colledge, Martin/0000-0002-5444-9685; Chanard, Kristel/0000-0001-9934-9621",http://dx.doi.org/10.1093/gji/ggaf259,2025,SEP,242,3.0,,,10.1093/gji/ggaf259,0956-540X,1365-246X
366,Intermittent induced seismicity during the multiyear operation of a geothermal reservoir,"Lengline, O.; Maurer, V; Yorillo, A.","Lengliné, Olivier/0000-0003-0678-2587",http://dx.doi.org/10.1093/gji/ggaf160,2025,JUL,242,1.0,,,10.1093/gji/ggaf160,0956-540X,1365-246X
447,Intraplate seismicity in southwestern Norway: enhanced catalogue highlights diffusive earthquake occurrence linked to inherited weakness zones,"Marck, Angelique; Ottemoller, Lars; Rondenay, Stephane; Fossen, Haakon","Ottemöller, Lars/0000-0003-3170-1048; Marck, Angélique/0009-0003-5219-9162; Fossen, Haakon/0000-0002-8091-5643",http://dx.doi.org/10.1093/gji/ggaf018,2025,FEB 3,240,3.0,2006,2022,10.1093/gji/ggaf018,0956-540X,1365-246X
480,Rapid identification of induced seismicity using deep learning in West Texas,"Chen, Yangkang; Grigoratos, Iason; Yang, Liuqing; Saad, Omar M.; Breton, Caroline; Savvaidis, Alexandros","Yang, Liuqing/0009-0008-4589-2627;",http://dx.doi.org/10.1093/gji/ggaf341,2025,NOV,243,2.0,,,10.1093/gji/ggaf341,0956-540X,1365-246X
496,Integrating quantum clustering with unsupervised deep learning for first arrival picking in local seismic events,"Dalai, Bijayananda; Kumar, Prakash",,http://dx.doi.org/10.1093/gji/ggaf331,2025,DEC,243,3.0,,,10.1093/gji/ggaf331,0956-540X,1365-246X
508,The Gutenberg-Richter law strikes back: the exponentiality of magnitudes is confirmed by worldwide seismicity,"Taroni, Matteo",,http://dx.doi.org/10.1093/gji/ggaf366,2025,NOV,243,2.0,,,10.1093/gji/ggaf366,0956-540X,1365-246X
531,Automatic picking of multimodal Rayleigh-wave dispersion curves from multicomponent data with an energy-density-based clustering method,"Kuang, Xingjian; Pan, Yudi; Zhang, Zeyi; Yuan, Sanyi",,http://dx.doi.org/10.1093/gji/ggaf323,2025,OCT,243,1.0,,,10.1093/gji/ggaf323,0956-540X,1365-246X
582,Magmatic priming of a phreatic eruption sequence: the 2012 Te Maari eruptions at Mt Tongariro (New Zealand) imaged by magnetotellurics and seismicity,"Heise, Wiebke; Bannister, Stephen; Williams, Charles A.; McGavin, Peter; Caldwell, T. Grant; Bertrand, Edward A.; Usui, Yoshiya; Kilgour, Geoff","Heise, Wiebke/0000-0002-3410-0937; Usui, Yoshiya/0000-0001-5753-6568; Caldwell, T Grant/0000-0003-4440-0826;",http://dx.doi.org/10.1093/gji/ggae022,2024,JAN 3,236,3.0,1848,1862,10.1093/gji/ggae022,0956-540X,1365-246X
586,Unsupervised clustering of catalogue-driven features for characterizing temporal evolution of labquake stress,"Karimpouli, Sadegh; Kwiatek, Grzegorz; Martinez-Garzon, Patricia; Dresen, Georg; Bohnhoff, Marco","Bohnhoff, Marco/0000-0001-7383-635X",http://dx.doi.org/10.1093/gji/ggae071,2024,MAR 7,237,2.0,755,771,10.1093/gji/ggae071,0956-540X,1365-246X
610,Background and clustering characteristics of recent seismicity in Southwestern China,"Liu, Yue; Zhuang, Jiancang; Guo, Yicun; Jiang, Changsheng; Tian, Qinjian; Zhang, Yongxian; Long, Feng","Zhuang, Jiancang/0000-0002-9708-3871; GUO, YICUN/0000-0003-3965-3781;",http://dx.doi.org/10.1093/gji/ggae211,2024,JUL 12,238,3.0,1291,1313,10.1093/gji/ggae211,0956-540X,1365-246X
615,Can we obtain reliable seismic b-values for real-time catalogues?,"Li, Linxuan; Luo, Gang","Li, Linxuan/0000-0001-6831-8363;",http://dx.doi.org/10.1093/gji/ggae124,2024,APR 9,237,3.0,1554,1566,10.1093/gji/ggae124,0956-540X,1365-246X
655,The Korean infrasound catalogue (1999-2022),"Park, Junghyun; Arrowsmith, Stephen; Che, Il-Young; Hayward, Chris; Stump, Brian","Che, Il-Young/0000-0002-1947-0833; Arrowsmith, Stephen/0000-0002-9150-0363; Park, Junghyun/0000-0001-6370-6877",http://dx.doi.org/10.1093/gji/ggae277,2024,AUG 27,239,1.0,517,537,10.1093/gji/ggae277,0956-540X,1365-246X
657,Aftershock forecasts based on incomplete earthquake catalogues: ETASI model application to the 2023 SE Türkiye earthquake sequence,"Hainzl, Sebastian; Kumazawa, Takao; Ogata, Yosihiko",,http://dx.doi.org/10.1093/gji/ggae006,2024,JAN 3,236,3.0,1609,1620,10.1093/gji/ggae006,0956-540X,1365-246X
718,A UK Mw catalogue derived from coda envelopes,"Peach, Charlie; Nippress, Stuart E. J.; Green, David N.; Mayeda, Kevin; Wookey, James M.; Werner, Maximilian J.","Wookey, James/0000-0002-7403-4380; Werner, Maximilian/0000-0002-2430-2631",http://dx.doi.org/10.1093/gji/ggae180,2024,JUN 22,238,2.0,974,991,10.1093/gji/ggae180,0956-540X,1365-246X
724,Revisiting Martian seismicity with deep learning-based denoising,"Dahmen, Nikolaj; Clinton, John; Stahler, Simon; Meier, Men-Andrin; Ceylan, Savas; Euchner, Fabian; Kim, Doyeon; Horleston, Anna; Duran, Cecilia; Zenhausern, Geraldine; Charalambous, Constantinos; Kawamura, Taichi; Giardini, Domenico","Kim, Doyeon/0000-0003-4594-2336; Horleston, Anna/0000-0002-6748-6522; Meier, Men-Anin/0000-0002-2949-8602; Charalambous, Constantinos/0000-0002-9139-3895; ceylan, savaş/0000-0002-2747-8907; Duran, Cecilia/0000-0003-4269-930X;",http://dx.doi.org/10.1093/gji/ggae279,2024,AUG 24,239,1.0,434,454,10.1093/gji/ggae279,0956-540X,1365-246X
733,Geomechanical modelling of injection-induced seismicity: the case study of the Muara Laboh geothermal plant,"Gerardi, G.; Dublanchet, P.; Jeannin, L.; Kazantsev, A.; Duboeuf, L.; Ramadhan, I; Azis, H.; Ganefianto, N.; Nugroho, I. A.","Gerardi, Gianluca/0000-0003-0698-5659; DUBLANCHET, Pierre/0000-0003-4903-0246",http://dx.doi.org/10.1093/gji/ggae084,2024,MAR 7,237,2.0,818,837,10.1093/gji/ggae084,0956-540X,1365-246X
744,Locating clustered seismicity using Distance Geometry Solvers: applications for sparse and single-borehole DAS networks,"Tuinstra, Katinka; Grigoli, Francesco; Lanza, Federica; Rinaldi, Antonio Pio; Fichtner, Andreas; Wiemer, Stefan","Tuinstra, Katinka/0000-0002-7018-9238; Lanza, Federica/0000-0002-8168-6766; Grigoli, Francesco/0000-0002-2858-9756; Fichtner, Aneas/0000-0003-3090-963X; Rinaldi, Antonio Pio/0000-0001-7052-8618; Wiemer, Stefan/0000-0002-4919-3283",http://dx.doi.org/10.1093/gji/ggae168,2024,JUN 8,238,2.0,661,680,10.1093/gji/ggae168,0956-540X,1365-246X
762,Towards a geodetic earthquake catalogue for Central America: detecting coseismic deformation in Costa Rica using Sentinel-1 InSAR,"Araya, Maria C.; Biggs, Juliet","Biggs, Juliet/0000-0002-4855-039X; Araya Roiguez, Maria Cristina/0000-0002-4194-8805;",http://dx.doi.org/10.1093/gji/ggae021,2024,FEB 2,237,1.0,145,158,10.1093/gji/ggae021,0956-540X,1365-246X
792,Leveraging the ETAS model to forecast mining microseismicity,"Sedghizadeh, Mohammadamin; van den Berghe, Matthew; Shcherbakov, Robert","Sedghizadeh, Mohammadamin/0000-0003-3713-3782; Shcherbakov, Robert/0000-0002-3057-0851",http://dx.doi.org/10.1093/gji/ggae236,2024,JUL 17,238,3.0,1491,1504,10.1093/gji/ggae236,0956-540X,1365-246X
852,Semi-Picking: A semi-supervised arrival time picking for microseismic monitoring based on the TransUGA network combined with SimMatch,"Wang, Qianfang; Sheng, Guanqun; Tang, Xingong; Xie, Kai","Sheng, Guanqun/0000-0002-3435-825X;",http://dx.doi.org/10.1093/gji/ggae308,2024,NOV 28,240,1.0,502,534,10.1093/gji/ggae308,0956-540X,1365-246X
878,Time-dependent and spatio-temporal statistical analysis of seismicity: application on the complete data set of the 2010 Beni-Ilmane earthquake sequence,"Rahmani, Sofiane Taki-Eddine; Abacha, Issam; Boulahia, Oualid; Yelles-Chaouche, Abdelkarim; Crespo-Martin, Cristina; Roubeche, Khaled","Roubeche, Khaled/0009-0007-9332-6470; Boulahia, Oualid/0000-0001-8062-2034; Rahmani, Sofiane Taki-Eddine/0009-0000-5122-8791; Crespo Martín, Cristina/0000-0002-8755-9784; ABACHA, Issam/0000-0002-6611-5527",http://dx.doi.org/10.1093/gji/ggad483,2024,JAN 3,236,3.0,1246,1261,10.1093/gji/ggad483,0956-540X,1365-246X
910,Upper crustal structure of the Xinfengjiang reservoir from ambient noise double beamforming tomography and its implications for induced seismicity,"Wu, Keyuan; He, Lipeng; Guo, Zhen; Luo, Bin; Chen, Yongshun John; Osotuyi, Abayomi Gaius","Osotuyi, Abayomi/0000-0002-2777-348X;",http://dx.doi.org/10.1093/gji/ggae427,2024,DEC 23,240,2.0,1096,1106,10.1093/gji/ggae427,0956-540X,1365-246X
918,Deep learning phase pickers: how well can existing models detect hydraulic-fracturing induced microseismicity from a borehole array?,"Lim, Cindy S. Y.; Lapins, Sacha; Segou, Margarita; Werner, Maximilian J.","Lim, Cindy Shin Yee/0000-0003-1977-5861; Lapins, Sacha/0000-0002-0113-0240; Werner, Maximilian/0000-0002-2430-2631",http://dx.doi.org/10.1093/gji/ggae386,2024,NOV 28,240,1.0,535,549,10.1093/gji/ggae386,0956-540X,1365-246X
938,"Multistep procedure for estimating non-linear soil response in low seismicity areas-a case study of Lucerne, Switzerland","Janusz, Paulina; Bergamo, Paolo; Bonilla, Luis Fabian; Panzera, Francesco; Roten, Daniel; Loviknes, Karina; Fah, Donat","Panzera, Francesco/0000-0003-3062-4044; Bonilla, Luis Fabian/0000-0001-6270-9822; Janusz, Paulina/0009-0009-3253-334X;",http://dx.doi.org/10.1093/gji/ggae324,2024,SEP 24,239,2.0,1133,1154,10.1093/gji/ggae324,0956-540X,1365-246X
947,Number of aftershocks in epidemic-type seismicity models,"Molchan, George; Peresan, Antonella",,http://dx.doi.org/10.1093/gji/ggae261,2024,AUG 22,239,1.0,314,328,10.1093/gji/ggae261,0956-540X,1365-246X
949,"Analysing 50 yr of the Lacq induced seismicity (Southwestern, France) highlights the role of fluid injection","Jacquemond, L.; Letort, J.; Cotton, F.; Causse, M.; Grasso, J. R.; Senechal, G.; Ammirati, J. B.; Derode, B.; Grimaud, F.; Pauchet, H.; Benhamed, S.; Sylvander, M.","Derode, Benoit/0000-0003-2375-1782; Letort, Jean/0000-0003-0200-7276; Cotton, Francois/0000-0003-0046-2478",http://dx.doi.org/10.1093/gji/ggae119,2024,MAY 6,238,1.0,214,234,10.1093/gji/ggae119,0956-540X,1365-246X
1056,"Seismicity of Ireland, and why it is so low: How the thickness of the lithosphere controls intraplate seismicity","Lebedev, Sergei; Grannell, James; Arroucau, Pierre; Bonadio, Raffaele; Agostinetti, Nicola Piana; Bean, Christopher J.","Bean, Christopher/0000-0003-3285-2446; Lebedev, Sergei/0000-0003-0004-5009; Arroucau, Pierre/0000-0003-4142-227X",http://dx.doi.org/10.1093/gji/ggad194,2023,MAY 27,235,1.0,431,447,10.1093/gji/ggad194,0956-540X,1365-246X
1113,Induced microseismicity and tremor signatures illuminate different slip behaviours in a natural shale fault reactivated by a fluid pressure stimulation (Mont Terri),"De Barros, Louis; Guglielmi, Yves; Cappa, Frederic; Nussbaum, Christophe; Birkholzer, Jens","Birkholzer, Jens/0000-0002-7989-1912; Cappa, Frédéric/0000-0003-4859-8024; DE BARROS, LOUIS/0000-0002-5541-9162",http://dx.doi.org/10.1093/gji/ggad231,2023,MAY 27,235,1.0,531,541,10.1093/gji/ggad231,0956-540X,1365-246X
1135,Temporal changes of seismicity in Salton Sea Geothermal Field due to distant earthquakes and geothermal productions,"Li, Chenyu; Peng, Zhigang; Yao, Dongdong; Meng, Xiaofeng; Zhai, Qiushi","Yao, Dongdong/0000-0002-2280-6617; Li, Chenyu/0000-0002-0442-6928; Zhai, Qiushi/0000-0003-2583-5146",http://dx.doi.org/10.1093/gji/ggac324,2023,JAN,232,1.0,287,299,10.1093/gji/ggac324,0956-540X,1365-246X
1154,Modelling of fluid pressure migration in a pressure sensitive fault zone subject to cyclic injection and implications for injection-induced seismicity,"Ji, Yinlin; Zhang, Wei; Hofmann, Hannes; Chen, Yuedu; Kluge, Christian; Zang, Arno; Zimmermann, Guenter","Chen, Yuedu/0000-0003-0338-9800; Ji, Yinlin/0000-0001-9787-7164; Zang, Arno/0000-0001-7670-5152; Hofmann, Hannes/0000-0003-0778-6141",http://dx.doi.org/10.1093/gji/ggac416,2023,NOV 9,232,3.0,1655,1667,10.1093/gji/ggac416,0956-540X,1365-246X
1187,Local seismicity around the Chain Transform Fault at the Mid-Atlantic Ridge from OBS observations,"Schlaphorst, David; Rychert, Catherine A.; Harmon, Nicholas; Hicks, Stephen P.; Bogiatzis, Petros; Kendall, J-Michael; Abercrombie, Rachel E.","Hicks, Stephen/0000-0002-7476-3284; Schlaphorst, David/0000-0001-9959-7393; Harmon, Nicholas/0000-0002-0731-768X; Bogiatzis, Petros/0000-0003-1902-7476; Kendall, John Michael/0000-0002-1486-3945",http://dx.doi.org/10.1093/gji/ggad124,2023,MAR 24,234,2.0,1111,1124,10.1093/gji/ggad124,0956-540X,1365-246X
1227,New insights into the Rhone-Simplon fault system (Swiss Alps) from a consistent earthquake catalogue covering 35 yr,"Lee, Timothy; Diehl, Tobias; Kissling, Edi; Wiemer, Stefan","Wiemer, Stefan/0000-0002-4919-3283; Lee, Timothy/0000-0003-4622-4141; Diehl, Tobias/0000-0001-6264-1506",http://dx.doi.org/10.1093/gji/ggac407,2023,NOV 9,232,3.0,1568,1589,10.1093/gji/ggac407,0956-540X,1365-246X
1240,Inferring fluid volume during earthquake swarms using seismic catalogues,"Danre, Philippe; De Barros, Louis; Cappa, Frederic","Danré, Philippe/0000-0002-1679-7216; DE BARROS, LOUIS/0000-0002-5541-9162; Cappa, Frédéric/0000-0003-4859-8024",http://dx.doi.org/10.1093/gji/ggac345,2023,OCT 12,232,2.0,829,841,10.1093/gji/ggac345,0956-540X,1365-246X
1246,Automated dispersion curve picking using multi-attribute convolutional-neural-network based machine learning,"Ren, Li; Gao, Fuchun; Wu, Yulang; Williamson, Paul; McMechan, George A.; Wang, Wenlong","Ren, Li/0000-0001-8276-7819",http://dx.doi.org/10.1093/gji/ggac383,2023,FEB,232,2.0,1173,1208,10.1093/gji/ggac383,0956-540X,1365-246X
1267,Monitoring seismicity triggered by geothermal site shutdown with a surface DAS array at Brady Hot Springs,"Lv, Hao; Zeng, Xiangfang; Chi, Benxin; Zhang, Gongbo; Thurber, Clifford","Lv, Hao/0000-0003-1795-2035;",http://dx.doi.org/10.1093/gji/ggad333,2023,JUL 27,235,2.0,1861,1871,10.1093/gji/ggad333,0956-540X,1365-246X
1275,A deep Gaussian process model for seismicity background rates,"Muir, Jack B.; Ross, Zachary E.","Muir, Jack/0000-0003-2617-3420",http://dx.doi.org/10.1093/gji/ggad074,2023,FEB 24,234,1.0,427,438,10.1093/gji/ggad074,0956-540X,1365-246X
1291,Modelling seismicity pattern of reservoir-induced earthquakes including poroelastic stressing and nucleation effects,"Zhao, Rong; Xue, Jing; Deng, Kai","Deng, Kai/0000-0003-0764-2746; zhao, rong/0000-0002-9292-0271; Xue, Jing/0000-0001-5020-988X",http://dx.doi.org/10.1093/gji/ggac361,2023,OCT 4,232,2.0,739,749,10.1093/gji/ggac361,0956-540X,1365-246X
1306,Seismicity parameters dependence on main shock-induced co-seismic stress,"Sharma, Shubham; Hainzl, Sebastian; Zoeller, Gert","Sharma, Shubham/0000-0003-2308-2347",http://dx.doi.org/10.1093/gji/ggad201,2023,MAY 27,235,1.0,509,517,10.1093/gji/ggad201,0956-540X,1365-246X
1343,Enhanced glacial earthquake catalogues with supervised machine learning for more comprehensive analysis,"Pirot, Emilie; Hibert, Clement; Mangeney, Anne","Pirot, Emilie/0000-0001-5480-7182",http://dx.doi.org/10.1093/gji/ggad402,2023,DEC 5,236,2.0,849,871,10.1093/gji/ggad402,0956-540X,1365-246X
1362,Magnitude distribution and clustering properties of the 3-D seismicity in Central Apennines (Italy),"Console, Rodolfo; Vannoli, Paola; Falcone, Giuseppe",,http://dx.doi.org/10.1093/gji/ggad017,2023,FEB 6,233,3.0,2004,2020,10.1093/gji/ggad017,0956-540X,1365-246X
1374,Seismicity modulation due to hydrological loading in a stable continental region: a case study from the Jektvik swarm sequence in Northern Norway,"Shiddiqi, Hasbi Ash; Ottemoller, Lars; Rondenay, Stephane; Custodio, Susana; Gahalaut, Vineet K.; Yadav, Rajeev K.; Halpaap, Felix; Gahalaut, Kalpna","Shiddiqi, Hasbi Ash/0000-0002-8927-0167; Custodio, Susana/0000-0001-7457-4179; Gahalaut, Vineet/0000-0003-2514-4644",http://dx.doi.org/10.1093/gji/ggad210,2023,MAY 27,235,1.0,231,246,10.1093/gji/ggad210,0956-540X,1365-246X
1395,Stable first-arrival picking through mathematical morphology and edge detection,"Gao, Lei; Hong, Haolong; Min, Fan","Hong, Haolong/0000-0003-4849-8103;",http://dx.doi.org/10.1093/gji/ggad410,2023,NOV 3,236,1.0,14,33,10.1093/gji/ggad410,0956-540X,1365-246X
1539,A hybrid method based on undecimated discrete wavelet transform and autoregressive model to S-wave automatic picking,"Shokri-Kaveh, Mohammad; Javan-Doloei, Gholam; Mansouri, Reza; Karamzadeh, Nasim; Keshavarz, Ahmad","Keshavarz, Ahmad/0000-0002-5103-8311; Mansouri, Reza/0000-0002-7260-4263; Javan Doloei, Gholam/0000-0002-6546-2412; Karamzadeh, Nasim/0000-0002-3528-853X; Shokri-Kaveh, Mohammad/0000-0002-2919-0843",http://dx.doi.org/10.1093/gji/ggac398,2023,FEB,232,2.0,1393,1407,10.1093/gji/ggac398,0956-540X,1365-246X
1545,Source mechanisms and induced seismicity in the Val d'Agri Basin (Italy),"Roselli, P.; Improta, L.; Kwiatek, G.; Martinez-Garzon, P.; Saccorotti, G.; Lombardi, A. M.",,http://dx.doi.org/10.1093/gji/ggad155,2023,APR 27,234,3.0,1617,1627,10.1093/gji/ggad155,0956-540X,1365-246X
1593,"Seasonally hydrological load and background seismicity in the intraplate collision zone, the Longmen Shan, China","She, Yawen; Zhao, Qian; Xu, Changyi; Fu, Guangyu; Jiang, Zhongshan; Liu, Xiaoxia","Zhao, Qian/0000-0002-9189-9896; She, Yawen/0000-0003-3666-2666; Xu, Changyi/0000-0002-6066-244X;",http://dx.doi.org/10.1093/gji/ggad469,2023,DEC 5,236,2.0,1013,1025,10.1093/gji/ggad469,0956-540X,1365-246X
1600,Physically motivated moment-tensor decomposition for mining-induced seismicity,"Rigby, Alex",,http://dx.doi.org/10.1093/gji/ggad430,2023,NOV 3,236,1.0,443,455,10.1093/gji/ggad430,0956-540X,1365-246X
1616,"Seismic monitoring in Greece, 1899-2014: catalogue completeness 1966-2014","Melis, N. S.; Lentas, K.; Schorlemmer, D.","Lentas, Konstantinos/0000-0003-1713-5377; Melis, Nikolaos/0000-0002-8966-4449",http://dx.doi.org/10.1093/gji/ggad285,2023,JUL 27,235,2.0,1049,1063,10.1093/gji/ggad285,0956-540X,1365-246X
1623,Estimation of location errors for local seismic network in an area with intense and weak seismicity,"Kokowski, Jakub; Rudzinski, Lukasz","Rudziński, Łukasz/0000-0003-2748-4167; Kokowski, Jakub/0000-0002-5998-5030",http://dx.doi.org/10.1093/gji/ggad102,2023,MAR 24,234,2.0,839,851,10.1093/gji/ggad102,0956-540X,1365-246X
1665,Local magnitude determination for Turkey from two independent seismic networks and a consistent M4+catalogue,"Rojo Limon, Graciela; Ouillon, G.; Kissling, E.; Sornette, D.",,http://dx.doi.org/10.1093/gji/ggac395,2023,NOV 22,232,3.0,1979,2000,10.1093/gji/ggac395,0956-540X,1365-246X
1711,Global centroid moment tensor solutions in a heterogeneous earth: the CMT3D catalogue,"Sawade, Lucas; Beller, Stephen; Lei, Wenjie; Tromp, Jeroen","Tromp, Jeroen/0000-0002-2742-8299; Sawade, Lucas/0000-0003-4501-2665",http://dx.doi.org/10.1093/gji/ggac280,2022,SEP 2,231,3.0,1727,1738,10.1093/gji/ggac280,0956-540X,1365-246X
1717,Biases in estimating b-values from small earthquake catalogues: how high are high b-values?,"Geffers, G-M; Main, I. G.; Naylor, M.","Geffers, Gina-Maria/0000-0001-5243-559X; Naylor, Mark/0000-0002-3761-5522",http://dx.doi.org/10.1093/gji/ggac028,2022,FEB 28,229,3.0,1840,1855,10.1093/gji/ggac028,0956-540X,1365-246X
1759,Coulomb threshold rate-and-state model for fault reactivation: application to induced seismicity at Groningen,"Heimisson, Elias R.; Smith, Jonathan D.; Avouac, Jean-Philippe; Bourne, Stephen J.","Avouac, Jean-Philippe/0000-0002-3060-8442; Bourne, Stephen/0000-0003-2925-8411; Heimisson, Elias/0000-0001-8342-7226",http://dx.doi.org/10.1093/gji/ggab467,2022,MAR,228,3.0,2061,2072,10.1093/gji/ggab467,0956-540X,1365-246X
1807,FastLink: a machine learning and GPU-based fast phase association method and its application to Yangbi Ms 6.4 aftershock sequences,"Yu, Ziye; Wang, Weitao",,http://dx.doi.org/10.1093/gji/ggac088,2022,MAR 31,230,1.0,673,683,10.1093/gji/ggac088,0956-540X,1365-246X
1813,The AlpArray Research Seismicity-Catalogue,"Bagagli, M.; Molinari, I; Diehl, T.; Kissling, E.; Giardini, D.","Clinton, John/0000-0001-8626-2703; Bagagli, Matteo/0000-0001-9409-8667; Diehl, Tobias/0000-0001-6264-1506; Kissling, Edi/0000-0001-9575-7951; Molinari, Irene/0000-0002-8314-1444",http://dx.doi.org/10.1093/gji/ggac226,2022,JUL 23,231,2.0,921,943,10.1093/gji/ggac226,0956-540X,1365-246X
1822,"High-rate very-long-period seismicity at Yasur volcano, Vanuatu: source mechanism and decoupling from surficial explosions and infrasound","Matoza, Robin S.; Chouet, Bernard A.; Jolly, Arthur D.; Dawson, Phillip B.; Fitzgerald, Rebecca H.; Kennedy, Ben M.; Fee, David; Iezzi, Alexandra M.; Kilgour, Geoff N.; Garaebiti, Esline; Cevuard, Sandrine","Chouet, Bernard/0000-0001-5527-0532; Fitzgerald, Rebecca/0000-0002-9835-8670; Jolly, Arthur/0000-0003-1020-9062; Fee, David/0000-0002-0936-9977; Matoza, Robin/0000-0003-4001-061X; Iezzi, Alexana/0000-0002-6782-7681",http://dx.doi.org/10.1093/gji/ggab533,2022,MAR 30,230,1.0,392,426,10.1093/gji/ggab533,0956-540X,1365-246X
1823,Stress drops of hydraulic fracturing induced microseismicity in the Horn River basin: challenges at high frequencies recorded by borehole geophones,"Klinger, Adam G.; Werner, Maximilian J.","Werner, Maximilian/0000-0002-2430-2631; Klinger, Adam/0000-0003-1264-8421",http://dx.doi.org/10.1093/gji/ggab458,2022,MAR,228,3.0,2018,2037,10.1093/gji/ggab458,0956-540X,1365-246X
1827,"Crustal structure and intraplate seismicity in Nordland, Northern Norway: insight from seismic tomography","Shiddiqi, H. A.; Ottemoller, L.; Rondenay, S.; Halpaap, F.; Gradmann, S.; Michalek, J.","Shiddiqi, Hasbi Ash/0000-0002-8927-0167;",http://dx.doi.org/10.1093/gji/ggac086,2022,APR 13,230,2.0,813,830,10.1093/gji/ggac086,0956-540X,1365-246X
1842,A discrete fracture hybrid model for forecasting diffusion-induced seismicity and power generation in enhanced geothermal systems,"Karvounis, Dimitrios; Wiemer, Stefan","Karvounis, Dimitrios/0000-0002-9364-3413;",http://dx.doi.org/10.1093/gji/ggac056,2022,MAR 24,230,1.0,84,113,10.1093/gji/ggac056,0956-540X,1365-246X
1868,Controls on the spatio-temporal patterns of induced seismicity in Groningen constrained by physics-based modelling with Ensemble-Smoother data assimilation,"Candela, Thibault; Pluymaekers, Maarten; Ampuero, Jean-Paul; Van Wees, Jan-Diederik; Buijze, Loes; Wassing, Brecht; Osinga, Sander; Grobbe, Niels; Muntendam-Bos, Annemarie G.","Ampuero, Jean Paul/0000-0002-4827-7987",http://dx.doi.org/10.1093/gji/ggab497,2022,FEB 12,229,2.0,1282,1308,10.1093/gji/ggab497,0956-540X,1365-246X
1892,Analysis of temporal variations of seismicity through non-extensive statistical physics,"Rotondi, R.; Bressan, G.; Varini, E.","Varini, Elisa/0000-0002-5365-4249; Rotondi, Renata/0000-0003-1501-9751",http://dx.doi.org/10.1093/gji/ggac118,2022,MAY 4,230,2.0,1318,1337,10.1093/gji/ggac118,0956-540X,1365-246X
1907,"Seismicity in a weak crust: the transtensional tectonics of the Brawley Seismic Zone section of the Pacific-North America Plate Boundary in Southern California, USA","Hauksson, Egill; Stock, Joann M.; Husker, Allen L.","Hauksson, Egill/0000-0002-6834-5051; Stock, Joann Miriam/0000-0003-4816-7865; Husker, Allen/0000-0003-1139-0502",http://dx.doi.org/10.1093/gji/ggac205,2022,JUL 13,231,1.0,717,735,10.1093/gji/ggac205,0956-540X,1365-246X
1932,Geometrical properties of seismicity in California,"Ross, Zachary E.; Ben-Zion, Yehuda; Zaliapin, Ilya","Zaliapin, Ilya/0000-0001-6257-0517",http://dx.doi.org/10.1093/gji/ggac189,2022,JUL 4,231,1.0,493,504,10.1093/gji/ggac189,0956-540X,1365-246X
1958,Seismicity modulation in a 3-D rate-and-state interacting fault population model,"Dublanchet, P.","DUBLANCHET, Pierre/0000-0003-4903-0246",http://dx.doi.org/10.1093/gji/ggac023,2022,FEB 28,229,3.0,1804,1823,10.1093/gji/ggac023,0956-540X,1365-246X
1959,A strategy to build a unified data set of moment magnitude estimates for low-to-moderate seismicity regions based on European-Mediterranean data: application to metropolitan France,"Laurendeau, A.; Clement, C.; Scotti, O.","Laurendeau, Aurore/0000-0002-5641-2106",http://dx.doi.org/10.1093/gji/ggac085,2022,JUN 8,230,3.0,1980,2002,10.1093/gji/ggac085,0956-540X,1365-246X
1984,A machine-learning-based method of detecting and picking the first P-wave arrivals of acoustic emission events in laboratory experiments,"Li, Ziyu; Zhu, Lupei; Officer, Timothy; Shi, Feng; Yu, Tony; Wang, Yanbin","Officer, Timothy/0000-0002-9671-9364;",http://dx.doi.org/10.1093/gji/ggac148,2022,MAY 19,230,3.0,1818,1823,10.1093/gji/ggac148,0956-540X,1365-246X
1989,Using InSAR for evaluating the accuracy of locations and focal mechanism solutions of local earthquake catalogues,"Ghayournajarkar, Nematollah; Fukushima, Yo",,http://dx.doi.org/10.1093/gji/ggac072,2022,MAR 31,230,1.0,607,622,10.1093/gji/ggac072,0956-540X,1365-246X
2001,Have the 1999 Izmit-Duzce earthquakes influenced the motion and seismicity of the Anatolian microplate?,"de Blas, J. Martin; Iaffaldano, G.; Calais, E.","Martin de Blas, Juan Ignacio/0000-0002-9190-9329",http://dx.doi.org/10.1093/gji/ggac020,2022,FEB 28,229,3.0,1754,1769,10.1093/gji/ggac020,0956-540X,1365-246X
2037,Contributions from lithospheric and upper-mantle heterogeneities to upper crustal seismicity in the Korean Peninsula,"Lee, Sungho; Saxena, Arushi; Song, Jung-Hun; Rhie, Junkee; Choi, Eunseo","Saxena, Arushi/0000-0003-2930-3497; Lee, Sungho/0000-0001-5287-9959; Rhie, Junkee/0000-0002-7836-3317; Choi, Eunseo/0000-0002-8857-6092; Song, Jung-Hun/0000-0002-3496-4436",http://dx.doi.org/10.1093/gji/ggab527,2022,JAN 31,229,2.0,1175,1192,10.1093/gji/ggab527,0956-540X,1365-246X
2065,Seasonal terrestrial water load modulation of seismicity at the southeastern margin of the Tibetan Plateau constrained by GNSS and GRACE data,"She, Yawen; Fu, Guangyu; Xu, Changyi","Xu, Changyi/0000-0002-6066-244X; She, Yawen/0000-0003-3666-2666",http://dx.doi.org/10.1093/gji/ggac168,2022,MAY 19,230,3.0,1966,1979,10.1093/gji/ggac168,0956-540X,1365-246X
2066,Fast rupture of the 2009 Mw 6.9 Canal de Ballenas earthquake in the Gulf of California dynamically triggers seismicity in California,"Fan, Wenyuan; Okuwaki, Ryo; Barbour, Andrew J.; Huang, Yihe; Lin, Guoqing; Cochran, Elizabeth S.","Cochran, Elizabeth/0000-0003-2485-4484; Barbour, Anew/0000-0002-6890-2452; Fan, Wenyuan/0000-0002-2983-8240; Okuwaki, Ryo/0000-0001-7149-4763",http://dx.doi.org/10.1093/gji/ggac059,2022,MAR 30,230,1.0,528,541,10.1093/gji/ggac059,0956-540X,1365-246X
2081,P-wave picking for earthquake early warning: refinement of a Tpd method,"Yamada, Masumi; Mori, Jim",,http://dx.doi.org/10.1093/gji/ggab349,2022,JAN,228,1.0,387,395,10.1093/gji/ggab349,0956-540X,1365-246X
2103,Productivity within the epidemic-type seismicity model,"Molchan, G.; Varini, E.; Peresan, A.","Varini, Elisa/0000-0002-5365-4249;",http://dx.doi.org/10.1093/gji/ggac269,2022,AUG 3,231,3.0,1545,1557,10.1093/gji/ggac269,0956-540X,1365-246X
2212,"Interplay of large-scale tectonic deformation and local fluid injection investigated through seismicity patterns at the Reykjanes Geothermal Field, Iceland","Duboeuf, Laure; Dichiarante, Anna Maria; Oye, Volker","Dichiarante, Anna Maria/0000-0002-1535-4579; Oye, Volker/0000-0003-4278-4846",http://dx.doi.org/10.1093/gji/ggab423,2022,MAR,228,3.0,1866,1886,10.1093/gji/ggab423,0956-540X,1365-246X
2247,DeepPhasePick: a method for detecting and picking seismic phases from local earthquakes based on highly optimized convolutional and recurrent deep neural networks,"Soto, Hugo; Schurr, Bernd","Schurr, Bernd/0000-0002-3746-9166; Soto, Hugo/0000-0001-9734-7120",http://dx.doi.org/10.1093/gji/ggab266,2021,NOV,227,2.0,1268,1294,10.1093/gji/ggab266,0956-540X,1365-246X
2250,"Detailed traveltime tomography and seismic catalogue around the 2019 Mw7.1 Ridgecrest, California, earthquake using dense rapid-response seismic data","White, Malcolm C. A.; Fang, Hongjian; Catchings, Rufus D.; Goldman, Mark R.; Steidl, Jamison H.; Ben-Zion, Yehuda","White, Malcolm/0000-0001-7543-3896; Catchings, Rufus/0000-0002-5191-6102; Fang, Hongjian/0000-0001-7029-9931;",http://dx.doi.org/10.1093/gji/ggab224,2021,OCT,227,1.0,204,227,10.1093/gji/ggab224,0956-540X,1365-246X
2253,On the relationship between strain rate and seismicity in the India-Asia collision zone: implications for probabilistic seismic hazard,"Stevens, V. L.; Avouac, J-P","Avouac, Jean-Philippe/0000-0002-3060-8442; Stevens, Victoria/0000-0003-3174-9949",http://dx.doi.org/10.1093/gji/ggab098,2021,JUL,226,1.0,220,245,10.1093/gji/ggab098,0956-540X,1365-246X
2259,Application of a convolutional neural network for seismic phase picking of mining-induced seismicity,"Johnson, Sean W.; Chambers, Derrick J. A.; Boltz, Michael S.; Koper, Keith D.","Chambers, Derrick/0000-0003-3656-6607; Boltz, M Shawn/0000-0002-9690-1967",http://dx.doi.org/10.1093/gji/ggaa449,2021,JAN,224,1.0,230,240,10.1093/gji/ggaa449,0956-540X,1365-246X
2273,"An automatically generated high-resolution earthquake catalogue for the 2016-2017 Central Italy seismic sequence, including P and S phase arrival times","Spallarossa, D.; Cattaneo, M.; Scafidi, D.; Michele, M.; Chiaraluce, L.; Segou, M.; Main, I. G.","SCAFIDI, DAVIDE/0000-0002-4872-0213; Segou, Margarita/0000-0001-8119-4019",http://dx.doi.org/10.1093/gji/ggaa604,2021,APR,225,1.0,555,571,10.1093/gji/ggaa604,0956-540X,1365-246X
2274,Testing of the foreshock hypothesis within an epidemic like description of seismicity,"Petrillo, G.; Lippiello, E.","Petrillo, Giuseppe/0000-0002-2339-559X",http://dx.doi.org/10.1093/gji/ggaa611,2021,MAY,225,2.0,1236,1257,10.1093/gji/ggaa611,0956-540X,1365-246X
2304,"Lateral fluid propagation and strike slip fault reactivation related to hydraulic fracturing and induced seismicity in the Duvernay Formation, Fox Creek area, Alberta","Konstantinovskaya, Elena; Li, Qiuguo; Zhmodik, Alexey; Ibelegbu, Charles; Schultz, Ryan; Shipman, Todd","Schultz, Ryan/0000-0002-1796-9622; Konstantinovskaya, Elena/0000-0003-4347-4030",http://dx.doi.org/10.1093/gji/ggab234,2021,OCT,227,1.0,518,543,10.1093/gji/ggab234,0956-540X,1365-246X
2345,Relocating microseismicity from downhole monitoring of the Decatur CCS site using a modified double-difference algorithm,"Dando, B. D. E.; Goertz-Allmann, B. P.; Kuhn, D.; Langet, N.; Dichiarante, A. M.; Oye, V.","Oye, Volker/0000-0003-4278-4846; Dichiarante, Anna Maria/0000-0002-1535-4579; Goertz-Allmann, Bettina P/0000-0002-1571-6373; Dando, Ben/0000-0002-5882-6142; Kühn, Daniela/0000-0002-2448-1510; Langet, Nadège/0000-0002-3203-7604",http://dx.doi.org/10.1093/gji/ggab255,2021,NOV,227,2.0,1094,1122,10.1093/gji/ggab255,0956-540X,1365-246X
2346,Two global ensemble seismicity models obtained from the combination of interseismic strain measurements and earthquake-catalogue information,"Bayona, J. A.; Savran, W.; Strader, A.; Hainzl, S.; Cotton, F.; Schorlemmer, D.","Bayona, José Antonio/0000-0002-3026-0327",http://dx.doi.org/10.1093/gji/ggaa554,2021,MAR,224,3.0,1945,1955,10.1093/gji/ggaa554,0956-540X,1365-246X
2362,Classification of tectonic and non-tectonic seismicity based on convolutional neural network,"Liu, Xinliang; Ren, Tao; Chen, Hongfeng; Chen, Yufeng",,http://dx.doi.org/10.1093/gji/ggaa444,2021,JAN,224,1.0,191,198,10.1093/gji/ggaa444,0956-540X,1365-246X
2391,A new catalogue of toroidal-mode overtone splitting function measurements,"Schneider, Simon; Deuss, Arwen","Deuss, Arwen/0000-0003-3193-5987",http://dx.doi.org/10.1093/gji/ggaa567,2021,APR,225,1.0,329,341,10.1093/gji/ggaa567,0956-540X,1365-246X
2413,"Seismicity around the trench axis and outer-rise region of the southern Japan Trench, south of the main rupture area of the 2011 Tohoku-oki earthquake","Obana, Koichiro; Fujie, Gou; Yamamoto, Yojiro; Kaiho, Yuka; Nakamura, Yasuyuki; Miura, Seiichi; Kodaira, Shuichi","Fujie, Gou/0000-0002-6292-7034; Yamamoto, Yojiro/0000-0002-0224-8603; Miura, Seiichi/0000-0002-9009-6039; Nakamura, Yasuyuki/0000-0001-6750-2791; Obana, Koichiro/0000-0001-7831-4737",http://dx.doi.org/10.1093/gji/ggab093,2021,JUL,226,1.0,131,145,10.1093/gji/ggab093,0956-540X,1365-246X
2422,Aseismic deformations perturb the stress state and trigger induced seismicity during injection experiments,"Duboeuf, Laure; De Barros, Louis; Kakurina, Maria; Guglielmi, Yves; Cappa, Frederic; Valley, Benoit","Valley, Benoît/0000-0003-4632-0504; DE BARROS, LOUIS/0000-0002-5541-9162; Cappa, Frédéric/0000-0003-4859-8024",http://dx.doi.org/10.1093/gji/ggaa515,2021,FEB,224,2.0,1465,1476,10.1093/gji/ggaa515,0956-540X,1365-246X
2437,Back to the future: old methods for new estimation and test of the Gutenberg-Richter b-value for catalogues with variable completeness,"Taroni, Matteo","Taroni, Matteo/0000-0001-6999-4590",http://dx.doi.org/10.1093/gji/ggaa464,2021,JAN,224,1.0,337,339,10.1093/gji/ggaa464,0956-540X,1365-246X
2444,"Evidence for reactivation of new faults and seismicity migration away from the causative fault of the 2001 MW 7.7 Bhuj earthquake, western India","Paul, Himangshu; Kumar, M. Ravi; Kumar, Santosh","Paul, Himangshu/0000-0002-7760-8749;",http://dx.doi.org/10.1093/gji/ggab188,2021,SEP,226,3.0,1800,1813,10.1093/gji/ggab188,0956-540X,1365-246X
2478,Seismicity in far western Nepal reveals flats and ramps along the Main Himalayan Thrust,"Laporte, M.; Bollinger, L.; Lyon-Caen, H.; Hoste-Colomer, R.; Duverger, C.; Letort, J.; Riesner, M.; Koirala, B. P.; Bhattarai, M.; Kandel, T.; Timsina, C.; Adhikari, L. B.","Duverger, Clara/0000-0002-7814-1546; Laporte, Marine/0000-0001-8978-0661; Lyon-Caen, Hélène/0000-0002-6331-0108; Letort, Jean/0000-0003-0200-7276; Riesner, Magali/0000-0002-9047-2903; Kandel, Thakur Prasad/0009-0004-0405-6826",http://dx.doi.org/10.1093/gji/ggab159,2021,SEP,226,3.0,1747,1763,10.1093/gji/ggab159,0956-540X,1365-246X
2479,Seismicity clusters in Central Chile: investigating the role of repeating earthquakes and swarms in a subduction region,"Valenzuela-Malebran, Carla; Cesca, Simone; Ruiz, Sergio; Passarelli, Luigi; Leyton, Felipe; Hainzl, Sebastian; Potin, Bertrand; Dahm, Torsten","Dahm, Torsten/0000-0001-6432-7422; Valenzuela-Malebran, Carla/0000-0001-9139-9130; Passarelli, Luigi/0000-0001-8995-8765; Ruiz, Sergio/0000-0003-1758-0788",http://dx.doi.org/10.1093/gji/ggaa562,2021,MAR,224,3.0,2028,2043,10.1093/gji/ggaa562,0956-540X,1365-246X
2494,Elastoplastic source model for microseismicity and acoustic emission,"Minakov, Alexander; Yarushina, Viktoriya","Minakov, Alexander/0000-0003-2750-6426",http://dx.doi.org/10.1093/gji/ggab207,2021,OCT,227,1.0,33,53,10.1093/gji/ggab207,0956-540X,1365-246X
2543,Machine-learning-based detection of volcano seismicity using the spatial pattern of amplitudes,"Maeda, Yuta; Yamanaka, Yoshiko; Ito, Takeo; Horikawa, Shinichiro",,http://dx.doi.org/10.1093/gji/ggaa593,2021,APR,225,1.0,416,444,10.1093/gji/ggaa593,0956-540X,1365-246X
2550,Relative earthquake location procedure for clustered seismicity with a single station,"Grigoli, Francesco; Ellsworth, William L.; Zhang, Miao; Mousavi, Mostafa; Cesca, Simone; Satriano, Claudio; Beroza, Gregory C.; Wiemer, Stefan","Zhang, Miao/0000-0002-2555-7134; Satriano, Claudio/0000-0002-3039-2530; Grigoli, Francesco/0000-0002-2858-9756;",http://dx.doi.org/10.1093/gji/ggaa607,2021,APR,225,1.0,608,626,10.1093/gji/ggaa607,0956-540X,1365-246X
2566,The influence of fluids in the unusually high-rate seismicity in the Ometepec segment of the Mexican subduction zone,"Legrand, D.; Iglesias, A.; Singh, S. K.; Cruz-Atienza, V; Yoon, C.; Dominguez, L. A.; Valenzuela, R. W.; Suarez, G.; Castro-Artola, O.","Yoon, Clara/0000-0003-4521-3889; LEGRAND, Denis/0000-0003-2620-5525; Cruz-Atienza, Víctor M/0000-0001-7067-2636; Castro-Artola, Oscar Alberto/0000-0001-5266-4421; Dominguez, Luis Antonio/0000-0001-7272-871X;",http://dx.doi.org/10.1093/gji/ggab106,2021,JUL,226,1.0,524,535,10.1093/gji/ggab106,0956-540X,1365-246X
2581,"On the aftershock productivity in mining-induced seismicity-insight into seismicity of Rudna copper ore mine, Poland","Kozlowska, Maria; Jamroz, Mateusz; Olszewska, Dorota","Olszewska, Dorota/0000-0003-3714-3518;",http://dx.doi.org/10.1093/gji/ggaab13,2021,MAY,225,2.0,1258,1270,10.1093/gji/ggaab13,0956-540X,1365-246X
2588,Detection of temporal change in near-source attenuation during intense fluid-driven seismicity following the 2011 Tohoku-Oki earthquake,"Yoshida, Keisuke","Yoshida, Keisuke/0000-0002-1058-9811",http://dx.doi.org/10.1093/gji/ggaa421,2021,JAN,224,1.0,138,150,10.1093/gji/ggaa421,0956-540X,1365-246X
2604,Seismicity in the central and southeastern United States due to upper mantle heterogeneities,"Saxena, Arushi; Choi, Eunseo; Powell, Christine A.; Aslam, Khurram S.","Saxena, Arushi/0000-0003-2930-3497; Choi, Eunseo/0000-0002-8857-6092",http://dx.doi.org/10.1093/gji/ggab051,2021,JUN,225,3.0,1624,1636,10.1093/gji/ggab051,0956-540X,1365-246X
2606,A consistent and high-quality M4+earthquake catalogue for Turkey 2007-2016 from two independent catalogues,"Limon, G. Rojo; Kissling, E.; Ouillon, G.; Sornette, D.","Kissling, Edi/0000-0001-9575-7951",http://dx.doi.org/10.1093/gji/ggaa616,2021,APR,225,1.0,711,728,10.1093/gji/ggaa616,0956-540X,1365-246X
2642,"Time-dependent and spatiotemporal statistical analysis of intraplate anomalous seismicity: Sarria-Triacastela-Becerrea (NW Iberian Peninsula, Spain)","Crespo-Martin, Cristina; Martin-Gonzalez, Fidel; Yazdi, Pouye; Hainzl, Sebastian; Rincon, Marta","Martin-González, Fidel/0000-0002-5239-1846; Crespo Martín, Cristina/0000-0002-8755-9784; Rincón, Marta/0000-0003-3469-9190; Yazdi, Pouye/0000-0002-5784-5317",http://dx.doi.org/10.1093/gji/ggaa595,2021,APR,225,1.0,477,493,10.1093/gji/ggaa595,0956-540X,1365-246X
2653,Has the Tibetan Plateau risen in the Early/Mid-Miocene? Constraints from plate-motion reconstructions and seismicity of the Indian Ocean lithosphere,"Iaffaldano, Giampiero",,http://dx.doi.org/10.1093/gji/ggab027,2021,MAY,225,2.0,1349,1358,10.1093/gji/ggab027,0956-540X,1365-246X
2692,"Ground-motion prediction models evoked by seismicity in the Upper Silesia Coal Basin, Poland, the review with case studies","Mendecki, Maciej J.; Odrobinska, Judyta; Patynska, Renata; Idziak, Adam F.","Mendecki, Maciej/0000-0003-0952-3302; Idziak, Adam/0000-0001-6581-9023",http://dx.doi.org/10.1093/gji/ggaa525,2021,FEB,224,2.0,1382,1404,10.1093/gji/ggaa525,0956-540X,1365-246X
2741,"Evidence for reactivation of new faults and seismicity migration away from the causative fault of the 2001 MW 7.7 Bhuj earthquake, western India (vol 226, pg 1800, 2021)","Paul, Himangshu; Kumar, M. Ravi; Kumar, Santosh","Paul, Himangshu/0000-0002-7760-8749",http://dx.doi.org/10.1093/gji/ggab335,2021,DEC,227,3.0,1937,1937,10.1093/gji/ggab335,0956-540X,1365-246X
2750,"The 2018-2019 seismo-volcanic crisis east of Mayotte, Comoros islands: seismicity and ground deformation markers of an exceptional submarine eruption","Lemoine, Anne; Briole, Pierre; Bertil, Didier; Roulle, Agathe; Foumelis, Michael; Thinon, Isabelle; Raucoules, Daniel; de Michele, Marcello; Valty, Pierre; Colomer, Roser Hoste","THINON, Isabelle/0000-0001-8358-2699; Lemoine, Anne/0000-0002-2545-0193; Briole, Pierre/0000-0001-6805-6295; Roullé, Agathe/0000-0002-5581-6643; de Michele, Marcello/0000-0001-5059-0684; BERTIL, Didier/0000-0002-6258-4043; Foumelis, Michael/0000-0003-1705-8105; Raucoules, Daniel/0000-0003-1715-3743",http://dx.doi.org/10.1093/gji/ggaa273,2020,OCT 1,223,1.0,22,44,10.1093/gji/ggaa273,0956-540X,1365-246X
2759,Localization and coalescence of seismicity before large earthquakes,"Ben-Zion, Yehuda; Zaliapin, Ilya","Zaliapin, Ilya/0000-0001-6257-0517",http://dx.doi.org/10.1093/gji/ggaa315,2020,OCT 1,223,1.0,561,583,10.1093/gji/ggaa315,0956-540X,1365-246X
2760,Automatic microseismic event picking via unsupervised machine learning,"Chen, Yangkang",,http://dx.doi.org/10.1093/gji/ggaa186,2020,SEP,222,3.0,1750,1764,10.1093/gji/ggaa186,0956-540X,1365-246X
2768,Relocated aftershocks and background seismicity in eastern Indonesia shed light on the 2018 Lombok and Palu earthquake sequences,"Supendi, P.; Nugraha, A. D.; Widiyantoro, S.; Pesicek, J. D.; Thurber, C. H.; Abdullah, C., I; Daryono, D.; Wiyono, S. H.; Shiddiqi, H. A.; Rosalia, S.","Shiddiqi, Hasbi Ash/0000-0002-8927-0167; rosalia, shindy/0000-0002-3570-6594; Pesicek, Jeremy/0000-0001-7964-5845; Supendi, Pepen/0000-0002-9784-9865",http://dx.doi.org/10.1093/gji/ggaa118,2020,JUN,221,3.0,1845,1855,10.1093/gji/ggaa118,0956-540X,1365-246X
2769,Methodology to identify the reference rock sites in regions of medium-to-high seismicity: an application in Central Italy,"Lanzano, Giovanni; Felicetta, Chiara; Pacor, Francesca; Spallarossa, Daniele; Traversa, Paola","Pacor, Francesca/0000-0001-5745-0414; Lanzano, Giovanni/0000-0001-7947-4281; SPALLAROSSA, Daniele/0000-0002-8021-3908",http://dx.doi.org/10.1093/gji/ggaa261,2020,SEP,222,3.0,2053,2067,10.1093/gji/ggaa261,0956-540X,1365-246X
2790,"Probabilistic earthquake locations of induced seismicity in the Groningen region, the Netherlands","Smith, Jonathan D.; White, Robert S.; Avouac, Jean-Philippe; Bourne, Stephen","Bourne, Stephen/0000-0003-2925-8411",http://dx.doi.org/10.1093/gji/ggaa179,2020,JUL,222,1.0,507,516,10.1093/gji/ggaa179,0956-540X,1365-246X
2885,"Seismic monitoring in the Gugla rock glacier (Switzerland): ambient noise correlation, microseismicity and modelling","Guillemot, Antoine; Helmstetter, Agnes; Larose, Eric; Baillet, Laurent; Garambois, Stephane; Mayoraz, Raphael; Delaloye, Reynald","Delaloye, Reynald/0000-0002-2037-2018; Garambois, Stephane/0000-0002-6401-1943",http://dx.doi.org/10.1093/gji/ggaa097,2020,JUN,221,3.0,1719,1735,10.1093/gji/ggaa097,0956-540X,1365-246X
2893,Imaging the subsurface using induced seismicity and ambient noise: 3-D tomographic Monte Carlo joint inversion of earthquake body wave traveltimes and surface wave dispersion,"Zhang, Xin; Roy, Corinna; Curtis, Andrew; Nowacki, Andy; Baptie, Brian","Nowacki, Andy/0000-0001-7669-7383; Baptie, Brian/0000-0001-6748-1740; Roy, Corinna/0000-0002-0524-3402; Zhang, Xin/0000-0003-0344-1453",http://dx.doi.org/10.1093/gji/ggaa230,2020,SEP,222,3.0,1639,1655,10.1093/gji/ggaa230,0956-540X,1365-246X
2911,"Seismicity induced by massive wastewater injection near Puerto Gaitan, Colombia","Molina, I; Velasquez, J. S.; Rubinstein, J. L.; Garcia-Aristizabal, A.; Dionicio, V","Molina Polania, Claudia Indira/0000-0003-2300-1690; Garcia, Alexander/0000-0001-9196-8452; Rubinstein, Justin/0000-0003-1274-6785; Dionicio, Viviana/0000-0002-6545-2222",http://dx.doi.org/10.1093/gji/ggaa326,2020,NOV,223,2.0,777,791,10.1093/gji/ggaa326,0956-540X,1365-246X
2916,Seismoelectric monitoring of aquifers using local seismicity-a feasibility study,"Dzieran, L.; Thorwart, M.; Rabbel, W.","Dzieran, Laura/0000-0002-7370-9980",http://dx.doi.org/10.1093/gji/ggaa206,2020,AUG,222,2.0,874,892,10.1093/gji/ggaa206,0956-540X,1365-246X
3000,Clustering characteristics of gas-extraction induced seismicity in the Groningen gas field,"Muntendam-Bos, A. G.",,http://dx.doi.org/10.1093/gji/ggaa038,2020,MAY,221,2.0,879,892,10.1093/gji/ggaa038,0956-540X,1365-246X
3001,The short-term seismicity of the Central Ionian Islands (Greece) studied by means of a clustering model,"Mangira, Ourania; Console, Rodolfo; Papadimitriou, Eleftheria; Murru, Maura; Karakostas, Vasilios","Papadimitriou, Eleftheria/0000-0003-3574-2787",http://dx.doi.org/10.1093/gji/ggz481,2020,FEB,220,2.0,856,875,10.1093/gji/ggz481,0956-540X,1365-246X
3030,Injection-induced seismicity: strategies for reducing risk using high stress path reservoirs and temperature-induced stress preconditioning,"Fryer, B.; Siddiqi, G.; Laloui, L.","Fryer, Barnaby/0000-0002-4021-1238; Laloui, Lyesse/0000-0001-6119-6471",http://dx.doi.org/10.1093/gji/ggz490,2020,FEB,220,2.0,1436,1446,10.1093/gji/ggz490,0956-540X,1365-246X
3092,Mapping of Eastern North Atlantic Ocean seismicity from Po/So observations at a mid-aperture seismological broad-band deep sea array,"Krueger, Frank; Dahm, Torsten; Hannemann, Katrin","Hannemann, Katrin/0000-0003-3782-1606;",http://dx.doi.org/10.1093/gji/ggaa054,2020,MAY,221,2.0,1055,1080,10.1093/gji/ggaa054,0956-540X,1365-246X
3120,Parametric analysis of the elastohydrodynamic lubrication efficiency on induced seismicity,"Cornelio, Chiara; Violay, Marie","Violay, Marie/0000-0002-7402-8263; Cornelio, Chiara/0000-0003-2009-4123",http://dx.doi.org/10.1093/gji/ggaa180,2020,JUL,222,1.0,517,+,10.1093/gji/ggaa180,0956-540X,1365-246X
3162,"Evaluation of a pair-based, joint-likelihood association approach for regional infrasound event identification","Blom, Philip; Euler, Garrett; Marcillo, Omar; Dugick, Fransiska Dannemann",,http://dx.doi.org/10.1093/gji/ggaa105,2020,JUN,221,3.0,1750,1764,10.1093/gji/ggaa105,0956-540X,1365-246X
3241,"Tracking earthquake sequences in real time: application of Seismicity-Scanning based on Navigated Automatic Phase-picking (S-SNAP) to the 2019 Ridgecrest, California sequence","Tan, Fengzhou; Kao, Honn; Nissen, Edwin; Visser, Ryan","Nissen, Edwin/0000-0002-0406-2706",http://dx.doi.org/10.1093/gji/ggaa387,2020,DEC,223,3.0,1511,1524,10.1093/gji/ggaa387,0956-540X,1365-246X
3279,Wide-area seismicity anomalies before the 2011 Tohoku-Oki earthquake,"Kumazawa, Takao; Ogata, Yosihiko; Toda, Shinji","Kumazawa, Takao/0000-0003-2435-640X",http://dx.doi.org/10.1093/gji/ggaa356,2020,NOV,223,2.0,1304,1312,10.1093/gji/ggaa356,0956-540X,1365-246X
3308,"Automatic microseismic event picking via unsupervised machine learning (Expression of Concern of Vol 212, Pg 88, 2018)","Chen, Yangkang",,http://dx.doi.org/10.1093/gji/ggaa134,2020,JUN,221,3.0,2051,2051,10.1093/gji/ggaa134,0956-540X,1365-246X
3330,"RETRACTION: Automatic microseismic event picking via unsupervised machine learning (Retraction of Vol 212, Pg 88, 2018)",[Anonymous],,,2020,SEP,222,3.0,1896,1897,,0956-540X,1365-246X
3334,PhaseNet: a deep-neural-network-based seismic arrival-time picking method,"Zhu, Weiqiang; Beroza, Gregory C.","Zhu, Weiqiang/0000-0003-2889-1493",http://dx.doi.org/10.1093/gji/ggy423,2019,JAN,216,1.0,261,273,10.1093/gji/ggy423,0956-540X,1365-246X
3370,Along-strike variation in slab geometry at the southern Mariana subduction zone revealed by seismicity through ocean bottom seismic experiments,"Zhu, Gaohua; Yang, Hongfeng; Lin, Jian; Zhou, Zhiyuan; Xu, Min; Sun, Jinlong; Wan, Kuiyuan","Lin, Jian/0000-0002-6831-2014; ZHU, Gaohua/0000-0003-4186-7375; Zhou, Zhiyuan/0000-0002-8963-3167; Xu, Min/0000-0001-6475-0394; Yang, Hongfeng/0000-0002-5925-6487",http://dx.doi.org/10.1093/gji/ggz272,2019,SEP,218,3.0,2122,2135,10.1093/gji/ggz272,0956-540X,1365-246X
3372,Microseismicity reveals fault activation before Mw 4.1 hydraulic-fracturing induced earthquake,"Eyre, Thomas S.; Eaton, David W.; Zecevic, Megan; D'Amico, David; Kolos, Danylo","Eyre, Thomas/0000-0003-3082-0213; Eaton, David William/0000-0001-6495-6093",http://dx.doi.org/10.1093/gji/ggz168,2019,JUL,218,1.0,534,546,10.1093/gji/ggz168,0956-540X,1365-246X
3457,An extensive study of clustering features of seismicity in Italy from 2005 to 2016,"Zhuang, Jiancang; Murru, Maura; Falcone, Giuseppe; Guo, Yicun","Zhuang, Jiancang/0000-0002-9708-3871",http://dx.doi.org/10.1093/gji/ggy428,2019,JAN,216,1.0,302,318,10.1093/gji/ggy428,0956-540X,1365-246X
3477,"Locating and monitoring microseismicity, hydraulic fracture and earthquake rupture using elastic time-reversal imaging","Yang, Jidong; Zhu, Hejun","Yang, Jidong/0000-0002-6652-5366; Zhu, Hejun/0000-0002-7452-075X",http://dx.doi.org/10.1093/gji/ggy460,2019,JAN,216,1.0,726,744,10.1093/gji/ggy460,0956-540X,1365-246X
3720,Automated seismic waveform location using Multichannel Coherency Migration (MCM)-II. Application to induced and volcano-tectonic seismicity,"Shi, Peidong; Nowacki, Andy; Rost, Sebastian; Angus, Doug","Shi, Peidong/0000-0001-5782-245X; Rost, Sebastian/0000-0003-0218-247X; Nowacki, Andy/0000-0001-7669-7383",http://dx.doi.org/10.1093/gji/ggy507,2019,MAR,216,3.0,1608,1632,10.1093/gji/ggy507,0956-540X,1365-246X
3732,Relative moment tensors and deep Yakutat seismicity,"Plourde, Alexandre P.; Bostock, Michael G.","Plourde, Alexane/0000-0001-8519-9271",http://dx.doi.org/10.1093/gji/ggz375,2019,NOV,219,2.0,1447,1462,10.1093/gji/ggz375,0956-540X,1365-246X
3785,Anthropogenic seismicity as aftershocks for geo-resource production? Implications for Mmax estimates (reservoir impoundment cases),"Grasso, J-R; Amorese, D.; Karimov, A.","grasso, jean-robert/0000-0002-9580-7864",http://dx.doi.org/10.1093/gji/ggz337,2019,NOV,219,2.0,958,967,10.1093/gji/ggz337,0956-540X,1365-246X
3810,3-D attenuation tomography from microseismicity in a mine,"Barthwal, Himanshu; Calixto, Frank J.; van der Baan, Mirko","Barthwal, Himanshu/0000-0003-2189-1853",http://dx.doi.org/10.1093/gji/ggz396,2019,DEC,219,3.0,1805,1817,10.1093/gji/ggz396,0956-540X,1365-246X
3822,Application based seismological array design by seismicity scenario modelling,"Karamzadeh, N.; Heimann, S.; Dahm, T.; Krueger, F.","Karamzadeh, Nasim/0000-0002-3528-853X; Heimann, Sebastian/0000-0003-0096-7193; Dahm, Torsten/0000-0001-6432-7422;",http://dx.doi.org/10.1093/gji/ggy523,2019,MAR,216,3.0,1711,1727,10.1093/gji/ggy523,0956-540X,1365-246X
3904,"RETRACTED: Automatic microseismic event picking via unsupervised machine learning (Publication with Expression of Concern. See vol. 221, pg. 2051, 2020) (Retracted article. See vol. 222, pg. 1896, 2020)","Chen, Yangkang",,http://dx.doi.org/10.1093/gji/ggx420,2018,JAN,212,1.0,88,102,10.1093/gji/ggx420,0956-540X,1365-246X
3911,Increased likelihood of induced seismicity in highly overpressured shale formations,"Eaton, David W.; Schultz, Ryan","Schultz, Ryan/0000-0002-1796-9622",http://dx.doi.org/10.1093/gji/ggy167,2018,JUL,214,1.0,751,757,10.1093/gji/ggy167,0956-540X,1365-246X
3928,Pick- and waveform-based techniques for real-time detection of induced seismicity,"Grigoli, Francesco; Scarabello, Luca; Bose, Maren; Weber, Bernd; Wiemer, Stefan; Clinton, John F.","Böse, Maren/0000-0003-4639-719X; Wiemer, Stefan/0000-0002-4919-3283; Grigoli, Francesco/0000-0002-2858-9756; Clinton, John/0000-0001-8626-2703;",http://dx.doi.org/10.1093/gji/ggy019,2018,MAY,213,2.0,868,884,10.1093/gji/ggy019,0956-540X,1365-246X
3932,The exponential rise of induced seismicity with increasing stress levels in the Groningen gas field and its implications for controlling seismic risk,"Bourne, S. J.; Oates, S. J.; van Elk, J.","Bourne, Stephen/0000-0003-2925-8411",http://dx.doi.org/10.1093/gji/ggy084,2018,JUN,213,3.0,1693,1700,10.1093/gji/ggy084,0956-540X,1365-246X
3940,Dynamics of microseismicity and its relationship with the active structures in the western Corinth Rift (Greece),"Duverger, C.; Lambotte, S.; Bernard, P.; Lyon-Caen, H.; Deschamps, A.; Nercessian, A.","Lambotte, Sophie/0000-0003-1078-3419; Lyon-Caen, Hélène/0000-0002-6331-0108; Deschamps, Anne/0000-0002-6209-9814; Duverger, Clara/0000-0002-7814-1546",http://dx.doi.org/10.1093/gji/ggy264,2018,OCT,215,1.0,196,221,10.1093/gji/ggy264,0956-540X,1365-246X
3981,Reservoir creep and induced seismicity: inferences from geomechanical modeling of gas depletion in the Groningen field,"van Wees, Jan-Diederik; Osinga, Sander; Van Thienen-Visser, Karin; Fokker, Peter A.","Fokker, Peter/0000-0001-9366-1497",http://dx.doi.org/10.1093/gji/ggx452,2018,MAR,212,3.0,1487,1497,10.1093/gji/ggx452,0956-540X,1365-246X
4029,Natural time and nowcasting induced seismicity at the Groningen gas field in the Netherlands,"Luginbuhl, Molly; Rundle, John B.; Turcotte, Donald L.","Luginbuhl, Molly/0000-0003-2744-0068",http://dx.doi.org/10.1093/gji/ggy315,2018,NOV,215,2.0,753,759,10.1093/gji/ggy315,0956-540X,1365-246X
4081,Relocation of recent seismicity and seismotectonic properties in the Gulf of Corinth (Greece),"Mesimeri, Maria; Karakostas, Vassilios; Papadimitriou, Eleftheria; Tsaklidis, George; Jacobs, Katrina","Papadimitriou, Eleftheria/0000-0003-3574-2787; Tsaklidis, George/0000-0002-9013-8446; Mesimeri, Maria/0000-0001-6940-1759",http://dx.doi.org/10.1093/gji/ggx450,2018,FEB,212,2.0,1123,1142,10.1093/gji/ggx450,0956-540X,1365-246X
4093,Induced seismicity at the UK 'hot dry rock' test site for geothermal energy production,"Li, Xun; Main, Ian; Jupe, Andrew","Li, Xun/0000-0001-9203-4205; Main, Ian Graham/0000-0001-7031-6746",http://dx.doi.org/10.1093/gji/ggy135,2018,JUL,214,1.0,331,344,10.1093/gji/ggy135,0956-540X,1365-246X
4124,Focal mechanism determination for induced seismicity using the neighbourhood algorithm,"Tan, Yuyang; Zhang, Haijiang; Li, Junlun; Yin, Chen; Wu, Furong","Tan, Yuyang/0000-0002-8255-0940",http://dx.doi.org/10.1093/gji/ggy224,2018,SEP,214,3.0,1715,1731,10.1093/gji/ggy224,0956-540X,1365-246X
4135,"Moment tensor inversion with three-dimensional sensor configuration of mining induced seismicity (Kiruna mine, Sweden)","Ma, Ju; Dineva, Savka; Cesca, Simone; Heimann, Sebastian","Cesca, Simone/0000-0001-9419-3904; Heimann, Sebastian/0000-0003-0096-7193",http://dx.doi.org/10.1093/gji/ggy115,2018,JUN,213,3.0,2147,2160,10.1093/gji/ggy115,0956-540X,1365-246X
4146,Evolution of seismicity in relation to fluid injection in the North-Western part of The Geysers geothermal field,"Leptokaropoulos, Konstantinos; Staszek, Monika; Lasocki, Stanislaw; Martinez-Garzon, Patricia; Kwiatek, Grzegorz","Lasocki, Stanislaw/0000-0002-3443-6473; Staszek, Monika/0000-0001-7473-6895; Kwiatek, Grzegorz/0000-0003-1076-615X; Leptokaropoulos, Konstantinos/0000-0002-7524-0709",http://dx.doi.org/10.1093/gji/ggx481,2018,FEB,212,2.0,1157,1166,10.1093/gji/ggx481,0956-540X,1365-246X
4157,Seismicity in the source areas of the 1896 and 1933 Sanriku earthquakes and implications for large near-trench earthquake faults,"Obana, Koichiro; Nakamura, Yasuyuki; Fujie, Gou; Kodaira, Shuichi; Kaiho, Yuka; Yamamoto, Yojiro; Miura, Seiichi","Fujie, Gou/0000-0002-6292-7034; Obana, Koichiro/0000-0001-7831-4737; Nakamura, Yasuyuki/0000-0001-6750-2791",http://dx.doi.org/10.1093/gji/ggx532,2018,MAR,212,3.0,2061,2072,10.1093/gji/ggx532,0956-540X,1365-246X
4159,A new geodynamic model related to seismicity beneath the southeastern margin of the Tibetan Plateau revealed by regional tomography,"Hua, Yujin; Zhang, Shuangxi; Li, Mengkui; Wu, Tengfei; Qin, Weibing; Wang, Fang; Zhang, Bo","Wang, Fang/0000-0002-5198-4404; Wu, Tengfei/0000-0003-2613-8959; Hua, Yujin/0009-0009-7447-400X",http://dx.doi.org/10.1093/gji/ggy183,2018,AUG,214,2.0,933,951,10.1093/gji/ggy183,0956-540X,1365-246X
4160,Modelling fluid-induced seismicity rates associated with fluid injections: examples related to fracture stimulations in geothermal areas,"Garcia-Aristizabal, Alexander","Garcia, Alexander/0000-0001-9196-8452",http://dx.doi.org/10.1093/gji/ggy284,2018,OCT,215,1.0,471,493,10.1093/gji/ggy284,0956-540X,1365-246X
4191,"Seismicity induced by longwall coal mining at the Thoresby Colliery, Nottinghamshire, UK","Verdon, James P.; Kendall, J-Michael; Butcher, Antony; Luckett, Richard; Baptie, Brian J.","Baptie, Brian/0000-0001-6748-1740; Verdon, James/0000-0002-8410-2703; Butcher, Antony/0000-0002-2193-3817; Kendall, John Michael/0000-0002-1486-3945",http://dx.doi.org/10.1093/gji/ggx465,2018,FEB,212,2.0,942,954,10.1093/gji/ggx465,0956-540X,1365-246X
4209,Compilation of a high-quality catalogue for M3.0+seismicity in northern Iran region for the period of 2005-2017,"Rezaeifar, M.; Kissling, E.","Kissling, Edi/0000-0001-9575-7951",http://dx.doi.org/10.1093/gji/ggy271,2018,OCT,215,1.0,118,132,10.1093/gji/ggy271,0956-540X,1365-246X
4216,Multicomponent ensemble models to forecast induced seismicity,"Kiraly-Proag, E.; Gischig, V.; Zechar, J. D.; Wiemer, S.","Wiemer, Stefan/0000-0002-4919-3283;",http://dx.doi.org/10.1093/gji/ggx393,2018,JAN,212,1.0,476,490,10.1093/gji/ggx393,0956-540X,1365-246X
4224,The modest seismicity of the northern Red Sea rift,"Mitchell, Neil C.; Stewart, Ian C. F.","Stewart, Ian CF/0009-0008-9885-4974; Mitchell, Neil/0000-0002-6483-2450",http://dx.doi.org/10.1093/gji/ggy176,2018,SEP,214,3.0,1507,1523,10.1093/gji/ggy176,0956-540X,1365-246X
4225,Waveform-based Bayesian full moment tensor inversion and uncertainty determination for the induced seismicity in an oil/gas field,"Gu, Chen; Marzouk, Youssef M.; Toksoz, M. Nafi","Marzouk, Youssef/0000-0001-8242-3290",http://dx.doi.org/10.1093/gji/ggx517,2018,MAR,212,3.0,1963,1985,10.1093/gji/ggx517,0956-540X,1365-246X
4253,New palaeomagnetic data from Argun terrane. Testing its association with Amuria and theMongol-Okhotsk Ocean,"Gordienko, I. V.; Metelkin, D. V.; Vetluzhskikh, L. I.; Mikhaltsov, N. E.; Kulakov, E. V.","Gordienko, Ivan/0000-0002-2890-1105; Metelkin, Dmitry/0000-0002-0548-8274; Kulakov, Evgeniy/0000-0002-4088-6833;",http://dx.doi.org/10.1093/gji/ggy057,2018,JUN,213,3.0,1463,1477,10.1093/gji/ggy057,0956-540X,1365-246X
4293,The seismicity of the Central Apennines (Italy) studied by means of a physics-based earthquake simulator,"Console, Rodolfo; Vannoli, Paola; Carluccio, Roberto","CARLUCCIO, Roberto/0000-0003-4344-0965; Vannoli, Paola/0000-0001-7199-0388",http://dx.doi.org/10.1093/gji/ggx451,2018,FEB,212,2.0,916,929,10.1093/gji/ggx451,0956-540X,1365-246X
4296,Modelling and forecasting three-dimensional-hypocentre seismicity in the Kanto region,"Guo, Yicun; Zhuang, Jiancang; Hirata, Naoshi","Zhuang, Jiancang/0000-0002-9708-3871",http://dx.doi.org/10.1093/gji/ggy154,2018,JUL,214,1.0,520,530,10.1093/gji/ggy154,0956-540X,1365-246X
4323,Impact of magnitude uncertainties on seismic catalogue properties,"Leptokaropoulos, K. M.; Adamaki, A. K.; Roberts, R. G.; Gkarlaouni, C. G.; Paradisopoulou, P. M.","Adamaki, Angeliki/0000-0001-7070-8352; Leptokaropoulos, Konstantinos/0000-0002-7524-0709; Paradisopoulou, Parthena/0000-0001-7064-0212; Gkarlaouni, Charikleia/0000-0003-2326-7042",http://dx.doi.org/10.1093/gji/ggy023,2018,MAY,213,2.0,940,951,10.1093/gji/ggy023,0956-540X,1365-246X
4329,Lateral variations of the Guerrero-Oaxaca subduction zone (Mexico) derived from weak seismicity (Mb3.5+) detected on a single array at teleseismic distance,"Letort, Jean; Retailleau, Lise; Boue, Pierre; Radiguet, Mathilde; Gardonio, Blandine; Cotton, Fabrice; Campillo, Michel","Retailleau, Lise/0000-0002-0711-4540; Gardonio, Blandine/0000-0002-5305-5350; Cotton, Fabrice/0000-0002-9242-3996; Campillo, Michel/0000-0001-6971-4499; Boué, Pierre/0000-0001-9153-4048; Letort, Jean/0000-0003-0200-7276; Radiguet, Mathilde/0000-0002-3877-9393",http://dx.doi.org/10.1093/gji/ggy035,2018,MAY,213,2.0,1002,1012,10.1093/gji/ggy035,0956-540X,1365-246X
4335,Automatic approach for increasing the location accuracy of slow-moving landslide endogenous seismicity: the APOLoc method,"Provost, F.; Malet, J. -P.; Gance, J.; Helmstetter, A.; Doubre, C.","Doubre, Cecile/0000-0002-4914-1029; Malet, Jean-Philippe/0000-0003-0426-4911;",http://dx.doi.org/10.1093/gji/ggy330,2018,NOV,215,2.0,1455,1473,10.1093/gji/ggy330,0956-540X,1365-246X
4338,Triggering and decay characteristics of dynamically activated seismicity in Southwest Japan,"Opris, Anca; Enescu, Bogdan; Yagi, Yuji; Zhuang, Jiancang","Yagi, Yuji/0000-0001-5327-9277; Zhuang, Jiancang/0000-0002-9708-3871; Enescu, Bogdan/0000-0003-2153-0097",http://dx.doi.org/10.1093/gji/ggx456,2018,FEB,212,2.0,1010,1021,10.1093/gji/ggx456,0956-540X,1365-246X
4366,Can hydroseismicity explain recurring earthquake swarms in NW-Bohemia?,"Heinicke, Jens; Woith, Heiko; Alexandrakis, Catherine; Buske, Stefan; Telesca, Luciano","Heinicke, Jens/0000-0002-6715-1546; Alexanakis-Zieger, Catherine/0000-0002-8210-2259",http://dx.doi.org/10.1093/gji/ggx412,2018,JAN,212,1.0,211,228,10.1093/gji/ggx412,0956-540X,1365-246X
4399,Hybrid focal mechanism determination: constraining focal mechanisms of injection induced seismicity using in situ stress data,"Mukuhira, Y.; Fuse, K.; Naoi, M.; Fehler, M. C.; Moriya, H.; Ito, T.; Asanuma, H.; Haring, M. O.","Naoi, Makoto/0000-0001-9488-9266; Mukuhira, Yusuke/0000-0002-9356-8302;",http://dx.doi.org/10.1093/gji/ggy333,2018,NOV,215,2.0,1427,1441,10.1093/gji/ggy333,0956-540X,1365-246X
4422,Uncertainty reduction of stress tensor inversion with data-driven catalogue selection,"von Specht, S.; Heidbach, O.; Cotton, F.; Zang, A.","Cotton, Fabrice/0000-0002-9242-3996; Zang, Arno/0000-0001-7670-5152; Heidbach, Oliver/0000-0001-8009-5422",http://dx.doi.org/10.1093/gji/ggy240,2018,SEP,214,3.0,2250,2263,10.1093/gji/ggy240,0956-540X,1365-246X
4535,"Seismicity related to the hydraulic stimulation of GRT1, Rittershoffen, France","Lengline, O.; Boubacar, M.; Schmittbuhl, J.","Schmittbuhl, Jean/0000-0002-7000-0618",http://dx.doi.org/10.1093/gji/ggw490,2017,MAR,208,3.0,1704,1715,10.1093/gji/ggw490,0956-540X,1365-246X
4570,"Extension rates across the northern Shanxi Grabens, China, from Quaternary geology, seismicity and geodesy","Middleton, Timothy A.; Elliott, John R.; Rhodes, Edward J.; Sherlock, Sarah; Walker, Richard T.; Wang, Weitao; Yu, Jingxing; Zhou, Yu","Middleton, Tim/0000-0001-9022-534X; Sherlock, Sarah/0000-0003-0494-6760",http://dx.doi.org/10.1093/gji/ggx031,2017,MAY,209,2.0,535,558,10.1093/gji/ggx031,0956-540X,1365-246X
4594,Automatic analysis of the Gorkha earthquake aftershock sequence: evidences of structurally segmented seismicity,"Baillard, Christian; Lyon-Caen, Helene; Bollinger, Laurent; Rietbrock, Andreas; Letort, Jean; Adhikari, Lok Bijaya","Lyon-Caen, Hélène/0000-0002-6331-0108; Letort, Jean/0000-0003-0200-7276;",http://dx.doi.org/10.1093/gji/ggx081,2017,MAY,209,2.0,1111,1125,10.1093/gji/ggx081,0956-540X,1365-246X
4607,Asperity generation and its relationship to seismicity on a planar fault: a laboratory simulation,"Selvadurai, P. A.; Glaser, S. D.",,http://dx.doi.org/10.1093/gji/ggw439,2017,FEB,208,2.0,1009,1025,10.1093/gji/ggw439,0956-540X,1365-246X
4608,Locating seismicity on the Arctic plate boundary using multiple-event techniques and empirical signal processing,"Gibbons, S. J.; Harris, D. B.; Dahl-Jensen, T.; Kvaerna, T.; Larsen, T. B.; Paulsen, B.; Voss, P. H.","Dahl-Jensen, Trine/0000-0002-0800-3105; Voss, Peter Henrik/0000-0002-6689-564X; Gibbons, Steven J/0000-0002-7822-0244;",http://dx.doi.org/10.1093/gji/ggx398,2017,DEC,211,3.0,1613,1627,10.1093/gji/ggx398,0956-540X,1365-246X
4634,Precursory seismicity in regions of low strain rate: insights from a physics-based earthquake simulator,"Christophersen, Annemarie; Rhoades, David A.; Colella, Harmony V.","Christophersen, Annemarie/0000-0003-1467-1414;",http://dx.doi.org/10.1093/gji/ggx104,2017,JUN,209,3.0,1513,1525,10.1093/gji/ggx104,0956-540X,1365-246X
4718,Dynamic triggering of volcano drumbeat-like seismicity at the Tatun volcano group in Taiwan,"Lin, Cheng-Horng","Lin, Cheng-Horng/0000-0001-7241-2117",http://dx.doi.org/10.1093/gji/ggx172,2017,JUL,210,1.0,354,359,10.1093/gji/ggx172,0956-540X,1365-246X
4729,"Possible structural control on the 2011 eruption of Puyehue-Cordon Caulle Volcanic Complex (southern Chile) determined by InSAR, GPS and seismicity","Wendt, Anja; Tassara, Andres; Carlos Baez, Juan; Basualto, Daniel; Lara, Luis E.; Garcia, Francisco","Lara, Luis E/0000-0002-7028-1464; Báez, Juan Carlos/0000-0002-7265-7402; Tassara, Anes/0000-0002-7448-2474",http://dx.doi.org/10.1093/gji/ggw355,2017,JAN,208,1.0,134,147,10.1093/gji/ggw355,0956-540X,1365-246X
4813,xCombining network and array waveform coherence for automatic location: examples from induced seismicity monitoring,"Sick, Benjamin; Joswig, Manfred",,http://dx.doi.org/10.1093/gji/ggw468,2017,MAR,208,3.0,1373,1388,10.1093/gji/ggw468,0956-540X,1365-246X
4823,"Earthquake clustering in modern seismicity and its relationship with strong historical earthquakes around Beijing, China","Wang, Jian; Main, Ian G.; Musson, Roger M. W.","Main, Ian Graham/0000-0001-7031-6746",http://dx.doi.org/10.1093/gji/ggx326,2017,NOV,211,2.0,1005,1018,10.1093/gji/ggx326,0956-540X,1365-246X
4879,"Relating seismicity to the velocity structure of the San Andreas Fault near Parkfield, CA","Lippoldt, Rachel; Porritt, Robert W.; Sammis, Charles G.",,http://dx.doi.org/10.1093/gji/ggx131,2017,JUN,209,3.0,1740,1745,10.1093/gji/ggx131,0956-540X,1365-246X
4961,"Improving the characterization of the seismic source in Bebedouro, Parana Basin, Brazil: further evidence of seismicity triggered by hydraulic stimulation in water wells","Dicelis, Gabriel; Assumpcao, Marcelo; Prado, Renato Luiz; Agurto-Detzel, Hans; Barbosa, Jose Roberto","Agurto-Detzel, Hans/0000-0003-0390-9917",http://dx.doi.org/10.1093/gji/ggx180,2017,AUG,210,2.0,594,608,10.1093/gji/ggx180,0956-540X,1365-246X
4966,Modelling the future Israel EEWS performance using synthetic catalogue,"Pinsky, V.",,http://dx.doi.org/10.1093/gji/ggx282,2017,OCT,211,1.0,379,399,10.1093/gji/ggx282,0956-540X,1365-246X
5044,Exploring earthquake databases for the creation of magnitude-homogeneous catalogues: tools for application on a regional and global scale,"Weatherill, G. A.; Pagani, M.; Garcia, J.","Weatherill, Graeme/0000-0001-9347-2282; Pagani, Marco/0000-0001-8125-1925",http://dx.doi.org/10.1093/gji/ggw232,2016,SEP,206,3.0,1652,1676,10.1093/gji/ggw232,0956-540X,1365-246X
5094,"Water, oceanic fracture zones and the lubrication of subducting plate boundaries-insights from seismicity","Schlaphorst, David; Kendall, J-Michael; Collier, Jenny S.; Verdon, James P.; Blundy, Jon; Baptie, Brian; Latchman, Joan L.; Massin, Frederic; Bouin, Marie-Paule","Schlaphorst, David/0000-0001-9959-7393; Verdon, James/0000-0002-8410-2703; Baptie, Brian/0000-0001-6748-1740; Collier, Jennifer/0000-0003-0453-1928; Kendall, John Michael/0000-0002-1486-3945; Massin, Frédérick/0000-0002-7532-5139",http://dx.doi.org/10.1093/gji/ggv509,2016,MAR,204,3.0,1405,1420,10.1093/gji/ggv509,0956-540X,1365-246X
5224,"A new method to identify earthquake swarms applied to seismicity near the San Jacinto Fault, California","Zhang, Qiong; Shearer, Peter M.","Shearer, Peter/0000-0002-2992-7630;",http://dx.doi.org/10.1093/gji/ggw073,2016,MAY 1,205,2.0,995,1005,10.1093/gji/ggw073,0956-540X,1365-246X
5266,"Aftershock seismicity and tectonic setting of the 2015 September 16 Mw 8.3 Illapel earthquake, Central Chile","Lange, Dietrich; Geersen, Jacob; Barrientos, Sergio; Moreno, Marcos; Grevemeyer, Ingo; Contreras-Reyes, Eduardo; Kopp, Heidrun","Geersen, Jacob/0000-0001-5625-493X; Kopp, Heiun/0000-0002-6898-1568; Moreno, Marcos/0000-0002-6023-7283; Lange, Dietrich/0000-0003-2654-7963; Contreras-Reyes, Eduardo/0000-0002-6506-9258; Grevemeyer, Ingo/0000-0002-6807-604X",http://dx.doi.org/10.1093/gji/ggw218,2016,AUG,206,2.0,1424,1430,10.1093/gji/ggw218,0956-540X,1365-246X
5284,Lateral detachment in progress within the Vrancea slab (Romania): inferences from intermediate-depth seismicity patterns,"Mitrofan, Horia; Anghelache, Mirela-Adriana; Chitea, Florina; Damian, Alexandru; Cadicheanu, Nicoleta; Visan, Madalina","Visan, Madalina/0000-0001-9838-0985;",http://dx.doi.org/10.1093/gji/ggv533,2016,MAY 1,205,2.0,864,875,10.1093/gji/ggv533,0956-540X,1365-246X
5303,Seismicity and active accretion processes at the ultraslow-spreading Southwest and intermediate-spreading Southeast Indian ridges from hydroacoustic data,"Tsang-Hin-Sun, Eve; Royer, Jean-Yves; Perrot, Julie","Perrot, Julie/0000-0002-3445-7901; Royer, Jean-Yves/0000-0002-7653-7715",http://dx.doi.org/10.1093/gji/ggw201,2016,AUG,206,2.0,1232,1245,10.1093/gji/ggw201,0956-540X,1365-246X
5352,Bimodal pattern of seismicity detected at the ocean margin of an Antarctic ice shelf,"Lombardi, Denis; Benoit, Lionel; Camelbeeck, Thierry; Martin, Olivier; Meynard, Christophe; Thom, Christian","Lombardi, Denis/0000-0003-3774-3150; Benoit, Lionel/0000-0002-8182-0152",http://dx.doi.org/10.1093/gji/ggw214,2016,AUG,206,2.0,1375,1381,10.1093/gji/ggw214,0956-540X,1365-246X
5525,Structure and tectonics of the central Chilean margin (31°-33°S): implications for subduction erosion and shallow crustal seismicity,"Contreras-Reyes, Eduardo; Ruiz, Javier A.; Becerra, Juan; Kopp, Heidrun; Reichert, Christian; Maksymowicz, Andrei; Arriagada, Cesar","Ruiz, Javier/0000-0003-2073-3319; Kopp, Heiun/0000-0002-6898-1568; Maksymowicz, Anei/0000-0003-1049-1133; Contreras-Reyes, Eduardo/0000-0002-6506-9258",http://dx.doi.org/10.1093/gji/ggv309,2015,NOV,203,2.0,776,791,10.1093/gji/ggv309,0956-540X,1365-246X
5598,5000 yr of paleoseismicity along the southern Dead Sea fault,"Klinger, Y.; Le Beon, M.; Al-Qaryouti, M.","Klinger, yann/0000-0003-2119-6391; Le Béon, Maryline/0000-0001-6473-0203",http://dx.doi.org/10.1093/gji/ggv134,2015,JUL,202,1.0,313,327,10.1093/gji/ggv134,0956-540X,1365-246X
5614,A comparison of strain rates and seismicity for Fennoscandia: depth dependency of deformation from glacial isostatic adjustment,"Keiding, M.; Kreemer, C.; Lindholm, C. D.; Gradmann, S.; Olesen, O.; Kierulf, H. P.","Keiding, Marie/0000-0002-2933-0199",http://dx.doi.org/10.1093/gji/ggv207,2015,AUG,202,2.0,1021,1028,10.1093/gji/ggv207,0956-540X,1365-246X
5626,Artefacts of earthquake location errors and short-term incompleteness on seismicity clusters in southern California,"Zaliapin, Ilya; Ben-Zion, Yehuda","Zaliapin, Ilya/0000-0001-6257-0517",http://dx.doi.org/10.1093/gji/ggv259,2015,SEP,202,3.0,1949,1968,10.1093/gji/ggv259,0956-540X,1365-246X
5659,High-precision differential earthquake location in 3-D models: evidence for a rheological barrier controlling the microseismicity at the Irpinia fault zone in southern Apennines,"De Landro, Grazia; Amoroso, Ortensia; Stabile, Tony Alfredo; Matrullo, Emanuela; Lomax, Antony; Zollo, Aldo","De Lano, Grazia/0000-0003-1136-1357; Amoroso, Ortensia/0000-0003-1637-4050; zollo, aldo/0000-0002-8191-9566; Lomax, Anthony/0000-0002-7747-5990; Stabile, Tony Alfredo/0000-0002-8070-0167",http://dx.doi.org/10.1093/gji/ggv397,2015,DEC,203,3.0,1821,1831,10.1093/gji/ggv397,0956-540X,1365-246X
5666,"Correlation between Coulomb stress imparted by the 2011 Tohoku-Oki earthquake and seismicity rate change in Kanto, Japan","Ishibe, Takeo; Satake, Kenji; Sakai, Shin'ichi; Shimazaki, Kunihiko; Tsuruoka, Hiroshi; Yokota, Yusuke; Nakagawa, Shigeki; Hirata, Naoshi","Satake, Kenji/0000-0002-3368-3085; Yokota, Yusuke/0000-0003-2969-9110",http://dx.doi.org/10.1093/gji/ggv001,2015,APR,201,1.0,112,134,10.1093/gji/ggv001,0956-540X,1365-246X
5680,"Seafloor seismicity, Antarctic ice-sounds, cetacean vocalizations and long-term ambient sound in the Indian Ocean basin","Royer, J. -Y.; Chateau, R.; Dziak, R. P.; Bohnenstiehl, D. R.","Royer, Jean-Yves/0000-0002-7653-7715",http://dx.doi.org/10.1093/gji/ggv178,2015,AUG,202,2.0,748,762,10.1093/gji/ggv178,0956-540X,1365-246X
5716,"Maximum magnitude estimations of induced earthquakes at Paradox Valley, Colorado, from cumulative injection volume and geometry of seismicity clusters","Yeck, William L.; Block, Lisa V.; Wood, Christopher K.; King, Vanessa M.","Yeck, William/0000-0002-2801-8873; King, Vanessa/0000-0002-3406-725X",http://dx.doi.org/10.1093/gji/ggu394,2015,JAN,200,1.0,322,336,10.1093/gji/ggu394,0956-540X,1365-246X
5739,Using glacier seismicity for phase velocity measurements and Green's function retrieval,"Walter, Fabian; Roux, Philippe; Roeoesli, Claudia; Lecointre, Albanne; Kilb, Debi; Roux, Pierre-Francois","Kilb, Debi/0000-0002-7252-4167; Walter, Fabian/0000-0001-6952-2761; Roux, Pierre-Francois/0000-0002-2711-5284; Röösli, Claudia/0000-0003-4656-7080; Roux, Philippe/0000-0002-5639-8869",http://dx.doi.org/10.1093/gji/ggv069,2015,JUN,201,3.0,1722,1737,10.1093/gji/ggv069,0956-540X,1365-246X
5755,"Induced seismicity constraints on subsurface geological structure, Paradox Valley, Colorado","Block, Lisa V.; Wood, Christopher K.; Yeck, William L.; King, Vanessa M.","Yeck, William/0000-0002-2801-8873; King, Vanessa/0000-0002-3406-725X",http://dx.doi.org/10.1093/gji/ggu459,2015,FEB,200,2.0,1170,1193,10.1093/gji/ggu459,0956-540X,1365-246X
5756,Discovering new events beyond the catalogue-application of empirical matched field processing to Salton Sea geothermal field seismicity,"Wang, Jingbo; Templeton, Dennise C.; Harris, David B.","Wang, Jingbo/0000-0002-3594-1893; Templeton, Dennise/0000-0003-0598-7273",http://dx.doi.org/10.1093/gji/ggv260,2015,OCT,203,1.0,22,32,10.1093/gji/ggv260,0956-540X,1365-246X
5769,Development of a robust and automated infrasound event catalogue using the International Monitoring System,"Arrowsmith, Stephen; Euler, Garrett; Marcillo, Omar; Blom, Philip; Whitaker, Rod; Randall, George","Euler, Garrett/0000-0002-9762-1246; Arrowsmith, Stephen/0000-0002-9150-0363",http://dx.doi.org/10.1093/gji/ggu486,2015,MAR,200,3.0,1411,1422,10.1093/gji/ggu486,0956-540X,1365-246X
5832,"Influence of the continental margin on the stress field and seismicity in the intraplate AcaraA0 Seismic Zone, NE Brazil","Oliveira, Paulo H. S.; Ferreira, Joaquim M.; Bezerra, Francisco H. R.; Assumpcao, Marcelo; do Nascimento, Aderson F.; Sousa, Maria O. L.; Menezes, Eduardo A. S.","Assumpção, Marcelo/0000-0003-0378-8406;",http://dx.doi.org/10.1093/gji/ggv211,2015,SEP,202,3.0,1453,1462,10.1093/gji/ggv211,0956-540X,1365-246X
5850,Detecting and characterizing coal mine related seismicity in the Western US using subspace methods,"Chambers, Derrick J. A.; Koper, Keith D.; Pankow, Kristine L.; McCarter, Michael K.",,http://dx.doi.org/10.1093/gji/ggv383,2015,NOV,203,2.0,1388,1399,10.1093/gji/ggv383,0956-540X,1365-246X
5861,Intrinsic and scattering attenuation as derived from fluid induced microseismicity at the German Continental Deep Drilling site,"Fielitz, D.; Wegler, U.","Wegler, Ulrich/0000-0002-2243-0189",http://dx.doi.org/10.1093/gji/ggv064,2015,JUN,201,3.0,1346,1361,10.1093/gji/ggv064,0956-540X,1365-246X
5943,Dynamic triggering of microseismicity in a mine setting,"Castellanos, Fernando; Van der Baan, Mirko",,http://dx.doi.org/10.1093/gji/ggv159,2015,AUG,202,2.0,728,737,10.1093/gji/ggv159,0956-540X,1365-246X
6032,A novel progressive signal association algorithm for detecting teleseismic/network-outside events using regional seismic networks,"Jin, Ping; Pan, Changzhou; Zhang, Chengliu; Shen, Xufeng; Wang, Hongchun; Lu, Na",,http://dx.doi.org/10.1093/gji/ggv113,2015,JUN,201,3.0,1950,1960,10.1093/gji/ggv113,0956-540X,1365-246X
6056,Joint location and source mechanism inversion of microseismic events: benchmarking on seismicity induced by hydraulic fracturing,"Anikiev, D.; Valenta, J.; Stanek, F.; Eisner, L.","Staněk, František/0000-0002-0037-9239; Anikiev, Denis/0000-0002-4729-2659; Valenta, Jan/0000-0002-3149-6067;",http://dx.doi.org/10.1093/gji/ggu126,2014,JUL,198,1.0,249,258,10.1093/gji/ggu126,0956-540X,1365-246X
6066,The 2013 September-October seismic sequence offshore Spain: a case of seismicity triggered by gas injection?,"Cesca, Simone; Grigoli, Francesco; Heimann, Sebastian; Gonzalez, Alvaro; Buforn, Elisa; Maghsoudi, Samira; Blanch, Estefania; Dahm, Torsten","Dahm, Torsten/0000-0001-6432-7422; Heimann, Sebastian/0000-0003-0096-7193; Cesca, Simone/0000-0001-9419-3904; González, Álvaro/0000-0002-9300-4283; Maghsoudi, Samira/0000-0001-8012-3294; Grigoli, Francesco/0000-0002-2858-9756; Blanch Llosa, Estefania/0000-0002-8438-2776",http://dx.doi.org/10.1093/gji/ggu172,2014,AUG,198,2.0,941,953,10.1093/gji/ggu172,0956-540X,1365-246X
6068,"Automatic picking of direct P, S seismic phases and fault zone head waves","Ross, Z. E.; Ben-Zion, Y.",,http://dx.doi.org/10.1093/gji/ggu267,2014,OCT,199,1.0,368,381,10.1093/gji/ggu267,0956-540X,1365-246X
6075,A reassessment of outer-rise seismicity and its implications for the mechanics of oceanic lithosphere,"Craig, T. J.; Copley, A.; Jackson, J.","Copley, Alex/0000-0003-0362-0494; Craig, Timothy/0000-0003-2198-9172",http://dx.doi.org/10.1093/gji/ggu013,2014,APR,197,1.0,63,89,10.1093/gji/ggu013,0956-540X,1365-246X
6115,Seismicity rate changes in the Salton Sea Geothermal Field and the San Jacinto Fault Zone after the 2010 Mw 7.2 El Mayor-Cucapah earthquake,"Meng, Xiaofeng; Peng, Zhigang",,http://dx.doi.org/10.1093/gji/ggu085,2014,JUN,197,3.0,1750,1762,10.1093/gji/ggu085,0956-540X,1365-246X
6138,Seismicity monitoring by cluster analysis of moment tensors,"Cesca, Simone; Sen, Ali Tolga; Dahm, Torsten","Dahm, Torsten/0000-0001-6432-7422; Cesca, Simone/0000-0001-9419-3904",http://dx.doi.org/10.1093/gji/ggt492,2014,MAR,196,3.0,1813,1826,10.1093/gji/ggt492,0956-540X,1365-246X
6161,Reassessment of the rifting process in the Western Corinth Rift from relocated seismicity,"Lambotte, S.; Lyon-Caen, H.; Bernard, P.; Deschamps, A.; Patau, G.; Nercessian, A.; Pacchiani, F.; Bourouis, S.; Drilleau, M.; Adamova, P.","Lyon-Caen, Hélène/0000-0002-6331-0108; Bourouis, Sami/0000-0002-6638-7039; Lambotte, Sophie/0000-0003-1078-3419; illeau, Mélanie/0000-0001-5625-9706; Bourouis, Seid/0000-0002-8075-4018; Adamova, Petra/0000-0002-4741-9576; Deschamps, Anne/0000-0002-6209-9814;",http://dx.doi.org/10.1093/gji/ggu096,2014,JUN,197,3.0,1822,1844,10.1093/gji/ggu096,0956-540X,1365-246X
6202,A smoothed stochastic earthquake rate model considering seismicity and fault moment release for Europe,"Hiemer, S.; Woessner, J.; Basili, R.; Danciu, L.; Giardini, D.; Wiemer, S.","Danciu, Laurentiu/0000-0003-4086-8755; Wiemer, Stefan/0000-0002-4919-3283; Basili, Roberto/0000-0002-1213-0828",http://dx.doi.org/10.1093/gji/ggu186,2014,AUG,198,2.0,1159,1172,10.1093/gji/ggu186,0956-540X,1365-246X
6216,Assessing annual global M6+ seismicity forecasts,"Taroni, M.; Zechar, J. D.; Marzocchi, W.","Marzocchi, Warner/0000-0002-9114-1516; Taroni, Matteo/0000-0001-6999-4590;",http://dx.doi.org/10.1093/gji/ggt369,2014,JAN,196,1.0,422,431,10.1093/gji/ggt369,0956-540X,1365-246X
6223,"High-resolution image of the North Chilean subduction zone: seismicity, reflectivity and fluids","Bloch, W.; Kummerow, J.; Salazar, P.; Wigger, P.; Shapiro, S. A.","Bloch, Wasja/0000-0002-0341-4925; Salazar, Pablo/0000-0002-7496-705X; Shapiro, Serge/0000-0002-5062-2698",http://dx.doi.org/10.1093/gji/ggu084,2014,JUN,197,3.0,1744,1749,10.1093/gji/ggu084,0956-540X,1365-246X
6254,Evidences of a lithospheric fault zone in the Sicily Channel continental rift (southern Italy) from instrumental seismicity data,"Calo, M.; Parisi, L.","Calo', Marco/0000-0001-7261-7008; Parisi, Laura/0000-0002-9430-1351",http://dx.doi.org/10.1093/gji/ggu249,2014,OCT,199,1.0,219,225,10.1093/gji/ggu249,0956-540X,1365-246X
6258,"Comparison of postseismic afterslip models with aftershock seismicity for three subduction-zone earthquakes: Nias 2005, Maule 2010 and Tohoku 2011","Lange, D.; Bedford, J. R.; Moreno, M.; Tilmann, F.; Baez, J. C.; Bevis, M.; Krueger, F.","Báez, Juan Carlos/0000-0002-7265-7402; Tilmann, Frederik/0000-0002-7439-8782; Lange, Dietrich/0000-0003-2654-7963; Moreno, Marcos/0000-0002-6023-7283;",http://dx.doi.org/10.1093/gji/ggu292,2014,NOV,199,2.0,784,799,10.1093/gji/ggu292,0956-540X,1365-246X
6262,Self-induced seismicity due to fluid circulation along faults,"Aochi, Hideo; Poisson, Blanche; Toussaint, Renaud; Rachez, Xavier; Schmittbuhl, Jean","Schmittbuhl, Jean/0000-0002-7000-0618; Aochi, Hideo/0000-0001-9405-9596; Toussaint, Renaud/0000-0002-3698-1934",http://dx.doi.org/10.1093/gji/ggt356,2014,MAR,196,3.0,1544,1563,10.1093/gji/ggt356,0956-540X,1365-246X
6270,Cross-correlation-an objective tool to indicate induced seismicity,"Oprsal, Ivo; Eisner, Leo","Oprsal, Ivo/0000-0002-7940-9209;",http://dx.doi.org/10.1093/gji/ggt501,2014,MAR,196,3.0,1536,1543,10.1093/gji/ggt501,0956-540X,1365-246X
6337,Seismicity and structure of the 85°E volcanic complex at the ultraslow spreading Gakkel Ridge from local earthquake tomography,"Korger, E. I. M.; Schlindwein, V.","Schlindwein, Vera/0000-0001-5570-2753",http://dx.doi.org/10.1093/gji/ggt390,2014,JAN,196,1.0,539,551,10.1093/gji/ggt390,0956-540X,1365-246X
6374,"Seismicity, focal mechanisms and active stress field around the central segment of the North Anatolian Fault in Turkey","Karasozen, E.; Ozacar, A. Arda; Biryol, C. Berk; Beck, Susan L.","Ozacar, A Arda/0000-0001-9700-4400; Biryol, Cemal/0000-0001-9988-2549",http://dx.doi.org/10.1093/gji/ggt367,2014,JAN,196,1.0,405,421,10.1093/gji/ggt367,0956-540X,1365-246X
6393,A parimutuel gambling perspective to compare probabilistic seismicity forecasts,"Zechar, J. Douglas; Zhuang, Jiancang","Zhuang, Jiancang/0000-0002-9708-3871;",http://dx.doi.org/10.1093/gji/ggu137,2014,OCT,199,1.0,60,68,10.1093/gji/ggu137,0956-540X,1365-246X
6449,Induced seismicity of a normal blind undetected reservoir-bounding fault influenced by dissymmetric fractured damage zones,"Rohmer, J.","Rohmer, Jeremy/0000-0001-9083-5965",http://dx.doi.org/10.1093/gji/ggu018,2014,APR,197,1.0,636,641,10.1093/gji/ggu018,0956-540X,1365-246X
6484,"Active Pacific North America Plate boundary tectonics as evidenced by seismicity in the oceanic lithosphere offshore Baja California, Mexico","Hauksson, Egill; Kanamori, Hiroo; Stock, Joann; Cormier, Marie-Helene; Legg, Mark","Hauksson, Egill/0000-0002-6834-5051; Cormier, Marie-Helene/0000-0001-7094-3790; Stock, Joann Miriam/0000-0003-4816-7865",http://dx.doi.org/10.1093/gji/ggt467,2014,MAR,196,3.0,1619,1630,10.1093/gji/ggt467,0956-540X,1365-246X
6500,An approximately 9-yr-period variation in seismicity and crustal deformation near the Japan Trench and a consideration of its origin,"Tanaka, Yoshiyuki",,http://dx.doi.org/10.1093/gji/ggt424,2014,FEB,196,2.0,760,787,10.1093/gji/ggt424,0956-540X,1365-246X
6589,Fatigue hydraulic fracturing by cyclic reservoir treatment enhances permeability and reduces induced seismicity,"Zang, Arno; Yoon, Jeoung Seok; Stephansson, Ove; Heidbach, Oliver","Zang, Arno/0000-0001-7670-5152; Heidbach, Oliver/0000-0001-8009-5422",http://dx.doi.org/10.1093/gji/ggt301,2013,NOV,195,2.0,1282,1287,10.1093/gji/ggt301,0956-540X,1365-246X
6651,Seismicity in the western coast of the South Caspian Basin and the Talesh Mountains,"Zanjani, Asiye Aziz; Ghods, Abdolreza; Sobouti, Farhad; Bergman, Eric; Mortezanejad, Gholamreza; Priestley, Keith; Madanipour, Saeed; Rezaeian, Mahnaz","Mortezanejad, Gholamreza/0000-0002-1557-861X; Madanipour, Saeed/0000-0003-2175-9780; Aziz Zanjani, Asiye/0000-0003-3344-9720;",http://dx.doi.org/10.1093/gji/ggt299,2013,NOV,195,2.0,799,814,10.1093/gji/ggt299,0956-540X,1365-246X
6658,A stochastic model for induced seismicity based on non-linear pressure diffusion and irreversible permeability enhancement,"Gischig, Valentin S.; Wiemer, Stefan","Wiemer, Stefan/0000-0002-4919-3283",http://dx.doi.org/10.1093/gji/ggt164,2013,AUG,194,2.0,1229,1249,10.1093/gji/ggt164,0956-540X,1365-246X
6694,A new catalogue of normal-mode splitting function measurements up to 10 mHz,"Deuss, Arwen; Ritsema, Jeroen; van Heijst, Hendrik","Deuss, Arwen/0000-0003-3193-5987",http://dx.doi.org/10.1093/gji/ggt010,2013,MAY,193,2.0,920,937,10.1093/gji/ggt010,0956-540X,1365-246X
6703,Automated full moment tensor inversion of coal mining-induced seismicity,"Sen, Ali Tolga; Cesca, Simone; Bischoff, Monika; Meier, Thomas; Dahm, Torsten","Cesca, Simone/0000-0001-9419-3904; Dahm, Torsten/0000-0001-6432-7422",http://dx.doi.org/10.1093/gji/ggt300,2013,NOV,195,2.0,1267,1281,10.1093/gji/ggt300,0956-540X,1365-246X
6714,Seismicity patterns along the Ecuadorian subduction zone: new constraints from earthquake location in a 3-D a priori velocity model,"Font, Yvonne; Segovia, Monica; Vaca, Sandro; Theunissen, Thomas","Theunissen, Thomas/0000-0001-8594-9159",http://dx.doi.org/10.1093/gji/ggs083,2013,APR,193,1.0,263,286,10.1093/gji/ggs083,0956-540X,1365-246X
6740,Bias in fitting the ETAS model: a case study based on New Zealand seismicity,"Harte, D. S.","Harte, David/0000-0002-6586-7321",http://dx.doi.org/10.1093/gji/ggs026,2013,JAN,192,1.0,390,412,10.1093/gji/ggs026,0956-540X,1365-246X
6836,"Microseismicity and seismotectonics of the South Caspian Lowlands, NE Iran","Nemati, Majid; Hollingsworth, James; Zhan, Zhongwen; Bolourchi, Mohammad Javad; Talebian, Morteza","Talebian, Morteza/0000-0003-1300-0563; Zhan, Zhongwen/0000-0002-5586-2607; Hollingsworth, James/0000-0003-0122-296X",http://dx.doi.org/10.1093/gji/ggs114,2013,JUN,193,3.0,1053,1070,10.1093/gji/ggs114,0956-540X,1365-246X
6878,Modelling fluid induced seismicity on a nearby active fault,"Murphy, S.; O'Brien, G. S.; McCloskey, J.; Bean, C. J.; Nalbant, S.","Murphy, Shane/0000-0003-2795-0463; O'Brien, Gareth Shane/0000-0002-7345-0286; Nalbant, Suleyman Sami/0000-0002-7944-5912; Bean, Christopher/0000-0003-3285-2446",http://dx.doi.org/10.1093/gji/ggt174,2013,SEP,194,3.0,1613,1624,10.1093/gji/ggt174,0956-540X,1365-246X
6926,Quantifying the seismicity on Taiwan,"Wu, Yi-Hsuan; Chen, Chien-Chih; Turcotte, Donald L.; Rundle, John B.",,http://dx.doi.org/10.1093/gji/ggt101,2013,JUL,194,1.0,465,469,10.1093/gji/ggt101,0956-540X,1365-246X
6933,Selecting ground-motion models developed for induced seismicity in geothermal areas,"Edwards, Benjamin; Douglas, John","Douglas, John/0000-0003-3822-0060; Edwards, Benjamin/0000-0001-5648-8015",http://dx.doi.org/10.1093/gji/ggt310,2013,NOV,195,2.0,1314,1322,10.1093/gji/ggt310,0956-540X,1365-246X
6980,A Coulomb stress model for induced seismicity distribution due to fluid injection and withdrawal in deep boreholes,"Troiano, Antonio; Di Giuseppe, Maria Giulia; Troise, Claudia; Tramelli, Anna; De Natale, Giuseppe","Di Giuseppe, Maria Giulia/0000-0003-4573-131X; Tramelli, Anna/0000-0001-6259-5730; DE NATALE, Giuseppe/0000-0001-8391-2846; TROISE, Claudia/0000-0001-6555-5777; TROIANO, Antonio/0000-0001-9071-0900",http://dx.doi.org/10.1093/gji/ggt229,2013,OCT,195,1.0,504,512,10.1093/gji/ggt229,0956-540X,1365-246X
7095,Poisson tests of declustered catalogues,"Luen, Brad; Stark, Philip B.","Stark, Philip/0000-0002-3771-9604",http://dx.doi.org/10.1111/j.1365-246X.2012.05400.x,2012,APR,189,1.0,691,700,10.1111/j.1365-246X.2012.05400.x,0956-540X,1365-246X
7120,Seismicity-based estimation of the driving fluid pressure in the case of swarm activity in Western Bohemia,"Hainzl, S.; Fischer, T.; Dahm, T.","Fischer, Tomas/0000-0002-5169-2567; Dahm, Torsten/0000-0001-6432-7422; Hainzl, Sebastian/0000-0002-2875-0933",http://dx.doi.org/10.1111/j.1365-246X.2012.05610.x,2012,OCT,191,1.0,271,281,10.1111/j.1365-246X.2012.05610.x,0956-540X,
7184,Constructing a Hidden Markov Model based earthquake detector: application to induced seismicity,"Beyreuther, Moritz; Hammer, Conny; Wassermann, Joachim; Ohrnberger, Matthias; Megies, Tobias","Megies, Tobias/0000-0002-5033-9921; Ohrnberger, Matthias/0000-0003-1068-0401;",http://dx.doi.org/10.1111/j.1365-246X.2012.05361.x,2012,APR,189,1.0,602,610,10.1111/j.1365-246X.2012.05361.x,0956-540X,
7207,"Reappraisal of the 1887 Ligurian earthquake (western Mediterranean) from macroseismicity, active tectonics and tsunami modelling","Larroque, Christophe; Scotti, Oona; Ioualalen, Mansour","scotti, oona/0000-0002-6640-9090",http://dx.doi.org/10.1111/j.1365-246X.2012.05498.x,2012,JUL,190,1.0,87,104,10.1111/j.1365-246X.2012.05498.x,0956-540X,1365-246X
7295,Megathrust asperities and clusters of slab dehydration identified by spatiotemporal characterization of seismicity below the Andean margin,"Legrand, Denis; Tassara, Andres; Morales, Daniel","Tassara, Anes/0000-0002-7448-2474; LEGRAND, Denis/0000-0003-2620-5525",http://dx.doi.org/10.1111/j.1365-246X.2012.05682.x,2012,DEC,191,3.0,923,931,10.1111/j.1365-246X.2012.05682.x,0956-540X,1365-246X
7323,Crustal structure and seismotectonics of central Sicily (southern Italy): new constraints from instrumental seismicity,"Sgroi, Tiziana; de Nardis, Rita; Lavecchia, Giusy","Lavecchia, Giusy/0000-0003-3726-0116; Sgroi, Tiziana/0000-0001-7030-0699",http://dx.doi.org/10.1111/j.1365-246X.2012.05392.x,2012,JUN,189,3.0,1237,1252,10.1111/j.1365-246X.2012.05392.x,0956-540X,1365-246X
7332,"Seismicity within the actively deforming Eastern Sierras Pampeanas, Argentina","Richardson, Tonya; Gilbert, Hersh; Anderson, Megan; Ridgway, Kenneth D.","Gilbert, Hersh/0000-0002-7446-3898; Anderson, Megan/0000-0001-6864-7343",http://dx.doi.org/10.1111/j.1365-246X.2011.05283.x,2012,FEB,188,2.0,408,420,10.1111/j.1365-246X.2011.05283.x,0956-540X,1365-246X
7339,Microseismicity distribution in the southern Dead Sea basin and its implications on the structure of the basin,"Braeuer, B.; Asch, Guenter; Hofstetter, R.; Haberland, Ch.; Jaser, D.; El-Kelani, R.; Weber, M.","Haberland, Christian/0000-0002-2981-7087",http://dx.doi.org/10.1111/j.1365-246X.2011.05318.x,2012,MAR,188,3.0,873,878,10.1111/j.1365-246X.2011.05318.x,0956-540X,1365-246X
7371,An approach to detect the abnormal seismicity increase in Southwestern China triggered co-seismically by 2004 Sumatra Mw 9.2 earthquake,"Peng, Yajun; Zhou, Shiyong; Zhuang, Jiancang; Shi, Jia","Zhuang, Jiancang/0000-0002-9708-3871; Peng, Yajun/0000-0001-6455-2873;",http://dx.doi.org/10.1111/j.1365-246X.2012.05456.x,2012,JUN,189,3.0,1734,1740,10.1111/j.1365-246X.2012.05456.x,0956-540X,
7466,"Seismicity rate changes in association with the evolution of the stress field in northern Aegean Sea, Greece","Leptokaropoulos, K. M.; Papadimitriou, E. E.; Orlecka-Sikora, B.; Karakostas, V. G.","Papadimitriou, Eleftheria/0000-0003-3574-2787; Leptokaropoulos, Konstantinos/0000-0002-7524-0709; Orlecka-Sikora, Beata/0000-0002-0182-1455",http://dx.doi.org/10.1111/j.1365-246X.2011.05337.x,2012,MAR,188,3.0,1322,1338,10.1111/j.1365-246X.2011.05337.x,0956-540X,1365-246X
7525,"Pre-seismic anomalies in seismicity and crustal deformation: case studies of the 2007 Noto Hanto earthquake of M6.9 and the 2007 Chuetsu-oki earthquake of M6.8 after the 2004 Chuetsu earthquake of M6.8 (vol 186, pg 331, 2011)","Ogata, Y.",,http://dx.doi.org/10.1111/j.1365-246X.2011.05306.x,2012,MAR,188,3.0,1454,1454,10.1111/j.1365-246X.2011.05306.x,0956-540X,
7642,Crustal geophysics and seismicity in southern California,"Hauksson, Egill","Hauksson, Egill/0000-0002-6834-5051",http://dx.doi.org/10.1111/j.1365-246X.2011.05042.x,2011,JUL,186,1.0,82,98,10.1111/j.1365-246X.2011.05042.x,0956-540X,1365-246X
7656,P-receiver functions of anisotropic continental crust: a hierarchic catalogue of crustal models and azimuthal waveform patterns,"Eckhardt, C.; Rabbel, W.",,http://dx.doi.org/10.1111/j.1365-246X.2011.05159.x,2011,OCT,187,1.0,439,479,10.1111/j.1365-246X.2011.05159.x,0956-540X,1365-246X
7661,Seismicity and source parameters for small-scale earthquakes along the splays of the North Anatolian Fault (NAF) in the Marmara Sea,"Orgulu, Gonca","Orgulu, Gonca/0000-0003-0540-4904",http://dx.doi.org/10.1111/j.1365-246X.2010.04844.x,2011,JAN,184,1.0,385,404,10.1111/j.1365-246X.2010.04844.x,0956-540X,1365-246X
7674,"Using synthetic seismicity to evaluate seismic hazard in the Wellington region, New Zealand","Robinson, Russell; Van Dissen, Russell; Litchfield, Nicola","Litchfield, Nicola/0000-0002-2053-3176; Van Dissen, Russ/0000-0001-8224-7573",http://dx.doi.org/10.1111/j.1365-246X.2011.05161.x,2011,OCT,187,1.0,510,528,10.1111/j.1365-246X.2011.05161.x,0956-540X,1365-246X
7680,Modelling seismic catalogues by cascade models: Do we need long-term magnitude correlations?,"Lennartz, S.; Bunde, A.; Turcotte, D. L.",,http://dx.doi.org/10.1111/j.1365-246X.2010.04902.x,2011,MAR,184,3.0,1214,1222,10.1111/j.1365-246X.2010.04902.x,0956-540X,1365-246X
7732,Pre-seismic anomalies in seismicity and crustal deformation: case studies of the 2007 Noto Hanto earthquake of M6.9 and the 2007 Chuetsu-oki earthquake of M6.8 after the 2004 Chuetsu earthquake of M6.8,"Ogata, Yosihiko",,http://dx.doi.org/10.1111/j.1365-246X.2011.05033.x,2011,JUL,186,1.0,331,348,10.1111/j.1365-246X.2011.05033.x,0956-540X,1365-246X
7793,Reservoir-induced seismicity in the Danjiangkou Reservoir: a quantitative analysis,"Liu, Sumei; Xu, Lihua; Talwani, Pradeep",,http://dx.doi.org/10.1111/j.1365-246X.2011.04959.x,2011,APR,185,1.0,514,528,10.1111/j.1365-246X.2011.04959.x,0956-540X,1365-246X
7814,The Sao Vicente earthquake of 2008 April and seismicity in the continental shelf off SE Brazil: further evidence for flexural stresses,"Assumpcao, M.; Dourado, J. C.; Ribotta, L. C.; Mohriak, W. U.; Dias, Fabio L.; Barbosa, J. R.","Assumpção, Marcelo/0000-0003-0378-8406;",http://dx.doi.org/10.1111/j.1365-246X.2011.05198.x,2011,DEC,187,3.0,1076,1088,10.1111/j.1365-246X.2011.05198.x,0956-540X,
7854,Magnitude problems in historical earthquake catalogues and their impact on seismic hazard assessment,"Rong, Yufang; Mahdyiar, Mehrdad; Bingming Shen-Tu; Shabestari, Khosrow","Rong, Yufang/0000-0001-5266-3859",http://dx.doi.org/10.1111/j.1365-246X.2011.05226.x,2011,DEC,187,3.0,1687,1698,10.1111/j.1365-246X.2011.05226.x,0956-540X,1365-246X
7866,Strain localization and fluid migration from earthquake relocation and seismicity analysis in the western Vosges (France),"Got, Jean-Luc; Monteiller, Vadim; Guilbert, Jocelyn; Marsan, David; Cansi, Yves; Maillard, Carole; Santoire, Jean-Paul","Monteiller, Vadim/0000-0002-9926-3825;",http://dx.doi.org/10.1111/j.1365-246X.2011.04944.x,2011,APR,185,1.0,365,384,10.1111/j.1365-246X.2011.04944.x,0956-540X,1365-246X
7873,"Seismicity and active tectonic processes in the ultra-slow spreading Lena Trough, Arctic Ocean","Laederach, C.; Schlindwein, V.; Schenke, H. -W.; Jokat, W.","Jokat, Wilfried/0000-0002-7793-5854; Schlindwein, Vera/0000-0001-5570-2753",http://dx.doi.org/10.1111/j.1365-246X.2010.04926.x,2011,MAR,184,3.0,1354,1370,10.1111/j.1365-246X.2010.04926.x,0956-540X,
7888,Long-range predictability in physics-based synthetic earthquake catalogues,"Rhoades, D. A.; Robinson, R.; Gerstenberger, M. C.","Rhoades, David/0000-0002-9512-9215",http://dx.doi.org/10.1111/j.1365-246X.2011.04993.x,2011,MAY,185,2.0,1037,1048,10.1111/j.1365-246X.2011.04993.x,0956-540X,1365-246X
8071,The role of fluids in triggering earthquakes: observations from reservoir induced seismicity in Brazil,"El Hariri, Maya; Abercrombie, Rachel E.; Rowe, Charlotte A.; do Nascimento, Aderson F.","Rowe, Charlotte/0000-0001-5803-0147; Abercrombie, Rachel/0000-0003-4515-5420;",http://dx.doi.org/10.1111/j.1365-246X.2010.04554.x,2010,JUN,181,3.0,1566,1574,10.1111/j.1365-246X.2010.04554.x,0956-540X,1365-246X
8098,Effect of the Zipingpu reservoir impoundment on the occurrence of the 2008 Wenchuan earthquake and local seismicity,"Gahalaut, Kalpna; Gahalaut, V. K.","Gahalaut, Vineet/0000-0003-2514-4644",http://dx.doi.org/10.1111/j.1365-246X.2010.04715.x,2010,OCT,183,1.0,277,285,10.1111/j.1365-246X.2010.04715.x,0956-540X,1365-246X
8123,Regional seismicity of the Mid-Atlantic Ridge: observations from autonomous hydrophone arrays,"Simao, N.; Escartin, J.; Goslin, J.; Haxel, J.; Cannat, M.; Dziak, R.","Mendes Simão, Nuno/0000-0001-7790-3433; ESCARTIN, Javier/0000-0002-3416-6856;",http://dx.doi.org/10.1111/j.1365-246X.2010.04815.x,2010,DEC,183,3.0,1559,1578,10.1111/j.1365-246X.2010.04815.x,0956-540X,1365-246X
8190,"Reservoir-induced seismicity associated with the Itoiz Reservoir, Spain: a case study","Dura-Gomez, Inmaculada; Talwani, Pradeep",,http://dx.doi.org/10.1111/j.1365-246X.2009.04462.x,2010,APR,181,1.0,343,356,10.1111/j.1365-246X.2009.04462.x,0956-540X,1365-246X
8200,Fluid-induced microseismicity in pre-stressed rock masses,"Schoenball, M.; Mueller, T. M.; Mueller, B. I. R.; Heidbach, O.","Heidbach, Oliver/0000-0001-8009-5422; Schoenball, Martin/0000-0003-4880-4641; Mueller, Tobias M/0000-0002-1669-2625; Müller, Birgit/0000-0002-5668-1437",http://dx.doi.org/10.1111/j.1365-246X.2009.04443.x,2010,FEB,180,2.0,813,819,10.1111/j.1365-246X.2009.04443.x,0956-540X,1365-246X
8357,Migration-based location of seismicity recorded with an array installed in the main hole of the San Andreas Fault Observatory at Depth (SAFOD),"Rentsch, S.; Buske, S.; Gutjahr, S.; Kummerow, J.; Shapiro, S. A.","Shapiro, Serge/0000-0002-5062-2698",http://dx.doi.org/10.1111/j.1365-246X.2010.04638.x,2010,JUL,182,1.0,477,492,10.1111/j.1365-246X.2010.04638.x,0956-540X,
8432,"Active faults and induced seismicity in the Val d'Agri area (Southern Apennines, Italy)","Valoroso, L.; Improta, L.; Chiaraluce, L.; Di Stefano, R.; Ferranti, L.; Govoni, A.; Chiarabba, C.","Valoroso, Luisa/0000-0001-5014-0958; Chiaraluce, Lauro/0000-0002-9697-6504; FERRANTI, Luigi/0000-0002-0531-6763; chiarabba, claudio/0000-0002-8111-3466; Di Stefano, Raffaele/0000-0003-3489-7453; Govoni, Aladino/0000-0002-0017-5260",http://dx.doi.org/10.1111/j.1365-246X.2009.04166.x,2009,JUL,178,1.0,488,502,10.1111/j.1365-246X.2009.04166.x,0956-540X,1365-246X
8445,Consistent phase picking for regional tomography models: application to the greater Alpine region,"Diehl, T.; Kissling, E.; Husen, S.; Aldersons, F.","Kissling, Edi/0000-0001-9575-7951; Diehl, Tobias/0000-0001-6264-1506",http://dx.doi.org/10.1111/j.1365-246X.2008.03985.x,2009,FEB,176,2.0,542,554,10.1111/j.1365-246X.2008.03985.x,0956-540X,
8457,Intraplate seismicity and related mantle hydration at the Nicaraguan trench outer rise,"Lefeldt, M.; Grevemeyer, I.; Gossler, J.; Bialas, J.","Grevemeyer, Ingo/0000-0002-6807-604X; Bialas, Joerg/0000-0001-8802-5277",http://dx.doi.org/10.1111/j.1365-246X.2009.04167.x,2009,AUG,178,2.0,742,752,10.1111/j.1365-246X.2009.04167.x,0956-540X,1365-246X
8628,The fractal description of seismicity,"Molchan, G.; Kronrod, T.",,http://dx.doi.org/10.1111/j.1365-246X.2009.04380.x,2009,DEC,179,3.0,1787,1799,10.1111/j.1365-246X.2009.04380.x,0956-540X,1365-246X
8643,Earthquake cycle in Western Taiwan: Insights from historical seismicity,"Ng, Sin Mei; Angelier, Jacques; Chang, Chung-Pai",,http://dx.doi.org/10.1111/j.1365-246X.2009.04164.x,2009,AUG,178,2.0,753,774,10.1111/j.1365-246X.2009.04164.x,0956-540X,
8687,Seismicity patterns and variation of the frequency-magnitude distribution of microcracks in salt,"Koehler, Nina; Spies, Thomas; Dahm, Torsten","Dahm, Torsten/0000-0001-6432-7422",http://dx.doi.org/10.1111/j.1365-246X.2009.04303.x,2009,OCT,179,1.0,489,499,10.1111/j.1365-246X.2009.04303.x,0956-540X,1365-246X
8697,"Stress channelling and partitioning of seismicity in the Charlevoix seismic zone, Quebec, Canada","Baird, Alan F.; McKinnon, Stephen D.; Godin, Laurent","Baird, Alan/0000-0002-8740-9516;",http://dx.doi.org/10.1111/j.1365-246X.2009.04275.x,2009,OCT,179,1.0,559,568,10.1111/j.1365-246X.2009.04275.x,0956-540X,1365-246X
8702,"Multifractal Omori law for earthquake triggering: new tests on the California, Japan and worldwide catalogues","Ouillon, G.; Sornette, D.; Ribeiro, E.",,http://dx.doi.org/10.1111/j.1365-246X.2009.04079.x,2009,JUL,178,1.0,215,243,10.1111/j.1365-246X.2009.04079.x,0956-540X,1365-246X
8724,Seismicity in a model governed by competing frictional weakening and healing mechanisms,"Hillers, G.; Carlson, J. M.; Archuleta, R. J.","Hillers, Gregor/0000-0003-2341-1892",http://dx.doi.org/10.1111/j.1365-246X.2009.04217.x,2009,SEP,178,3.0,1363,1383,10.1111/j.1365-246X.2009.04217.x,0956-540X,1365-246X
8790,Spatiotemporal characterization of interswarm period seismicity in the focal area NovY Kostel (West Bohemia/Vogtland) by a short-term microseismic study,"Haege, Martin; Joswig, Manfred",,http://dx.doi.org/10.1111/j.1365-246X.2009.04320.x,2009,NOV,179,2.0,1071,1079,10.1111/j.1365-246X.2009.04320.x,0956-540X,1365-246X
8807,Spatiotemporal characterization of interswarm period seismicity in the focal area Nov′y Kostel (West Bohemia/Vogtland) by a short-term microseismic study,"Haege, Martin; Joswig, Manfred",,http://dx.doi.org/10.1111/j.1365-246X.2009.04320.x,2009,NOV 1,179,2.0,1071,1079,10.1111/j.1365-246X.2009.04320.x,0956-540X,1365-246X
8851,Capturing magma intrusion and faulting processes during continental rupture: seismicity of the Dabbahu (Afar) rift,"Ebinger, C. J.; Keir, D.; Ayele, A.; Calais, E.; Wright, T. J.; Belachew, M.; Hammond, J. O. S.; Campbell, E.; Buck, W. R.","Ebinger, Cynthia/0000-0002-6211-3399; Keir, Derek/0000-0001-8787-8446; Calais, Eric/0000-0002-5935-8117; Hammond, James/0000-0001-9194-8689; Wright, Tim/0000-0001-8338-5935",http://dx.doi.org/10.1111/j.1365-246X.2008.03877.x,2008,SEP,174,3.0,1138,1152,10.1111/j.1365-246X.2008.03877.x,0956-540X,1365-246X
8970,Low detection capability of global earthquakes after the occurrence of large earthquakes: investigation of the Harvard CMT catalogue,"Iwata, Takaki","Iwata, Takaki/0000-0002-8656-2471",http://dx.doi.org/10.1111/j.1365-246X.2008.03864.x,2008,SEP,174,3.0,849,856,10.1111/j.1365-246X.2008.03864.x,0956-540X,1365-246X
8980,Analysis of the induced seismicity of the Lacq gas field (southwestern France) and model of deformation,"Bardainne, T.; Dubos-Sallee, N.; Senechal, G.; Gaillot, P.; Perroud, H.",,http://dx.doi.org/10.1111/j.1365-246X.2007.03705.x,2008,MAR,172,3.0,1151,1162,10.1111/j.1365-246X.2007.03705.x,0956-540X,1365-246X
9072,"Seismicity rate and wave-velocity variations as consequences of rainfall:: the case of the catastrophic storm of September 2002 in the Nimes Fault region (Gard, France)","Rigo, Alexis; Bethoux, Nicole; Masson, Frederic; Ritz, Jean-Francois","Alexis, Rigo/0000-0002-5958-9839; Masson, Frederic/0000-0002-0186-7138",http://dx.doi.org/10.1111/j.1365-246X.2008.03718.x,2008,MAY,173,2.0,473,482,10.1111/j.1365-246X.2008.03718.x,0956-540X,1365-246X
9109,A possible mechanism for the spatial distribution of seismicity in northern Gulf of Mexico,"Gangopadhyay, Abhijit; Sen, Mrinal K.",,http://dx.doi.org/10.1111/j.1365-246X.2008.03952.x,2008,DEC,175,3.0,1141,1153,10.1111/j.1365-246X.2008.03952.x,0956-540X,1365-246X
9139,Statistical identification of seismicity phases,"Pievatolo, A.; Rotondi, R.","PIEVATOLO, ANTONIO/0000-0001-5696-1271; Rotondi, Renata/0000-0003-1501-9751",http://dx.doi.org/10.1111/j.1365-246X.2008.03773.x,2008,JUN,173,3.0,942,957,10.1111/j.1365-246X.2008.03773.x,0956-540X,1365-246X
9215,The diffuse transition between the Zagros continental collision and the Makran oceanic subduction (Iran): microearthquake seismicity and crustal structure,"Yamini-Fard, F.; Hatzfeld, D.; Farahbod, A. M.; Paul, A.; Mokhtari, M.",,http://dx.doi.org/10.1111/j.1365-246X.2006.03232.x,2007,JUL,170,1.0,182,194,10.1111/j.1365-246X.2006.03232.x,0956-540X,1365-246X
9246,Locally triggered seismicity in the central Swiss Alps following the large rainfall event of August 2005,"Husen, S.; Bachmann, C.; Giardini, D.",,http://dx.doi.org/10.1111/j.1365-246X.2007.03561.x,2007,DEC,171,3.0,1126,1134,10.1111/j.1365-246X.2007.03561.x,0956-540X,
9276,"A synthetic seismicity model for the Xianshuihe fault, southwestern China: simulation using a rate- and state-dependent friction law","Kato, Naoyuki; Lei, Xinglin; Wen, Xueze","Lei, Xinglin/0000-0003-2088-6323; Kato, Naoyuki/0000-0002-5121-8785",http://dx.doi.org/10.1111/j.1365-246X.2006.03313.x,2007,APR,169,1.0,286,300,10.1111/j.1365-246X.2006.03313.x,0956-540X,1365-246X
9310,Statistical properties of seismicity of fault zones at different evolutionary stages,"Hillers, G.; Mai, P. M.; Ben-Zion, Y.; Ampuero, J. -P.","Ampuero, Jean Paul/0000-0002-4827-7987; Hillers, Gregor/0000-0003-2341-1892",http://dx.doi.org/10.1111/j.1365-246X.2006.03275.x,2007,MAY,169,2.0,515,533,10.1111/j.1365-246X.2006.03275.x,0956-540X,1365-246X
9365,"A structural model for the seismicity of the Arudy (1980) epicentral area (Western Pyrenees, France)","Dubos-Sallee, Noalwenn; Niviere, Bertrand; Lacan, Pierre; Hervouet, Yves","Lacan, Pierre/0000-0001-9077-8390",http://dx.doi.org/10.1111/j.1365-246X.2007.03499.x,2007,OCT,171,1.0,259,270,10.1111/j.1365-246X.2007.03499.x,0956-540X,1365-246X
9439,"Anomalous seismicity preceding the 1999 Izmit event, NW Turkey","Oncel, Ali O.; Wilson, Tom",,http://dx.doi.org/10.1111/j.1365-246X.2006.03298.x,2007,APR,169,1.0,259,270,10.1111/j.1365-246X.2006.03298.x,0956-540X,1365-246X
9445,"Microseismicity of the ultraslow-spreading Gakkel ridge, Arctic Ocean:: a pilot study","Schlindwein, Vera; Mueller, Christian; Jokat, Wilfried","Schlindwein, Vera/0000-0001-5570-2753; Jokat, Wilfried/0000-0002-7793-5854",http://dx.doi.org/10.1111/j.1365-246X.2006.03308.x,2007,APR,169,1.0,100,112,10.1111/j.1365-246X.2006.03308.x,0956-540X,1365-246X
9463,"New observations of local seismicity by the SN-1 seafloor observatory in the Ionian Sea, off-shore Eastern Sicily (Italy)","Sgroi, Tiziana; Beranzoli, Laura; Di Grazia, Giuseppe; Ursino, Andrea; Favali, Paolo","BERANZOLI, LAURA/0000-0002-2273-3593; Di Grazia, Giuseppe/0000-0002-8153-9280; Sgroi, Tiziana/0000-0001-7030-0699",http://dx.doi.org/10.1111/j.1365-246X.2007.03348.x,2007,MAY,169,2.0,490,501,10.1111/j.1365-246X.2007.03348.x,0956-540X,1365-246X
9483,Statistical analysis of time-dependent earthquake occurrence and its impact on hazard in the low seismicity region Lower Rhine Embayment,"Faenza, Licia; Hainzl, Sebastian; Scherbaum, Frank; Beauval, Celine","Scherbaum, Frank/0000-0002-5050-7331; Beauval, Céline/0000-0002-2614-7268; faenza, licia/0000-0002-6135-1141; Hainzl, Sebastian/0000-0002-2875-0933",http://dx.doi.org/10.1111/j.1365-246X.2007.03564.x,2007,NOV,171,2.0,797,806,10.1111/j.1365-246X.2007.03564.x,0956-540X,
9498,The waveform similarity approach to identify dependent events in instrumental seismic catalogues,"Barani, S.; Ferretti, G.; Massa, M.; Spallarossa, D.","SPALLAROSSA, Daniele/0000-0002-8021-3908; FERRETTI, GABRIELE/0000-0001-7938-258X; Massa, Marco/0000-0003-0696-2035; Barani, Simone/0000-0001-8229-568X",http://dx.doi.org/10.1111/j.1365-246X.2006.03207.x,2007,JAN,168,1.0,100,108,10.1111/j.1365-246X.2006.03207.x,0956-540X,1365-246X
9530,Three-dimensional location and waveform analysis of microseismicity in multi-anvil experiments,"de Ronde, A. A.; Dobson, D. P.; Meredith, P. G.; Boon, S. A.","Meredith, Philip/0000-0003-2193-5342; Doon, David/0000-0002-0890-0121",http://dx.doi.org/10.1111/j.1365-246X.2007.03597.x,2007,DEC,171,3.0,1282,1294,10.1111/j.1365-246X.2007.03597.x,0956-540X,1365-246X
9545,Classification of seismic patterns in a hierarchical model of rupture: a new phase diagram for seismicity,"Narteau, Clement","Narteau, Clement/0000-0002-9556-9544",http://dx.doi.org/10.1111/j.1365-246X.2006.03212.x,2007,FEB,168,2.0,710,722,10.1111/j.1365-246X.2006.03212.x,0956-540X,1365-246X
9571,"Seismicity, structure and rheology of the lithosphere in the Lake region (vol 167, pg 1233, 2006)","Emmerson, B.; Jackson, J.; McKenzie, D.; Priestley, K.",,http://dx.doi.org/10.1111/j.1365-246X.2007.03389.x,2007,JUN,169,3.0,1300,1300,10.1111/j.1365-246X.2007.03389.x,0956-540X,
9605,Relocation and assessment of seismicity in the Iran region,"Engdahl, E. Robert; Jackson, James A.; Myers, Stephen C.; Bergman, Eric A.; Priestley, Keith","Engdahl, Eric Robert/0000-0003-4248-4798",http://dx.doi.org/10.1111/j.1365-246X.2006.03127.x,2006,NOV,167,2.0,761,778,10.1111/j.1365-246X.2006.03127.x,0956-540X,1365-246X
9613,Automatic seismic phase picking and consistent observation error assessment: application to the Italian seismicity,"Di Stefano, R.; Aldersons, F.; Kissling, E.; Baccheschi, P.; Chiarabba, C.; Giardini, D.","Baccheschi, Paola/0000-0001-5383-7945; Di Stefano, Raffaele/0000-0003-3489-7453; chiarabba, claudio/0000-0002-8111-3466; Kissling, Edi/0000-0001-9575-7951",http://dx.doi.org/10.1111/j.1365-246X.2005.02799.x,2006,APR,165,1.0,121,134,10.1111/j.1365-246X.2005.02799.x,0956-540X,1365-246X
9673,Crustal structure and local seismicity in western Anatolia,"Akyol, Nihal; Zhu, Lupei; Mitchell, Brian J.; Sozbilir, Hasan; Kekovali, Kivanc","AKYOL, NIHAL/0000-0002-9335-0864; Zhu, Lupei/0000-0002-6640-1718;",http://dx.doi.org/10.1111/J.1365-246x.2006.03053.x,2006,SEP,166,3.0,1259,1269,10.1111/J.1365-246x.2006.03053.x,0956-540X,1365-246X
9748,"Microearthquake seismicity at the intersection between the Kazerun fault and the Main Recent Fault (Zagros, Iran)","Yamini-Fard, Farzam; Hatzfeld, Denis; Tatar, Mohammad; Mokhtari, Mohammad","Tatar, Mohammad/0000-0003-2904-6195",http://dx.doi.org/10.1111/j.1365-246X.2006.02891.x,2006,JUL,166,1.0,186,196,10.1111/j.1365-246X.2006.02891.x,0956-540X,1365-246X
9765,"Seismicity, structure and rheology of the lithosphere in the Lake Baikal region","Emmerson, Brian; Jackson, James; McKenzie, Dan; Priestley, Keith",,http://dx.doi.org/10.1111/j.1365-246X.2006.03075.x,2006,DEC,167,3.0,1233,1272,10.1111/j.1365-246X.2006.03075.x,0956-540X,1365-246X
9766,"Hydraulic stimulation of geothermal reservoirs: fluid flow, electric potential and microseismicity relationships","Darnet, Mathieu; Marquis, Guy; Sailhac, Pascal",,http://dx.doi.org/10.1111/j.1365-246X.2006.03026.x,2006,JUL,166,1.0,438,444,10.1111/j.1365-246X.2006.03026.x,0956-540X,1365-246X
9777,A catalogue of Spanish archaeomagnetic data,"Gomez-Paccard, M.; Catanzariti, G.; Ruiz-Martinez, V. C.; McIntosh, G.; Nunez, J. I.; Osete, M. L.; Chauvin, A.; Lanos, Ph.; Tarling, D. H.; Bernal-Casasola, D.; Thiriot, J.","Osete, Maria Luisa/0000-0001-5767-2877; Ruiz Martínez, Vicente Carlos/0000-0002-0668-4613; Gomez-Paccard, Miriam/0000-0002-9339-3047; McIntosh, Gregg/0000-0002-1635-2217; Bernal-Casasola, Darío/0000-0003-1107-5318",http://dx.doi.org/10.1111/j.1365-246X.2006.03020.x,2006,SEP,166,3.0,1125,1143,10.1111/j.1365-246X.2006.03020.x,0956-540X,1365-246X
9780,The role of seismicity models in probabilistic seismic hazard estimation: comparison of a zoning and a smoothing approach,"Beauval, C; Scotti, O; Bonilla, F","Bonilla, Luis Fabian/0000-0001-6270-9822; scotti, oona/0000-0002-6640-9090; Beauval, Céline/0000-0002-2614-7268",http://dx.doi.org/10.1111/j.1365-246X.2006.02945.x,2006,MAY,165,2.0,584,595,10.1111/j.1365-246X.2006.02945.x,0956-540X,1365-246X
9797,"Comparison of frequency of occurrence of earthquakes with slip rates from long-term seismicity data: the cases of Gulf of Corinth, Sea of Marmara and Dead Sea Fault Zone","Ambraseys, NN",,http://dx.doi.org/10.1111/j.1365-246X.2006.02858.x,2006,MAY,165,2.0,516,526,10.1111/j.1365-246X.2006.02858.x,0956-540X,1365-246X
9811,Probabilistic seismic hazard estimation in low-seismicity regions considering non-Poissonian seismic occurrence,"Beauval, C; Hainzl, S; Scherbaum, F","Hainzl, Sebastian/0000-0002-2875-0933; Scherbaum, Frank/0000-0002-5050-7331; Beauval, Céline/0000-0002-2614-7268",http://dx.doi.org/10.1111/j.1365-246X.2006.02863.x,2006,MAR,164,3.0,543,550,10.1111/j.1365-246X.2006.02863.x,0956-540X,1365-246X
9839,An attempt to use aerial gamma-ray spectrometry results in petrochemical assessments of the volcanic and plutonic associations of Central Anatolia (Turkey),"Aydin, Ibrahim; Aydogan, M. Selman; Oksum, Erdinc; Kocak, Ali","Oksum, Erdinc/0000-0001-8386-9411",http://dx.doi.org/10.1111/j.1365-246X.2006.03173.x,2006,NOV,167,2.0,1044,1052,10.1111/j.1365-246X.2006.03173.x,0956-540X,1365-246X
9968,An updated global earthquake catalogue for stable continental regions: reassessing the correlation with ancient rifts,"Schulte, SM; Mooney, WD",,http://dx.doi.org/10.1111/j.1365-246X.2005.02554.x,2005,JUN,161,3.0,707,721,10.1111/j.1365-246X.2005.02554.x,0956-540X,1365-246X
9972,Microseismicity and permeability enhancement of hydrogeologic structures during massive fluid injections into granite at 3 km depth at the Soultz HDR site,"Evans, KF; Moriya, H; Niitsuma, H; Jones, RH; Phillips, WS; Genter, A; Sausse, J; Jung, R; Baria, R","Genter, Albert/0000-0001-7816-1822; SAUSSE, Judith/0000-0002-7830-3808",http://dx.doi.org/10.1111/j.1365-246X.2004.02474.x,2005,JAN,160,1.0,388,412,10.1111/j.1365-246X.2004.02474.x,0956-540X,1365-246X
9989,High-resolution imaging of the Bear Valley section of the San Andreas fault at seismogenic depths with fault-zone head waves and relocated seismicity,"McGuire, J; Ben-Zion, Y",,http://dx.doi.org/10.1111/j.1365-246X.2005.02703.x,2005,OCT,163,1.0,152,164,10.1111/j.1365-246X.2005.02703.x,0956-540X,1365-246X
10071,"Crustal seismicity in Taranaki, New Zealand using accurate hypocentres from a dense network","Sherburn, S; White, RS",,http://dx.doi.org/10.1111/j.1365-246X.2005.02667.x,2005,AUG,162,2.0,494,506,10.1111/j.1365-246X.2005.02667.x,0956-540X,1365-246X
10093,Evidence for Holocene palaeoseismicity along the Basel-Reinach active normal fault (Switzerland): a seismic source for the 1356 earthquake in the Upper Rhine graben,"Ferry, M; Meghraoui, M; Delouis, B; Giardini, D","Ferry, Matthieu/0000-0002-6498-7807",http://dx.doi.org/10.1111/j.1365-246X.2005.02404.x,2005,FEB,160,2.0,554,U2,10.1111/j.1365-246X.2005.02404.x,0956-540X,
10106,Numerical modelling of pore-pressure diffusion in a reservoir-induced seismicity site in northeast Brazil,"do Nascimento, AF; Lunn, RJ; Cowie, PA","Lunn, Rebecca/0000-0002-4258-9349",http://dx.doi.org/10.1111/j.1365-246X.2005.02473.x,2005,JAN,160,1.0,249,262,10.1111/j.1365-246X.2005.02473.x,0956-540X,1365-246X
10120,Long-term seismicity of the Reykjanes Ridge (North Atlantic) recorded by a regional hydrophone array,"Goslin, J; Lourenço, N; Dziak, RP; Bohnenstiehl, DR; Haxel, J; Luis, J","Luis, Joaquim/0000-0002-9035-4069; Lourenço, Nuno/0000-0002-8038-677X",http://dx.doi.org/10.1111/j.1365-246X.2005.02678.x,2005,AUG,162,2.0,516,524,10.1111/j.1365-246X.2005.02678.x,0956-540X,1365-246X
10151,Induced seismicity around the Tous New Dam (Spain),"Torcal, F; Serrano, I; Havskov, J; Utrillas, JL; Valero, JE",,http://dx.doi.org/10.1111/j.1365-246X.2005.02459.x,2005,JAN,160,1.0,144,160,10.1111/j.1365-246X.2005.02459.x,0956-540X,1365-246X
10205,On the spatial scaling of seismicity rate,"Molchan, G; Kronrod, T",,http://dx.doi.org/10.1111/j.1365-246X.2005.02693.x,2005,SEP,162,3.0,899,909,10.1111/j.1365-246X.2005.02693.x,0956-540X,1365-246X
10210,Inversion of GPS velocity and seismicity data to yield changes in stress in the Japanese Islands,"Iinuma, T; Kato, T; Hori, M","Iinuma, Takeshi/0000-0003-0386-2055",http://dx.doi.org/10.1111/j.1365-246X.2005.02513.x,2005,FEB,160,2.0,417,434,10.1111/j.1365-246X.2005.02513.x,0956-540X,1365-246X
10295,Tectonics of the Central Zagros (Iran) deduced from microearthquake seismicity,"Tatar, M; Hatzfeld, D; Ghafory-Ashtiany, M","Tatar, Mohammad/0000-0003-2904-6195",http://dx.doi.org/10.1111/j.1365-246X.2003.02145.x,2004,FEB,156,2.0,255,266,10.1111/j.1365-246X.2003.02145.x,0956-540X,1365-246X
10304,Intraplate seismicity in SE Brazil:: stress concentration in lithospheric thin spots,"Assumpçao, M; Schimmel, M; Escalante, C; Barbosa, JR; Rocha, M; Barros, LV","Schimmel, Martin/0000-0003-2601-4462; Assumpção, Marcelo/0000-0003-0378-8406; Vieira Barros, Lucas/0000-0002-6574-7004; Rocha, Marcelo/0000-0002-6869-6468",http://dx.doi.org/10.1111/j.1365-246X.2004.02357.x,2004,OCT,159,1.0,390,399,10.1111/j.1365-246X.2004.02357.x,0956-540X,1365-246X
10315,Seismicity patterns of earthquake swarms due to fluid intrusion and stress triggering,"Hainzl, S","Hainzl, Sebastian/0000-0002-2875-0933",http://dx.doi.org/10.1111/j.1365-246X.2004.02463.x,2004,DEC,159,3.0,1090,1096,10.1111/j.1365-246X.2004.02463.x,0956-540X,
10333,"Active faulting and seismicity of the Dasht-e-Bayaz region, eastern Iran","Walker, R; Jackson, J; Baker, C","Walker, Richard/0000-0002-7551-4124",http://dx.doi.org/10.1111/j.1365-2966.2004.02179.x,2004,APR,157,1.0,265,282,10.1111/j.1365-2966.2004.02179.x,0956-540X,1365-246X
10383,"Spatio-temporal evolution of induced seismicity at Acu reservoir, NE Brazil","do Nascimento, AF; Cowie, PA; Lunn, RJ; Pearce, RG","Lunn, Rebecca/0000-0002-4258-9349;",http://dx.doi.org/10.1111/j.1365-246X.2004.02351.x,2004,SEP,158,3.0,1041,1052,10.1111/j.1365-246X.2004.02351.x,0956-540X,1365-246X
10405,A German catalogue of archaeomagnetic data,"Schnepp, E; Pucher, R; Reinders, J; Hambach, U; Soffel, H; Hedley, I","Hambach, Ulrich Frieich/0000-0001-8455-6812; Schnepp, Elisabeth/0000-0002-1685-9974",http://dx.doi.org/10.1111/j.1365-246X.2004.02163.x,2004,APR,157,1.0,64,78,10.1111/j.1365-246X.2004.02163.x,0956-540X,1365-246X
10451,New constraints on seismicity in the Wellington region of New Zealand from relocated earthquake hypocentres,"Du, WX; Thurber, CH; Reyners, M; Eberhart-Phillips, D; Zhang, HJ","Eberhart-Phillips, Donna/0000-0003-0392-8659; Thurber, Clifford/0000-0002-4940-4618; Zhang, Haijiang/0000-0003-4358-8951",http://dx.doi.org/10.1111/j.1365-246X.2004.02366.x,2004,SEP,158,3.0,1088,1102,10.1111/j.1365-246X.2004.02366.x,0956-540X,1365-246X
10497,"Coseismic slip resolution and post-seismic relaxation time of the 1999 Chi-Chi, Taiwan, earthquake as constrained by geological observations, geodetic measurements and seismicity","Loevenbruck, A; Cattin, R; Le Pichon, X; Dominguez, S; Michel, R","Dominguez, Stephane/0000-0001-8218-7144; Cattin, Rodolphe/0000-0002-9825-9568",http://dx.doi.org/10.1111/j.1365-246X.2004.02285.x,2004,JUL,158,1.0,310,326,10.1111/j.1365-246X.2004.02285.x,0956-540X,
10637,"Accelerating seismicity of moderate-size earthquakes before the 1999 Chi-Chi, Taiwan, earthquake: Testing time-prediction of the self-organizing spinodal model of earthquakes","Chen, CC",,http://dx.doi.org/10.1046/j.1365-246X.2003.02071.x,2003,OCT,155,1.0,F1,F5,10.1046/j.1365-246X.2003.02071.x,0956-540X,
10639,"A model for fluid-injection-induced seismicity at the KTB, Germany","Baisch, S; Harjes, HP","Baisch, Stefan/0000-0002-1831-8960",http://dx.doi.org/10.1046/j.1365-246X.2003.01837.x,2003,JAN,152,1.0,160,170,10.1046/j.1365-246X.2003.01837.x,0956-540X,
10666,Average strain rate in the Italian crust inferred from a permanent GPS network - II. Strain rate versus seismicity and structural geology,"Caporali, A; Martin, S; Massironi, M","Massironi, Matteo/0000-0002-7757-8818",http://dx.doi.org/10.1046/j.1365-246X.2003.02035.x,2003,OCT,155,1.0,254,268,10.1046/j.1365-246X.2003.02035.x,0956-540X,1365-246X
10686,A non-parametric hazard model to characterize the spatio-temporal occurrence of large earthquakes; an application to the Italian catalogue,"Faenza, L; Marzocchi, W; Boschi, E","faenza, licia/0000-0002-6135-1141; Marzocchi, Warner/0000-0002-9114-1516; Boschi, Enzo/0000-0003-0527-9664",http://dx.doi.org/10.1046/j.1365-246X.2003.02068.x,2003,NOV,155,2.0,521,531,10.1046/j.1365-246X.2003.02068.x,0956-540X,
10744,"Seismicity response to stress perturbations, analysed for a world-wide catalogue","Marsan, D; Bean, CJ","Bean, Christopher/0000-0003-3285-2446",http://dx.doi.org/10.1046/j.1365-246X.2003.01963.x,2003,JUL,154,1.0,179,195,10.1046/j.1365-246X.2003.01963.x,0956-540X,
10745,"The linked stress release model for spatio-temporal seismicity: formulations, procedures and applications","Bebbington, M; Harte, D","Bebbington, Mark/0000-0003-3504-7418; Harte, David/0000-0002-6586-7321",http://dx.doi.org/10.1046/j.1365-246X.2003.02015.x,2003,SEP,154,3.0,925,946,10.1046/j.1365-246X.2003.02015.x,0956-540X,1365-246X
10779,Microearthquake seismicity in relation to double convergence around the Solomon Islands arc by ocean-bottom seismometer observation,"Shinohara, M; Suyehiro, K; Murayama, T",,http://dx.doi.org/10.1046/j.1365-246X.2003.01940.x,2003,JUN,153,3.0,691,698,10.1046/j.1365-246X.2003.01940.x,0956-540X,1365-246X
10934,"Palaeoseismicity studies on end-Pleistocene and Holocene lake deposits around Basle, Switzerland","Becker, A; Davenport, CA; Giardini, D",,http://dx.doi.org/10.1046/j.1365-246X.2002.01678.x,2002,JUN,149,3.0,659,678,10.1046/j.1365-246X.2002.01678.x,0956-540X,
10936,Precursory seismicity changes associated with the Mw=7.4 1999 August 17 Izmit (Turkey) earthquake,"Huang, Q; Öncel, AO; Sobolev, GA","Huang, Qinghua/0000-0002-1923-3002",http://dx.doi.org/10.1046/j.1365-246X.2002.01762.x,2002,OCT,151,1.0,235,242,10.1046/j.1365-246X.2002.01762.x,0956-540X,1365-246X
11098,"Non-double-couple mechanisms in the seismicity preceding the 1991-1993 Etna volcano eruption (vol 145, pg 319, 2001)",Saraò,,,2002,SEP,150,3.0,832,832,,0956-540X,1365-246X
11159,Polarization filtering for automatic picking of seismic data and improved converted phase detection,"Reading, AM; Mao, WJ; Gubbins, D","Reading, Anya/0000-0002-9316-7605; Gubbins, David/0000-0002-8125-4752",http://dx.doi.org/10.1046/j.1365-246X.2001.00501.x,2001,OCT,147,1.0,227,234,10.1046/j.1365-246X.2001.00501.x,0956-540X,
11190,Non-double-couple mechanisms in the seismicity preceding the 1991-1993 Etna volcano eruption,"Saraò, A; Panza, GF; Privitera, E; Cocina, O","Saraò, Angela/0000-0001-5734-5702; Giuliano, Panza/0000-0003-3504-3038; Cocina, Ornella/0000-0003-1856-830X",http://dx.doi.org/10.1046/j.1365-246x.2001.01375.x,2001,MAY,145,2.0,319,335,10.1046/j.1365-246x.2001.01375.x,0956-540X,1365-246X
11192,"Seismicity, seismotectonics and crustal structure of the southern Kenya Rift - new data from the Lake Magadi area","Ibs-von Seht, M; Blumenstein, S; Wagner, R; Hollnack, D; Wohlenberg, J",,http://dx.doi.org/10.1046/j.0956-540x.2001.01464.x,2001,AUG,146,2.0,439,453,10.1046/j.0956-540x.2001.01464.x,0956-540X,
11364,Seismicity of the Sea of Marmara (Turkey) since 1500,"Ambraseys, NN; Jackson, JA",,http://dx.doi.org/10.1046/j.1365-246x.2000.00137.x,2000,JUN,141,3.0,F1,F6,10.1046/j.1365-246x.2000.00137.x,0956-540X,
11396,The major asperities of the 1999 Mw=7.4 Izmit earthquake defined by the microseismicity of the two decades before it,"Öncel, AO; Wyss, M",,http://dx.doi.org/10.1046/j.1365-246X.2000.00211.x,2000,DEC,143,3.0,501,506,10.1046/j.1365-246X.2000.00211.x,0956-540X,1365-246X
11398,Microseismicity and faulting geometry in the Gulf of Corinth (Greece),"Hatzfeld, D; Karakostas, V; Ziazia, M; Kassaras, I; Papadimitriou, E; Makropoulos, K; Voulgaris, N; Papaioannou, C","Voulgaris, Nicholas/0000-0001-6551-1360; Papadimitriou, Eleftheria/0000-0003-3574-2787; MAKROPOULOS, KOSTAS/0000-0003-4656-1623;",http://dx.doi.org/10.1046/j.1365-246x.2000.00092.x,2000,MAY,141,2.0,438,456,10.1046/j.1365-246x.2000.00092.x,0956-540X,
11463,An inversion for fluid transport properties of three-dimensionally heterogeneous rocks using induced microseismicity,"Shapiro, SA","Shapiro, Serge/0000-0002-5062-2698",http://dx.doi.org/10.1046/j.1365-246X.2000.00264.x,2000,DEC,143,3.0,931,936,10.1046/j.1365-246X.2000.00264.x,0956-540X,
11573,Frequency-size distribution of global seismicity seen frombroad-band radiated energy,"Wu, ZL",,http://dx.doi.org/10.1046/j.1365-246x.2000.00135.x,2000,JUL,142,1.0,59,66,10.1046/j.1365-246x.2000.00135.x,0956-540X,1365-246X
11595,Comparison of five independent catalogues of earthquakes of a seismic region,"Caputo, M",,http://dx.doi.org/10.1046/j.1365-246X.2000.01235.x,2000,NOV,143,2.0,417,426,10.1046/j.1365-246X.2000.01235.x,0956-540X,
11623,"Comment on 'Large-scale in situ permeability tensor of rocks from induced microseismicity' by S. A.!Shapiro, P.!Audigane and J.-J.!Royer","Cornet, FH",,http://dx.doi.org/10.1046/j.1365-246x.2000.00018.x,2000,FEB,140,2.0,465,469,10.1046/j.1365-246x.2000.00018.x,0956-540X,
11624,Reply to comment by F. H.!Cornet on 'Large-scale in situ permeability tensor of rocks from induced microseismicity',"Shapiro, SA; Audigane, P; Royer, JJ","Audigane, Pascal/0000-0003-1445-8314; Shapiro, Serge/0000-0002-5062-2698;",http://dx.doi.org/10.1046/j.1365-246x.2000.00017.x,2000,FEB,140,2.0,470,473,10.1046/j.1365-246x.2000.00017.x,0956-540X,
11647,Large-scale in situ permeability tensor of rocks from induced microseismicity,"Shapiro, SA; Audigane, P; Royer, JJ","Shapiro, Serge/0000-0002-5062-2698; Audigane, Pascal/0000-0003-1445-8314; Royer, Jean-Jacques/0000-0002-0845-9372",http://dx.doi.org/10.1046/j.1365-246x.1999.00781.x,1999,APR,137,1.0,207,213,10.1046/j.1365-246x.1999.00781.x,0956-540X,
11674,"Fractal clustering of induced seismicity in The Geysers geothermal area, California","Henderson, JR; Barton, DJ; Foulger, GR",,http://dx.doi.org/10.1046/j.1365-246x.1999.00939.x,1999,NOV,139,2.0,317,324,10.1046/j.1365-246x.1999.00939.x,0956-540X,
11691,Microseismicity and focal mechanisms at the western termination of the North Anatolian Fault and their implications for continental tectonics,"Hatzfeld, D; Ziazia, M; Kementzetzidou, D; Hatzidimitriou, P; Panagiotopoulos, D; Makropoulos, K; Papadimitriou, P; Deschamps, A","MAKROPOULOS, KOSTAS/0000-0003-4656-1623; Deschamps, Anne/0000-0002-6209-9814",http://dx.doi.org/10.1046/j.1365-246x.1999.00851.x,1999,JUN,137,3.0,891,908,10.1046/j.1365-246x.1999.00851.x,0956-540X,
11752,"Palaeoseismicity of the Oquirrh fault, Utah from shallow seismic tomography","Morey, D; Schuster, GT",,http://dx.doi.org/10.1046/j.1365-246x.1999.00814.x,1999,JUL,138,1.0,25,35,10.1046/j.1365-246x.1999.00814.x,0956-540X,
11786,Constraints on the frequency-magnitude relation and maximum magnitudes in the UK from observed seismicity and glacio-isostatic recovery rates,"Main, I; Irving, D; Musson, R; Reading, A","Main, Ian Graham/0000-0001-7031-6746; Reading, Anya/0000-0002-9316-7605",http://dx.doi.org/10.1046/j.1365-246X.1999.00796.x,1999,MAY,137,2.0,535,550,10.1046/j.1365-246X.1999.00796.x,0956-540X,1365-246X
11820,Numerical simulation of seismicity due to fluid injection in a brittle poroelastic medium,"Maillot, B; Nielsen, S; Main, I","Nielsen, Stefan/0000-0002-9214-2932; Main, Ian Graham/0000-0001-7031-6746; maillot, bertrand/0000-0002-9378-3985",http://dx.doi.org/10.1046/j.1365-246x.1999.00933.x,1999,NOV,139,2.0,263,272,10.1046/j.1365-246x.1999.00933.x,0956-540X,
11822,Scaling properties of the spatio-temporal distribution of earthquakes: a multifractal approach applied to a Californian catalogue,"Godano, C; Tosi, P; Derubeis, V; Augliera, P","Tosi, Patrizia/0000-0003-3247-4318; Augliera, Paolo/0000-0001-5908-389X",http://dx.doi.org/10.1046/j.1365-246X.1999.00697.x,1999,JAN,136,1.0,99,108,10.1046/j.1365-246X.1999.00697.x,0956-540X,1365-246X
