Article Title,Authors,Author Full Names,Researcher Ids,ORCIDs,ISSN,eISSN,Publication Date,Publication Year,Volume,Issue,Start Page,End Page,Article Number,DOI,DOI Link
On the Use of High-Resolution and Deep-Learning Seismic Catalogs for Short-Term Earthquake Forecasts: Potential Benefits and Current Limitations,"Mancini, S; Segou, M; Werner, MJ; Parsons, T; Beroza, G; Chiaraluce, L","Mancini, S.; Segou, M.; Werner, M. J.; Parsons, T.; Beroza, G.; Chiaraluce, L.","Parsons, Tom/A-3424-2008; Chiaraluce, Lauro/A-4410-2012; Werner, Maximilian/ITU-6431-2023","Parsons, Tom/0000-0002-0582-4338; Mancini, Simone/0000-0003-3415-2080; Chiaraluce, Lauro/0000-0002-9697-6504; Werner, Maximilian/0000-0002-2430-2631; Segou, Margarita/0000-0001-8119-4019; Beroza, Gregory/0000-0002-8667-1838",2169-9313,2169-9356,NOV,2022,127,11,,,,10.1029/2022JB025202,http://dx.doi.org/10.1029/2022JB025202
An Adaptable Random Forest Model for the Declustering of Earthquake Catalogs,"Aden-Antoniów, F; Frank, WB; Seydoux, L","Aden-Antoniow, F.; Frank, W. B.; Seydoux, L.","Seydoux, Léonard Simon/IUP-3726-2023; Aden-Antoniow, Florent/AAU-9810-2020; Frank, William/C-7249-2016","Seydoux, Léonard Simon/0000-0002-6596-5896; Aden-Antoniow, Florent/0000-0001-8071-1520; Frank, William/0000-0001-7892-3081",2169-9313,2169-9356,FEB,2022,127,2,,,e2021JB023254,10.1029/2021JB023254,http://dx.doi.org/10.1029/2021JB023254
Comparing foreshock characteristics and foreshock forecasting in observed and simulated earthquake catalogs,"Ogata, Y; Katsura, K","Ogata, Yosihiko; Katsura, Koichi",,,2169-9313,2169-9356,NOV,2014,119,11,8457,8477,,10.1002/2014JB011250,http://dx.doi.org/10.1002/2014JB011250
Estimating Magnitude Completeness in Earthquake Catalogs: A Comparative Study of Catalog-Based Methods,"Wang, XY; Li, JW; Feng, A; Sornette, D","Wang, Xinyi; Li, Jiawei; Feng, Ao; Sornette, Didier",,"Feng, Ao/0000-0001-6231-7810; Li, Jiawei/0000-0003-1226-8162",2169-9313,2169-9356,Sep 10,2025,130,9,,,e2025JB031441,10.1029/2025JB031441,http://dx.doi.org/10.1029/2025JB031441
a-Positive: A Robust Estimator of the Earthquake Rate in Incomplete or Saturated Catalogs,"van der Elst, NJ; Page, MT","van der Elst, Nicholas J.; Page, Morgan T.","Page, Morgan/Y-2726-2019","Page, Morgan/0000-0001-9321-2990",2169-9313,2169-9356,OCT,2023,128,10,,,e2023JB027089,10.1029/2023JB027089,http://dx.doi.org/10.1029/2023JB027089
A Detailed Earthquake Catalog for the San Jacinto Fault-Zone Region in Southern California,"White, MCA; Ben-Zion, Y; Vernon, FL","White, Malcolm C. A.; Ben-Zion, Yehuda; Vernon, Frank L.","; White, Malcolm/AAR-7155-2021","Ben-Zion, Yehuda/0000-0002-9602-2014; White, Malcolm/0000-0001-7543-3896; Vernon, Frank/0000-0002-9379-4000",2169-9313,2169-9356,JUL,2019,124,7,6908,6930,,10.1029/2019JB017641,http://dx.doi.org/10.1029/2019JB017641
"Tests of the precursory accelerating moment release model using a synthetic seismicity model for Wellington, New Zealand","Zhou, SY; Johnston, S; Robinson, R; Vere-Jones, D","Zhou, Shiyong; Johnston, Steven; Robinson, Russell; Vere-Jones, David",,,2169-9313,2169-9356,May 11,2006,111,B5,,,B05308,10.1029/2005JB003720,http://dx.doi.org/10.1029/2005JB003720
A new 1649-1884 catalog of destructive earthquakes near Tokyo and implications for the long-term seismic process,"Grunewald, ED; Stein, RS","Grunewald, Elliot D.; Stein, Ross S.",,,2169-9313,2169-9356,Dec 20,2006,111,B12,,,B12306,10.1029/2005JB004059,http://dx.doi.org/10.1029/2005JB004059
Apparent triggering function of aftershocks resulting from rate-dependent incompleteness of earthquake catalogs,"Hainzl, S","Hainzl, Sebastian","Hainzl, Sebastian/KVA-4598-2024","Hainzl, Sebastian/0000-0002-2875-0933",2169-9313,2169-9356,SEP,2016,121,9,6499,6509,,10.1002/2016JB013319,http://dx.doi.org/10.1002/2016JB013319
A Novel Method to Determine Probabilistic Tsunami Hazard Using a Physics-Based Synthetic Earthquake Catalog: A New Zealand Case Study,"Hughes, L; Power, W; Lane, EM; Savage, MK; Arnold, R; Howell, A; Shaw, B; Fry, B; Nicol, A","Hughes, Laura; Power, William; Lane, Emily M.; Savage, Martha K.; Arnold, Richard; Howell, Andrew; Shaw, Bruce; Fry, Bill; Nicol, Andrew","Fry, Bill/G-1696-2011; Lane, Emily Margaret/AAU-7786-2020; Savage, Martha/F-1857-2011","Lane, Emily Margaret/0000-0002-9261-6640; Arnold, Richard/0000-0002-1238-1993; Hughes, Laura/0000-0002-7878-2538; Savage, Martha/0000-0002-2080-0676",2169-9313,2169-9356,DEC,2023,128,12,,,e2023JB027207,10.1029/2023JB027207,http://dx.doi.org/10.1029/2023JB027207
Informative Modes of Seismicity in Nearest-Neighbor Earthquake Proximities,"Hsu, YF; Zaliapin, I; Ben-Zion, Y","Hsu, Yu-Fang; Zaliapin, Ilya; Ben-Zion, Yehuda","; Zaliapin, Ilya/AHD-5753-2022","Ben-Zion, Yehuda/0000-0002-9602-2014; Hsu, Yu-Fang/0009-0008-1398-472X",2169-9313,2169-9356,Mar 21,2024,129,3,,,e2023JB027826,10.1029/2023JB027826,http://dx.doi.org/10.1029/2023JB027826
Seismic hazard in western Canada from GPS strain rates versus earthquake catalog,"Mazzotti, S; Leonard, LJ; Cassidy, JF; Rogers, GC; Halchuk, S","Mazzotti, S.; Leonard, L. J.; Cassidy, J. F.; Rogers, G. C.; Halchuk, S.","Leonard, Lucinda/AAF-2484-2020; Mazzotti, Stephane/H-3928-2016","Leonard, Lucinda/0000-0002-6492-7660; Mazzotti, Stephane/0000-0003-2514-4310",2169-9313,2169-9356,Dec 17,2011,116,,,,B12310,10.1029/2011JB008213,http://dx.doi.org/10.1029/2011JB008213
Refined Earthquake Focal Mechanism Catalog for Southern California Derived With Deep Learning Algorithms,"Cheng, YF; Hauksson, E; Ben-Zion, Y","Cheng, Yifang; Hauksson, Egill; Ben-Zion, Yehuda","; Cheng PhD, Yifang/HOC-4460-2023","Hauksson, Egill/0000-0002-6834-5051; Ben-Zion, Yehuda/0000-0002-9602-2014;",2169-9313,2169-9356,FEB,2023,128,2,,,e2022JB025975,10.1029/2022JB025975,http://dx.doi.org/10.1029/2022JB025975
"How well constrained are well-constrained T, B, and P axes in moment tensor catalogs?","Frohlich, C; Davis, SD","Frohlich, C; Davis, SD","Frohlich, Cliff/A-8573-2008",,2169-9313,2169-9356,Mar 10,1999,104,B3,4901,4910,,10.1029/1998JB900071,http://dx.doi.org/10.1029/1998JB900071
b-More-Incomplete and b-More-Positive: Insights on a Robust Estimator of Magnitude Distribution,"Lippiello, E; Petrillo, G","Lippiello, E.; Petrillo, G.",,"Petrillo, Giuseppe/0000-0002-2339-559X",2169-9313,2169-9356,Feb 4,2024,129,2,,,e2023JB027849,10.1029/2023JB027849,http://dx.doi.org/10.1029/2023JB027849
Differences between spontaneous and triggered earthquakes: Their influences on foreshock probabilities,"Zhuang, J; Christophersen, A; Savage, MK; Vere-Jones, D; Ogata, Y; Jackson, DD","Zhuang, Jiancang; Christophersen, Annemarie; Savage, Martha K.; Vere-Jones, David; Ogata, Yosihiko; Jackson, David D.","Zhuang, Jiancang/C-3650-2011; Savage, Martha/F-1857-2011","Zhuang, Jiancang/0000-0002-9708-3871; Savage, Martha/0000-0002-2080-0676; Christophersen, Annemarie/0000-0003-1467-1414",2169-9313,2169-9356,Nov 6,2008,113,B11,,,B11302,10.1029/2008JB005579,http://dx.doi.org/10.1029/2008JB005579
Global compilation of interferometric synthetic aperture radar earthquake source models: 1. Comparisons with seismic catalogs,"Weston, J; Ferreira, AMG; Funning, GJ","Weston, J.; Ferreira, A. M. G.; Funning, G. J.","Ferreira, Ana/L-7697-2014; Weston, Jenny/MIO-2866-2025; Funning, Gareth/F-6926-2011","Ferreira, Ana/0000-0002-9492-6415; Funning, Gareth/0000-0002-8247-0545",2169-9313,2169-9356,Aug 25,2011,116,,,,B08408,10.1029/2010JB008131,http://dx.doi.org/10.1029/2010JB008131
Automatic reconstruction of fault networks from seismicity catalogs: Three-dimensional optimal anisotropic dynamic clustering,"Ouillon, G; Ducorbier, C; Sornette, D","Ouillon, G.; Ducorbier, C.; Sornette, D.",,,2169-9313,2169-9356,Jan 17,2008,113,B1,,,B01306,10.1029/2007JB005032,http://dx.doi.org/10.1029/2007JB005032
Complexity of Deep Low-Frequency Earthquake Activity in Shikoku (Japan) Imaged From the Analysis of Continuous Seismic Data,"Poiata, N; Vilotte, JP; Shapiro, NM; Supino, M; Obara, K","Poiata, Natalia; Vilotte, Jean-Pierre; Shapiro, Nikolai M.; Supino, Mariano; Obara, Kazushige","; Vilotte, Jean-Pierre/H-1552-2017; Supino, Mariano/AAF-6900-2020; Shapiro, Nikolai/G-1049-2010","Obara, Kazushige/0000-0003-3889-388X; Vilotte, Jean-Pierre/0000-0002-6085-6498; Poiata, Natalia/0000-0002-6412-3179; Supino, Mariano/0000-0002-7222-9344; Shapiro, Nikolai/0000-0002-0144-723X",2169-9313,2169-9356,NOV,2021,126,11,,,e2021JB022138,10.1029/2021JB022138,http://dx.doi.org/10.1029/2021JB022138
"A Specific Earthquake Processing Workflow for Studying Long-Lived, Explosive Volcanic Eruptions With Application to the 2008 Okmok Volcano, Alaska, Eruption","Garza-Girón, R; Brodsky, EE; Spica, ZJ; Haney, MM; Webley, PW","Garza-Giron, Ricardo; Brodsky, Emily E.; Spica, Zack J.; Haney, Matthew M.; Webley, Peter W.","Spica, Zack/B-2280-2019; Webley, Peter/F-8238-2015; Brodsky, Emily/B-9139-2014","Spica, Zack/0000-0002-9259-1973; Garza-Giron, Ricardo/0000-0001-9775-9635; Webley, Peter/0000-0001-5327-8151; Brodsky, Emily/0000-0002-6855-6860",2169-9313,2169-9356,MAY,2023,128,5,,,e2022JB025882,10.1029/2022JB025882,http://dx.doi.org/10.1029/2022JB025882
A Consistent High-Resolution Catalog of Induced Seismicity in Basel Based on Matched Filter Detection and Tailored Post-Processing,"Herrmann, M; Kraft, T; Tormann, T; Scarabello, L; Wiemer, S","Herrmann, Marcus; Kraft, Toni; Tormann, Thessa; Scarabello, Luca; Wiemer, Stefan","Herrmann, Marcus/AAO-8984-2020; Kraft, Toni/P-5351-2017; Wiemer, Stefan/E-5033-2015","Herrmann, Marcus/0000-0002-2342-1970; Kraft, Toni/0000-0002-9157-8953; Wiemer, Stefan/0000-0002-4919-3283",2169-9313,2169-9356,AUG,2019,124,8,8449,8477,,10.1029/2019JB017468,http://dx.doi.org/10.1029/2019JB017468
AI-PAL: Self-Supervised AI Phase Picking via Rule-Based Algorithm for Generalized Earthquake Detection,"Zhou, YJ; Ding, HY; Ghosh, A; Ge, ZX","Zhou, Yijian; Ding, Hongyang; Ghosh, Abhijit; Ge, Zengxi","; Ghosh, Abhijit/E-3197-2010; Ge, Zengxi/AFU-6131-2022; Zhou, Yijian/ISA-5411-2023","Ding, Hongyang/0009-0006-6274-8059; Ghosh, Abhijit/0000-0002-0557-2839;",2169-9313,2169-9356,Mar 28,2025,130,4,,,e2025JB031294,10.1029/2025JB031294,http://dx.doi.org/10.1029/2025JB031294
Systematic Comparison of InSAR and Seismic Source Models for Moderate-Size Earthquakes in Western China: Implication to the Seismogenic Capacity of the Shallow Crust,"Luo, H; Wang, T; Wei, SJ","Luo, Heng; Wang, Teng; Wei, Shengji","Wei, Shengji/M-2137-2015; Wang, Teng/H-4767-2019","Wei, Shengji/0000-0002-0319-0714; Luo, Heng/0000-0002-8909-6189; Wang, Teng/0000-0003-3729-0139",2169-9313,2169-9356,OCT,2022,127,10,,,e2022JB024794,10.1029/2022JB024794,http://dx.doi.org/10.1029/2022JB024794
Can we test for the maximum possible earthquake magnitude?,"Holschneider, M; Zöller, G; Clements, R; Schorlemmer, D","Holschneider, M.; Zoeller, G.; Clements, R.; Schorlemmer, D.",,"Clements, Robert/0009-0008-8434-5394; Holschneider, Matthias/0000-0003-3987-105X",2169-9313,2169-9356,MAR,2014,119,3,2019,2028,,10.1002/2013JB010319,http://dx.doi.org/10.1002/2013JB010319
On the occurrence of large earthquakes: New insights from a model based on interacting faults embedded in a realistic tectonic setting,"Marzocchi, W; Selva, J; Cinti, FR; Montone, P; Pierdominici, S; Schivardi, R; Boschi, E","Marzocchi, Warner; Selva, Jacopo; Cinti, Francesca Romana; Montone, Paola; Pierdominici, Simona; Schivardi, Renata; Boschi, Enzo","Pierdominici, Simona/JAC-4185-2023; SELVA, Jacopo/F-1883-2011; Boschi, Enzo/B-4211-2011; Marzocchi, Warner/J-9299-2012","Pierdominici, Simona/0000-0002-5368-4536; SELVA, Jacopo/0000-0001-6263-6934; CINTI, Francesca Romana/0000-0003-1068-3223; Boschi, Enzo/0000-0003-0527-9664; Montone, Paola/0000-0002-9297-1730; Marzocchi, Warner/0000-0002-9114-1516",2169-9313,2169-9356,Jan 20,2009,114,,,,B01307,10.1029/2008JB005822,http://dx.doi.org/10.1029/2008JB005822
"Effect of Mainshock Selection, Earthquake Catalog and Definition on Foreshock Rate Estimates in Southern California","Khan, RA; Werner, MJ; Biggs, J; Fagereng, A","Khan, R. Azad; Werner, M. J.; Biggs, J.; Fagereng, A.","Fagereng, Ake/ABF-4652-2020; Werner, Maximilian/G-5367-2013; Biggs, Juliet/D-4599-2011","Fagereng, Ake/0000-0001-6335-8534; Werner, Maximilian/0000-0002-2430-2631; Biggs, Juliet/0000-0002-4855-039X; Azad Khan, Russell/0000-0003-4196-8774",2169-9313,2169-9356,Jun 27,2025,130,7,,,e2024JB030733,10.1029/2024JB030733,http://dx.doi.org/10.1029/2024JB030733
"Earthquakes Record Cycles of Opening and Closing in the Enhanced Seismic Catalog of the 2008 Okmok Volcano, Alaska, Eruption","Garza-Girón, R; Brodsky, EE; Spica, ZJ; Haney, MM; Webley, PW","Garza-Giron, Ricardo; Brodsky, Emily E.; Spica, Zack J.; Haney, Matthew M.; Webley, Peter W.","Brodsky, Emily/B-9139-2014; Spica, Zack/B-2280-2019; Webley, Peter/F-8238-2015","Brodsky, Emily/0000-0002-6855-6860; Spica, Zack/0000-0002-9259-1973; Garza-Giron, Ricardo/0000-0001-9775-9635; Webley, Peter/0000-0001-5327-8151",2169-9313,2169-9356,JUL,2023,128,7,,,e2023JB026893,10.1029/2023JB026893,http://dx.doi.org/10.1029/2023JB026893
Missing great earthquakes,"Hough, SE","Hough, Susan E.",,,,2169-9356,MAR,2013,118,3,1098,1108,,10.1002/jgrb.50083,http://dx.doi.org/10.1002/jgrb.50083
Characterization and Evolution of Seismic Sequences in the Normal Fault Environment of the Southern Apennines,"di Uccio, FS; Michele, M; Strumia, C; Supino, M; Beroza, GC; Chiaraluce, L; D'Agostino, N; Festa, G","di Uccio, Francesco Scotto; Michele, Maddalena; Strumia, Claudio; Supino, Mariano; Beroza, Gregory C.; Chiaraluce, Lauro; D'Agostino, Nicola; Festa, Gaetano","Chiaraluce, Lauro/A-4410-2012; Festa, Gaetano/F-8525-2010; STRUMIA, CLAUDIO/NYS-2843-2025; D'Agostino, Nicola/D-7027-2013; Supino, Mariano/AAF-6900-2020; Scotto di Uccio, Francesco/KGM-0608-2024","Chiaraluce, Lauro/0000-0002-9697-6504; STRUMIA, CLAUDIO/0009-0009-7741-9348; Michele, Maddalena/0000-0001-9039-3503; D'Agostino, Nicola/0000-0002-0444-6240; Beroza, Gregory/0000-0002-8667-1838; Supino, Mariano/0000-0002-7222-9344; Scotto di Uccio, Francesco/0000-0001-6429-5600",2169-9313,2169-9356,Aug 18,2024,129,8,,,e2023JB028644,10.1029/2023JB028644,http://dx.doi.org/10.1029/2023JB028644
Seismic Traveltime Tomography of Southern California Using Poisson-Voronoi Cells and 20 Years of Data,"Fang, HJ; White, MCA; Lu, Y; Ben-Zion, Y","Fang, Hongjian; White, Malcolm C. A.; Lu, Yang; Ben-Zion, Yehuda","White, Malcolm/AAR-7155-2021; Lu, Yang/AFK-0548-2022","White, Malcolm/0000-0001-7543-3896; Fang, Hongjian/0000-0001-7029-9931; Lu, Yang/0000-0002-5192-8840; Ben-Zion, Yehuda/0000-0002-9602-2014",2169-9313,2169-9356,MAY,2022,127,5,,,e2021JB023307,10.1029/2021JB023307,http://dx.doi.org/10.1029/2021JB023307
"Seismicity of the rocky mountains and Rio Grande Rift from the EarthScope Transportable Array and CREST temporary seismic networks, 2008-2010","Nakai, JS; Sheehan, AF; Bilek, SL","Nakai, J. S.; Sheehan, A. F.; Bilek, S. L.","; SHEEHAN, ANNE/ABD-9363-2020","Bilek, Susan/0000-0001-6291-237X; Nakai, Jenny/0000-0002-4559-9796; SHEEHAN, ANNE/0000-0002-9629-1687",2169-9313,2169-9356,MAR,2017,122,3,2173,2192,,10.1002/2016JB013389,http://dx.doi.org/10.1002/2016JB013389
Segmentation of fault networks determined from spatial clustering of earthquakes,"Ouillon, G; Sornette, D","Ouillon, G.; Sornette, D.",,,2169-9313,2169-9356,Feb 9,2011,116,,,,B02306,10.1029/2010JB007752,http://dx.doi.org/10.1029/2010JB007752
The Overlap of Aftershock Coda Waves and Short-Term Postseismic Forecasting,"de Arcangelis, L; Godano, C; Lippiello, E","de Arcangelis, L.; Godano, C.; Lippiello, E.","DE ARCANGELIS, Lucilla/AAO-1696-2021; Godano, Cataldo/KLC-7477-2024","DE ARCANGELIS, Lucilla/0000-0001-9247-6783; Lippiello, eugenio/0000-0003-1444-1889;",2169-9313,2169-9356,JUL,2018,123,7,5661,5674,,10.1029/2018JB015518,http://dx.doi.org/10.1029/2018JB015518
Detecting aseismic strain transients from seismicity data,"Llenos, AL; McGuire, JJ","Llenos, A. L.; McGuire, J. J.",,"Llenos, Anea/0000-0002-4088-6737",2169-9313,2169-9356,Jun 17,2011,116,,,,B06305,10.1029/2010JB007537,http://dx.doi.org/10.1029/2010JB007537
A Global Centroid Single Force Catalog of P-Wave Microseisms,"Nishida, K; Takagi, R","Nishida, Kiwamu; Takagi, Ryota","Takagi, Ryota/ABD-5378-2020; Nishida, Kiwamu/B-5416-2012","Nishida, Kiwamu/0000-0001-6778-8080",2169-9313,2169-9356,APR,2022,127,4,,,e2021JB023484,10.1029/2021JB023484,http://dx.doi.org/10.1029/2021JB023484
Bayesian analysis of the modified Omori law,"Holschneider, M; Narteau, C; Shebalin, P; Peng, Z; Schorlemmer, D","Holschneider, M.; Narteau, C.; Shebalin, P.; Peng, Z.; Schorlemmer, D.","Narteau, Clement/C-6912-2011; Shebalin, Peter/G-6695-2011","Narteau, Clement/0000-0002-9556-9544; Holschneider, Matthias/0000-0003-3987-105X; Shebalin, Peter/0000-0002-3361-3773",2169-9313,2169-9356,Jun 30,2012,117,,,,B06317,10.1029/2011JB009054,http://dx.doi.org/10.1029/2011JB009054
"Amplitude and recurrence time analysis of LP activity at Mount Etna, Italy","Cauchie, L; Saccorotti, G; Bean, CJ","Cauchie, Lena; Saccorotti, Gilberto; Bean, Christopher J.","; Saccorotti, Gilberto/H-2004-2017","Bean, Christopher/0000-0003-3285-2446; Saccorotti, Gilberto/0000-0003-2915-1446; Cauchie, Léna/0000-0003-2554-199X",2169-9313,2169-9356,SEP,2015,120,9,6474,6486,,10.1002/2015JB011897,http://dx.doi.org/10.1002/2015JB011897
"Estimating ETAS: The effects of truncation, missing data, and model assumptions","Seif, S; Mignan, A; Zechar, JD; Werner, MJ; Wiemer, S","Seif, Stefanie; Mignan, Arnaud; Zechar, Jeremy Douglas; Werner, Maximilian Jonas; Wiemer, Stefan","Zechar, Jeremy/G-5940-2010; Wiemer, Stefan/E-5033-2015; Werner, Maximilian/ITU-6431-2023","Mignan, Arnaud/0000-0002-2167-7534; Seif, Stefanie/0000-0002-2640-7429; Wiemer, Stefan/0000-0002-4919-3283; Werner, Maximilian/0000-0002-2430-2631",2169-9313,2169-9356,JAN,2017,122,1,449,469,,10.1002/2016JB012809,http://dx.doi.org/10.1002/2016JB012809
Characteristic Tectonic Tremor Activity Observed Over Multiple Slow Slip Cycles in the Mexican Subduction Zone,"Husker, A; Frank, WB; Gonzalez, G; Avila, L; Kostoglodov, V; Kazachkina, E","Husker, Allen; Frank, William B.; Gonzalez, Guillermo; Avila, Leticia; Kostoglodov, Vladimir; Kazachkina, Ekaterina","Kostoglodov, Vladimir/A-1933-2012; Husker, Allen/LDF-4364-2024; Frank, William/C-7249-2016","Kostoglodov, Vladimir/0000-0001-7169-3121; Husker, Allen/0000-0003-1139-0502; Frank, William/0000-0001-7892-3081",2169-9313,2169-9356,JAN,2019,124,1,599,608,,10.1029/2018JB016517,http://dx.doi.org/10.1029/2018JB016517
PREDICTION OF LARGE EVENTS ON A DYNAMICAL MODEL OF A FAULT,"PEPKE, SL; CARLSON, JM; SHAW, BE","PEPKE, SL; CARLSON, JM; SHAW, BE",,,2169-9313,2169-9356,Apr 10,1994,99,B4,6769,6788,,10.1029/93JB03125,http://dx.doi.org/10.1029/93JB03125
An 8-Year-Long Low-Frequency Earthquake Catalog for Southern Cascadia,"Ducellier, A; Creager, KC","Ducellier, Ariane; Creager, Kenneth C.",,"Ducellier, Ariane/0000-0003-3668-9455",2169-9313,2169-9356,APR,2022,127,4,,,e2021JB022986,10.1029/2021JB022986,http://dx.doi.org/10.1029/2021JB022986
Spatial aftershock distribution: Effect of normal stress,"Kagan, YY; Jackson, DD","Kagan, YY; Jackson, DD","Kagan, Yan/E-8521-2012; Jackson, David/A-9828-2008","Kagan, Yan/0000-0001-9505-1086; Jackson, David/0000-0001-7913-5714",2169-9313,2169-9356,Oct 10,1998,103,B10,24453,24467,,10.1029/98JB00699,http://dx.doi.org/10.1029/98JB00699
Earthquake clusters in southern California I: Identification and stability,"Zaliapin, I; Ben-Zion, Y","Zaliapin, Ilya; Ben-Zion, Yehuda","Zaliapin, Ilya/AHD-5753-2022","Zaliapin, Ilya/0000-0001-6257-0517",2169-9313,2169-9356,JUN,2013,118,6,2847,2864,,10.1002/jgrb.50179,http://dx.doi.org/10.1002/jgrb.50179
"Characterizing the Atacama Segment of the Chile Subduction Margin (24°S-31°S) With >165,000 Earthquakes","Münchmeyer, J; Molina-Ormazabal, D; Marsan, D; Langlais, M; Baez, JC; Heit, B; González-Vidal, D; Moreno, M; Tilmann, F; Lange, D; Socquet, A","Munchmeyer, Jannes; Molina-Ormazabal, Diego; Marsan, David; Langlais, Mickael; Baez, Juan-Carlos; Heit, Ben; Gonzalez-Vidal, Diego; Moreno, Marcos; Tilmann, Frederik; Lange, Dietrich; Socquet, Anne","Lange, Dietrich/MTG-4796-2025; Socquet, Anne/A-5698-2011; Moreno, Marcos/IUO-5751-2023; Mickael, Langlais/MHR-4061-2025; Tilmann, Frederik/E-4293-2012; Münchmeyer, Jannes/Q-1703-2018; Baez, Juan/HZL-8644-2023","Lange, Dietrich/0000-0003-2654-7963; Moreno, Marcos/0000-0002-6023-7283; Mickael, Langlais/0000-0003-0597-8289; Tilmann, Frederik/0000-0002-7439-8782; Münchmeyer, Jannes/0000-0002-4006-9673; Molina-Ormazabal, Diego/0009-0003-5281-4276;",2169-9313,2169-9356,Jul 11,2025,130,7,,,e2025JB031256,10.1029/2025JB031256,http://dx.doi.org/10.1029/2025JB031256
Centroid Moment Tensor Catalog With 3D Lithospheric Wave Speed Model: The 2016-2017 Central Apennines Sequence,"Harris, PA; Scognamiglio, L; Magnoni, F; Casarotti, E; Tinti, E","Harris, P. Artale; Scognamiglio, L.; Magnoni, F.; Casarotti, E.; Tinti, E.","Magnoni, Federica/CAG-4054-2022; casarotti, emanuele/E-9337-2013; Scognamiglio, Laura/F-4656-2014","Magnoni, Federica/0000-0002-0833-8044; casarotti, emanuele/0000-0002-3937-4312; Tinti, Elisa/0000-0002-6942-3592; Artale Harris, Pietro/0000-0001-6002-0175; Scognamiglio, Laura/0000-0002-5437-5276",2169-9313,2169-9356,APR,2022,127,4,,,e2021JB023068,10.1029/2021JB023068,http://dx.doi.org/10.1029/2021JB023068
Quantifying early aftershock activity of the 2004 mid-Niigata Prefecture earthquake (Mw6.6),"Enescu, B; Mori, J; Miyazawa, M","Enescu, Bogdan; Mori, Jim; Miyazawa, Masatoshi","Miyazawa, Masatoshi/AED-0252-2022; Enescu, Bogdan/J-6980-2012; Enescu, Bogdan/J-6980-2012","Miyazawa, Masatoshi/0000-0002-3319-1216; Enescu, Bogdan/0000-0003-2153-0097",2169-9313,2169-9356,Apr 24,2007,112,B4,,,B04310,10.1029/2006JB004629,http://dx.doi.org/10.1029/2006JB004629
On the relationship between lower magnitude thresholds and bias in epidemic-type aftershock sequence parameter estimates,"Schoenberg, FP; Chu, A; Veen, A","Schoenberg, Frederic Paik; Chu, Annie; Veen, Alejandro",,,2169-9313,2169-9356,Apr 8,2010,115,,,,B04309,10.1029/2009JB006387,http://dx.doi.org/10.1029/2009JB006387
"Comparative performance of time-invariant, long-range and short-range forecasting models on the earthquake catalogue of Greece","Console, R; Rhoades, DA; Murru, M; Evison, FF; Papadimitriou, EE; Karakostas, VG","Console, R.; Rhoades, D. A.; Murru, M.; Evison, F. F.; Papadimitriou, E. E.; Karakostas, V. G.","Papadimitriou, Eleftheria/N-6864-2018; Rhoades, David/D-6835-2011; Console, Rodolfo/AAC-3044-2020","Papadimitriou, Eleftheria/0000-0003-3574-2787; Murru, Maura/0000-0002-7385-394X; Rhoades, David/0000-0002-9512-9215;",2169-9313,2169-9356,Sep 13,2006,111,B9,,,B09304,10.1029/2005JB004113,http://dx.doi.org/10.1029/2005JB004113
Earthquake Detection Using a Nodal Array on the San Jacinto Fault in California: Evidence for High Foreshock Rates Preceding Many Events,"Shearer, PM; Meng, HR; Fan, WY","Shearer, Peter M. M.; Meng, Haoran; Fan, Wenyuan","Fan, Wenyuan/M-2748-2016; Shearer, Peter/K-5247-2012; Meng, Haoran/KBA-2776-2024","Fan, Wenyuan/0000-0002-2983-8240; Shearer, Peter/0000-0002-2992-7630; Meng, Haoran/0000-0002-1951-2319",2169-9313,2169-9356,MAR,2023,128,3,,,e2022JB025279,10.1029/2022JB025279,http://dx.doi.org/10.1029/2022JB025279
Embracing Data Incompleteness for Better Earthquake Forecasting,"Mizrahi, L; Nandan, S; Wiemer, S","Mizrahi, Leila; Nandan, Shyam; Wiemer, Stefan","Wiemer, Stefan/E-5033-2015; Mizrahi, Leila/GRY-4626-2022","Wiemer, Stefan/0000-0002-4919-3283; Nandan, Shyam/0000-0002-4954-5314; Mizrahi, Leila/0000-0002-5262-3168",2169-9313,2169-9356,DEC,2021,126,12,,,e2021JB022379,10.1029/2021JB022379,http://dx.doi.org/10.1029/2021JB022379
Physics-Based Earthquake Simulations in Slow-Moving Faults: A Case Study From the Eastern Betic Shear Zone (SE Iberian Peninsula),"Herrero-Barbero, P; Alvarez-Gómez, JA; Williams, C; Villamor, P; Insua-Arévalo, JM; Alonso-Henar, J; Martínez-Díaz, JJ","Herrero-Barbero, Paula; Alvarez-Gomez, Jose A.; Williams, Charles; Villamor, Pilar; Insua-Arevalo, Juan M.; Alonso-Henar, Jorge; Martinez-Diaz, Jose J.","Herrero-Barbero, Paula/CAI-9553-2022; Alonso-Henar, Jorge/AAA-7494-2019; Álvarez-Gómez, José A/B-9390-2011; Martinez-Diaz, Jose/M-5129-2019; Willia, Charles/D-9377-2011","Herrero-Barbero, Paula/0000-0002-2295-8338; Alonso-Henar, Jorge/0000-0002-4776-3609; Álvarez-Gómez, José A/0000-0002-2814-3172; Martinez-Diaz, Jose/0000-0003-4846-0279; Willia, Charles/0000-0001-7435-9196",2169-9313,2169-9356,MAY,2021,126,5,,,e2020JB021133,10.1029/2020JB021133,http://dx.doi.org/10.1029/2020JB021133
Statistical analysis of synthetic earthquake catalogs generated by models with various levels of fault zone disorder,"Lu, CS; Vere-Jones, D","Lu, CS; Vere-Jones, D","Lu, Chunsheng/B-9489-2008","Lu, Chunsheng/0000-0002-7368-8104",2169-9313,2169-9356,Jun 10,2001,106,B6,11115,11125,,10.1029/2000JB900452,http://dx.doi.org/10.1029/2000JB900452
Triggering Intensity Changes Over Time and Space as Measured by Continuous Waveforms in Southern California,"Guo, HY; Brodsky, EE; Miyazawa, M","Guo, Huiyun; Brodsky, Emily E.; Miyazawa, Masatoshi","Brodsky, Emily/B-9139-2014; Miyazawa, Masatoshi/AED-0252-2022","Brodsky, Emily/0000-0002-6855-6860; Guo, Huiyun/0000-0002-8516-4244; Miyazawa, Masatoshi/0000-0002-3319-1216",2169-9313,2169-9356,Jun 15,2025,130,6,,,e2024JB030004,10.1029/2024JB030004,http://dx.doi.org/10.1029/2024JB030004
Induced Earthquake Families Reveal Distinctive Evolutionary Patterns Near Disposal Wells,"Cochran, ES; Ross, ZE; Harrington, RM; Dougherty, SL; Rubinstein, JL","Cochran, Elizabeth S.; Ross, Zachary E.; Harrington, Rebecca M.; Dougherty, Sara L.; Rubinstein, Justin L.","Cochran, Elizabeth/AAA-8460-2022; Dougherty, Sara/B-3159-2013","Cochran, Elizabeth/0000-0003-2485-4484; Harrington, Rebecca M/0000-0002-3538-8020; Ross, Zachary/0000-0002-6343-8400; Dougherty, Sara/0000-0002-5327-3286; Rubinstein, Justin/0000-0003-1274-6785",2169-9313,2169-9356,SEP,2018,123,9,8045,8055,,10.1029/2018JB016270,http://dx.doi.org/10.1029/2018JB016270
Rank-ordering statistics of extreme events: Application to the distribution of large earthquakes,"Sornette, D; Knopoff, L; Kagan, YY; Vanneste, C","Sornette, D; Knopoff, L; Kagan, YY; Vanneste, C","Kagan, Yan/E-8521-2012","Kagan, Yan/0000-0001-9505-1086",2169-9313,2169-9356,Jun 10,1996,101,B6,13883,13893,,10.1029/96JB00177,http://dx.doi.org/10.1029/96JB00177
Quantifying uncertainty in mean earthquake interevent times for a finite sample,"Naylor, M; Main, IG; Touati, S","Naylor, M.; Main, I. G.; Touati, S.","Main, Ian Graham/AAO-4365-2021; Naylor, Mark/B-8460-2008","Main, Ian Graham/0000-0001-7031-6746; Naylor, Mark/0000-0002-3761-5522",2169-9313,2169-9356,Jan 29,2009,114,,,,B01316,10.1029/2008JB005870,http://dx.doi.org/10.1029/2008JB005870
Analyzing earthquake clustering features by using stochastic reconstruction - art. no. B05301,"Zhuang, JC; Ogata, Y; Vere-Jones, D","Zhuang, JC; Ogata, Y; Vere-Jones, D","Zhuang, Jiancang/C-3650-2011","Zhuang, Jiancang/0000-0002-9708-3871",2169-9313,2169-9356,May 4,2004,109,B5,,,B05301,10.1029/2003JB002879,http://dx.doi.org/10.1029/2003JB002879
Automatic Earthquake Catalogs From a Permanent DAS Offshore Network,"Baillet, M; Rivet, D; Trabattoni, A; Cheze, J; Peix, F; Ambrois, D; van den Ende, M; Vernet, C; Strumia, C; Potin, B; Sanchez, R; Barrientos, S","Baillet, Marie; Rivet, Diane; Trabattoni, Alister; Cheze, Jerome; Peix, Fabrice; Ambrois, David; van den Ende, Martijn; Vernet, Clara; Strumia, Claudio; Potin, Bertrand; Sanchez, Rodrigo; Barrientos, Sergio","; Trabattoni, Alister/P-8364-2019; Potin, Bertrand/MGU-4000-2025; STRUMIA, CLAUDIO/NYS-2843-2025","Rivet, Diane/0000-0003-4697-4460; Vernet, Clara/0009-0003-5219-4169; van den Ende, Martijn/0000-0002-0634-7078; BAILLET, Marie/0000-0001-6913-7580; Trabattoni, Alister/0000-0001-7682-0273; STRUMIA, CLAUDIO/0009-0009-7741-9348",2169-9313,2169-9356,Oct 13,2025,130,10,,,e2025JB031565,10.1029/2025JB031565,http://dx.doi.org/10.1029/2025JB031565
Triggering cascades and statistical properties of aftershocks,"Gu, C; Schumann, AY; Baiesi, M; Davidsen, J","Gu, Chad; Schumann, Aicko Y.; Baiesi, Marco; Davidsen, Joern","Baiesi, Marco/ABH-3258-2021; Davis, James/D-8766-2013","Baiesi, Marco/0000-0002-4513-9191;",2169-9313,2169-9356,AUG,2013,118,8,4278,4295,,10.1002/jgrb.50306,http://dx.doi.org/10.1002/jgrb.50306
Spatial correlation of aftershock locations and on-fault main shock properties,"Woessner, J; Schorlemmer, D; Wiemer, S; Mai, PM","Woessner, J.; Schorlemmer, D.; Wiemer, S.; Mai, P. M.","Wiemer, Stefan/E-5033-2015; Martin, Paul/C-3252-2014; Woessner, Jochen/F-7427-2010","Wiemer, Stefan/0000-0002-4919-3283;",2169-9313,2169-9356,Aug 2,2006,111,B8,,,B08301,10.1029/2005JB003961,http://dx.doi.org/10.1029/2005JB003961
Hydroacoustic Monitoring of Seafloor Spreading and Transform Faulting in the Equatorial Atlantic Ocean,"Parnell-Turner, R; Smith, DK; Dziak, RP","Parnell-Turner, R.; Smith, D. K.; Dziak, R. P.","Dziak, Robert/AAC-6107-2020; Parnell-Turner, Ross/AAS-7472-2020","Parnell-Turner, Ross/0000-0003-0641-3634; Smith, Deborah K/0000-0002-3817-7966",2169-9313,2169-9356,JUL,2022,127,7,,,e2022JB024008,10.1029/2022JB024008,http://dx.doi.org/10.1029/2022JB024008
Western US Infrasonic Catalog: Illuminating infrasonic hot spots with the USArray,"Walker, KT; Shelby, R; Hedlin, MAH; de Groot-Hedlin, C; Vernon, F","Walker, Kristoffer T.; Shelby, Richard; Hedlin, Michael A. H.; de Groot-Hedlin, Catherine; Vernon, Frank","de Groot-Hedlin, Catherine/A-4919-2013; Walker, Kristoffer/AHE-6899-2022","de Groot-Hedlin, Catherine/0000-0002-3063-2805; Vernon, Frank/0000-0002-9379-4000;",2169-9313,2169-9356,Dec 10,2011,116,,,,B12305,10.1029/2011JB008579,http://dx.doi.org/10.1029/2011JB008579
Magnitude of Earthquakes Controls the Size Distribution of Their Triggered Events,"Nandan, S; Ouillon, G; Sornette, D","Nandan, Shyam; Ouillon, Guy; Sornette, Didier",,"Nandan, Shyam/0000-0002-4954-5314",2169-9313,2169-9356,MAR,2019,124,3,2762,2780,,10.1029/2018JB017118,http://dx.doi.org/10.1029/2018JB017118
How Does Seismic Rupture Accelerate? Observational Insights From Earthquake Source Time Functions,"Renou, J; Vallée, M; Dublanchet, P","Renou, Julien; Vallee, Martin; Dublanchet, Pierre","DUBLANCHET, Pierre/AFQ-4033-2022; Vallée, Martin/K-5192-2012","DUBLANCHET, Pierre/0000-0003-4903-0246; Renou, Julien/0000-0002-9860-0623; Vallée, Martin/0000-0001-8049-4634",2169-9313,2169-9356,AUG,2019,124,8,8942,8952,,10.1029/2019JB018045,http://dx.doi.org/10.1029/2019JB018045
"Magnitude uncertainties impact seismic rate estimates, forecasts, and predictability experiments","Werner, MJ; Sornette, D","Werner, Maximilian J.; Sornette, Didier","Werner, Maximilian/ITU-6431-2023","Werner, Maximilian/0000-0002-2430-2631",2169-9313,2169-9356,Aug 1,2008,113,B8,,,B08302,10.1029/2007JB005427,http://dx.doi.org/10.1029/2007JB005427
Improved tests reveal that the accelerating moment release hypothesis is statistically insignificant,"Hardebeck, JL; Felzer, KR; Michael, AJ","Hardebeck, Jeanne L.; Felzer, Karen R.; Michael, Andrew J.","; Michael, Anew/A-5059-2010","Hardebeck, Jeanne/0000-0002-6737-7780; Michael, Anew/0000-0002-2403-5019",2169-9313,2169-9356,Aug 12,2008,113,B8,,,B08310,10.1029/2007JB005410,http://dx.doi.org/10.1029/2007JB005410
Functional shape of the earthquake frequency-magnitude distribution and completeness magnitude,"Mignan, A","Mignan, A.",,"Mignan, Arnaud/0000-0002-2167-7534",2169-9313,2169-9356,Aug 4,2012,117,,,,B08302,10.1029/2012JB009347,http://dx.doi.org/10.1029/2012JB009347
Importance of small earthquakes for stress transfers and earthquake triggering - art. no. B05S08,"Helmstetter, A; Kagan, YY; Jackson, DD","Helmstetter, A; Kagan, YY; Jackson, DD","helmstetter, agnes/N-7142-2019; Kagan, Yan/E-8521-2012; Jackson, David/A-9828-2008","Kagan, Yan/0000-0001-9505-1086; Jackson, David/0000-0001-7913-5714",2169-9313,2169-9356,Mar 15,2005,110,B5,,,B05S08,10.1029/2004JB003286,http://dx.doi.org/10.1029/2004JB003286
"High-precision earthquake location and three-dimensional P wave velocity determination at Redoubt Volcano, Alaska","DeShon, HR; Thurber, CH; Rowe, C","DeShon, Heather R.; Thurber, Clifford H.; Rowe, Charlotte",,"Rowe, Charlotte/0000-0001-5803-0147",2169-9313,2169-9356,Jul 17,2007,112,B7,,,B07312,10.1029/2006JB004751,http://dx.doi.org/10.1029/2006JB004751
Search for reliable precursors: A case study of the seismic quiescence of the 2000 western Tottori prefecture earthquake,"Huang, QH","Huang, QH","Huang, Qinghua/A-1007-2011","Huang, Qinghua/0000-0002-1923-3002",2169-9313,2169-9356,Apr 6,2006,111,B4,,,B04301,10.1029/2005JB003982,http://dx.doi.org/10.1029/2005JB003982
Repeating VLFEs During ETS Events in Cascadia Track Slow Slip and Continue Throughout Inter-ETS Period,"Hutchison, AA; Ghosh, A","Hutchison, Alexandra A.; Ghosh, Abhijit","; Ghosh, Abhijit/E-3197-2010","Hutchison, Alexana Anne/0000-0001-9350-7975; Ghosh, Abhijit/0000-0002-0557-2839",2169-9313,2169-9356,JAN,2019,124,1,554,565,,10.1029/2018JB016138,http://dx.doi.org/10.1029/2018JB016138
Statistical tests on clustered global earthquake synthetic data sets,"Daub, EG; Trugman, DT; Johnson, PA","Daub, Eric G.; Trugman, Daniel T.; Johnson, Paul A.",,"Johnson, Paul/0000-0002-0927-4003; Trugman, Daniel/0000-0002-9296-4223",2169-9313,2169-9356,AUG,2015,120,8,5693,5716,,10.1002/2014JB011777,http://dx.doi.org/10.1002/2014JB011777
Strain and rotation rate patterns of mainland Greece from continuous GPS data and comparison between seismic and geodetic moment release,"Chousianitis, K; Ganas, A; Evangelidis, CP","Chousianitis, Konstantinos; Ganas, Athanassios; Evangelidis, Christos P.","Ganas, Athanassios/ABE-8385-2021; Evangelidis, Christos/H-4400-2011; Chousianitis, Konstantinos/P-6237-2016","Ganas, Athanassios/0000-0002-1937-3283; Evangelidis, Christos/0000-0001-8733-8984; Chousianitis, Konstantinos/0000-0001-7755-5205",2169-9313,2169-9356,MAY,2015,120,5,3909,3931,,10.1002/2014JB011762,http://dx.doi.org/10.1002/2014JB011762
"Seismicity at the Northern Hikurangi Margin, New Zealand, and Investigation of the Potential Spatial and Temporal Relationships With a Shallow Slow Slip Event","Yarce, J; Sheehan, AF; Nakai, JS; Schwartz, SY; Mochizuki, K; Savage, MK; Wallace, LM; Henrys, SA; Webb, SC; Ito, Y; Abercrombie, RE; Fry, B; Shaddox, H; Todd, EK","Yarce, J.; Sheehan, A. F.; Nakai, J. S.; Schwartz, S. Y.; Mochizuki, K.; Savage, M. K.; Wallace, L. M.; Henrys, S. A.; Webb, S. C.; Ito, Y.; Abercrombie, R. E.; Fry, B.; Shaddox, H.; Todd, E. K.","; Fry, Bill/G-1696-2011; Henrys, Stuart/ABD-7378-2020; Wallace, Laura/AAR-1862-2021; Savage, Martha/F-1857-2011; MOCHIZUKI, Kimihiro/MCJ-3957-2025; SHEEHAN, ANNE/ABD-9363-2020","Nakai, Jenny/0000-0002-4559-9796; Fry, Bill/0000-0003-3753-6928; Todd, Erin/0000-0001-8866-2604; Henrys, Stuart/0000-0002-7164-5274; Yarce, Jefferson/0000-0002-5212-4406; Abercrombie, Rachel/0000-0003-4515-5420; Crume, Heather/0000-0003-3109-9878; Wallace, Laura/0000-0003-2070-0891; Savage, Martha/0000-0002-2080-0676; Schwartz, Susan/0000-0002-1978-5392; SHEEHAN, ANNE/0000-0002-9629-1687; Webb, Spahr/0000-0002-7277-174X",2169-9313,2169-9356,MAY,2019,124,5,4751,4766,,10.1029/2018JB017211,http://dx.doi.org/10.1029/2018JB017211
Exploring the relationship between the magnitudes of seismic events,"Spassiani, I; Sebastiani, G","Spassiani, Ilaria; Sebastiani, Giovanni","Spassiani, Ilaria/AAY-1411-2021","Spassiani, Ilaria/0000-0003-2252-0202",2169-9313,2169-9356,FEB,2016,121,2,903,916,,10.1002/2015JB012398,http://dx.doi.org/10.1002/2015JB012398
Machine Learning Reveals Additional Hydraulic Fracture-Induced Seismicity in the Eagle Ford Shale,"Fasola, SL; Brudzinski, MR","Fasola, Shannon L.; Brudzinski, Michael R.","Brudzinski, Michael/A-8301-2011","Brudzinski, Michael/0000-0003-1869-0700; Fasola, Shannon/0000-0003-3941-4828",2169-9313,2169-9356,FEB,2023,128,2,,,e2022JB025436,10.1029/2022JB025436,http://dx.doi.org/10.1029/2022JB025436
"Insights Into a Low Angle Normal Fault From a 10-Year-Long High-Resolution Earthquake Catalog: The Alto Tiberina Fault Case Study (Northern Apennines, Italy)","Bagh, S; Di Stefano, R; Gualandi, A; Pantaleo, D; Calamita, C; Ladina, C; Marzorati, S; Chiaraluce, L","Bagh, Samer; Di Stefano, Raffele; Gualandi, Adriano; Pantaleo, Debora; Calamita, Carlo; Ladina, Chiara; Marzorati, Simone; Chiaraluce, Lauro","Ladina, Chiara/I-5900-2015; Chiaraluce, Lauro/A-4410-2012; Marzorati, Simone/H-2073-2013","Ladina, Chiara/0000-0002-8157-1133; Chiaraluce, Lauro/0000-0002-9697-6504; Marzorati, Simone/0000-0002-5803-4882",2169-9313,2169-9356,Feb 28,2025,130,3,,,e2024JB029853,10.1029/2024JB029853,http://dx.doi.org/10.1029/2024JB029853
"Evolution and Distribution of the Early Aftershocks Following the 2008 Mw 7.9 Wenchuan Earthquake in Sichuan, China","Yin, XZ; Chen, JH; Peng, ZG; Meng, XF; Liu, QY; Guo, B; Li, SC","Yin, Xin Zhong; Chen, Jiu Hui; Peng, Zhigang; Meng, Xiaofeng; Liu, Qi Yuan; Guo, Biao; Li, Shun Cheng","PENG, ZHI/IQT-6531-2023","Chen, Jiu Hui/0000-0002-0505-7239; Yin, Xin Zhong/0000-0003-2561-4028",2169-9313,2169-9356,SEP,2018,123,9,7775,7790,,10.1029/2018JB015575,http://dx.doi.org/10.1029/2018JB015575
Large-scale relocation of two decades of Northern California seismicity using cross-correlation and double-difference methods,"Waldhauser, F; Schaff, DP","Waldhauser, Felix; Schaff, David P.",,"Waldhauser, Felix/0000-0002-1286-9737",2169-9313,2169-9356,Aug 15,2008,113,B8,,,B08311,10.1029/2007JB005479,http://dx.doi.org/10.1029/2007JB005479
"Precursory seismic quiescence before the Mw=8.3 Tokachi-oki, Japan, earthquake on 26 September 2003 revealed by a re-examined earthquake catalog","Katsumata, K","Katsumata, Kei",,,2169-9313,2169-9356,Oct 15,2011,116,,,,B10307,10.1029/2010JB007964,http://dx.doi.org/10.1029/2010JB007964
Static stress drop as determined from geodetic strain rates and statistical seismicity,"Caporali, A; Barba, S; Carafa, MMC; Devoti, R; Pietrantonio, G; Riguzzi, F","Caporali, Alessandro; Barba, Salvatore; Carafa, Michele M. C.; Devoti, Roberto; Pietrantonio, Grazia; Riguzzi, Federica","Barba, Salvatore/B-8497-2008; Devoti, Roberto/H-4495-2012; Riguzzi, Federica/O-3363-2019; Carafa, Michele MC/AAD-6092-2019; pietrantonio, grazia/H-5393-2012","Barba, Salvatore/0000-0001-7965-6667; Devoti, Roberto/0000-0002-0037-0074; Riguzzi, Federica/0000-0003-3453-5110; Carafa, Michele MC/0000-0001-5463-463X; pietrantonio, grazia/0000-0002-0429-5120",2169-9313,2169-9356,Feb 16,2011,116,,,,B02410,10.1029/2010JB007671,http://dx.doi.org/10.1029/2010JB007671
Stress Heterogeneities Governed by Fault Structure and Stress Transfer: The 2016-2017 Central Italy Seismic Sequence,"Martínez-Garzón, P; Meier, MA; Collettini, C; Lanza, F; Dresen, G","Martinez-Garzon, Patricia; Meier, Men-Andrin; Collettini, Cristiano; Lanza, Federica; Dresen, Georg",,"collettini, cristiano/0000-0002-4828-2516; Meier, Men-Anin/0000-0002-2949-8602",2169-9313,2169-9356,Aug 16,2025,130,8,,,e2024JB029763,10.1029/2024JB029763,http://dx.doi.org/10.1029/2024JB029763
On finding and using repeating seismic events in and near China,"Schaff, DP; Richards, PG","Schaff, David P.; Richards, Paul G.",,,2169-9313,2169-9356,Mar 23,2011,116,,,,B03309,10.1029/2010JB007895,http://dx.doi.org/10.1029/2010JB007895
Incipient Subduction and Slip Partitioning at High Obliquity: The Haida Gwaii Plate Boundary,"Oliva, SJ; Bostock, MG; Schaeffer, AJ; Nissen, E; Merrill, R; Hughes, A; Roecker, SW; Nedimovic, MR; Roland, E; Worthington, LL; Walton, MAL; Gase, A","Oliva, S. J.; Bostock, M. G.; Schaeffer, A. J.; Nissen, E.; Merrill, R.; Hughes, A.; Roecker, S. W.; Nedimovic, M. R.; Roland, E.; Worthington, L. L.; Walton, M. A. L.; Gase, A.","Nedimovic, Mladen/Q-6865-2019; Walton, Maureen/LWK-3052-2024; Oliva, Sarah Jaye/JFJ-9804-2023; Nissen, Edwin/E-2109-2011; Worthington, Lindsay/AAB-2962-2019","Walton, Maureen/0000-0001-8496-463X; Oliva, Sarah Jaye/0000-0003-3197-9701; Gase, Anew/0000-0001-9660-8405; Merrill, Reid/0000-0003-1337-782X; Nissen, Edwin/0000-0002-0406-2706; Roland, Emily/0000-0002-1813-8556; Worthington, Lindsay/0000-0003-3677-5310",2169-9313,2169-9356,May 22,2024,129,5,,,e2024JB028752,10.1029/2024JB028752,http://dx.doi.org/10.1029/2024JB028752
Apparent clustering and apparent background earthquakes biased by undetected seismicity - art. no. B09303,"Sornette, D; Werner, MJ","Sornette, D; Werner, MJ","Werner, Maximilian/ITU-6431-2023","Werner, Maximilian/0000-0002-2430-2631",2169-9313,2169-9356,Sep 22,2005,110,B9,,,B09303,10.1029/2005JB003621,http://dx.doi.org/10.1029/2005JB003621
"Aftershock Regions of Aleutian-Alaska Megathrust Earthquakes, 1938-2021","Tape, C; Lomax, A","Tape, Carl; Lomax, Anthony",,"Lomax, Anthony/0000-0002-7747-5990; Tape, Carl/0000-0003-2804-7137",2169-9313,2169-9356,JUL,2022,127,7,,,e2022JB024336,10.1029/2022JB024336,http://dx.doi.org/10.1029/2022JB024336
Characterizing Seismogenic Fault Structures of the Lake Pertusillo Reservoir Induced Seismicity (Southern Italy) Using a Relocated Template-Matching Catalog,"Valoroso, L; Piccinini, D; Improta, L; Gaviano, S; Giunchi, C","Valoroso, L.; Piccinini, D.; Improta, L.; Gaviano, S.; Giunchi, C.","IMPROTA, Luigi/MCY-5955-2025; Giunchi, Carlo/H-8508-2012; Valoroso, Luisa/AAG-8692-2020; Piccinini, Davide/A-2416-2012","IMPROTA, Luigi/0000-0003-0952-3978; Giunchi, Carlo/0000-0002-0174-324X; Gaviano, Sonja/0000-0003-3481-2923; Valoroso, Luisa/0000-0001-5014-0958; Piccinini, Davide/0000-0002-1826-646X",2169-9313,2169-9356,JUL,2023,128,7,,,e2022JB025879,10.1029/2022JB025879,http://dx.doi.org/10.1029/2022JB025879
Space-time clustering of seismicity in California and the distance dependence of earthquake triggering,"Shearer, PM","Shearer, P. M.","Shearer, Peter/K-5247-2012","Shearer, Peter/0000-0002-2992-7630",2169-9313,2169-9356,Oct 13,2012,117,,,,B10306,10.1029/2012JB009471,http://dx.doi.org/10.1029/2012JB009471
Impact of Variable Fault Geometries and Slip Rates on Earthquake Catalogs From Physics-Based Simulations of a Normal Fault,"Delogkos, E; Howell, A; Seebeck, H; Shaw, BE; Nicol, A; Liao, YWM; Walsh, JJ","Delogkos, Efstratios; Howell, Andrew; Seebeck, Hannu; Shaw, Bruce E.; Nicol, Andrew; Liao, Yi-Wun Mika; Walsh, John J.","Delogkos, Efstratios/AAV-3871-2020","Delogkos, Efstratios/0000-0003-4798-9533; walsh, john/0000-0001-6043-6015",2169-9313,2169-9356,NOV,2023,128,11,,,e2023JB026746,10.1029/2023JB026746,http://dx.doi.org/10.1029/2023JB026746
"Constraints on the size of the smallest triggering earthquake from the epidemic-type aftershock sequence model, Bath's law, and observed aftershock sequences - art. no. B08304","Sornette, D; Werner, MJ","Sornette, D; Werner, MJ","Werner, Maximilian/ITU-6431-2023","Werner, Maximilian/0000-0002-2430-2631",2169-9313,2169-9356,Aug 6,2005,110,B8,,,B08304,10.1029/2004JB003535,http://dx.doi.org/10.1029/2004JB003535
"Episodic Earthquake Swarms in the Mineral Mountains, Utah Driven by the Roosevelt Hydrothermal System","Mesimeri, M; Pankow, KL; Baker, B; Hale, JM","Mesimeri, Maria; Pankow, Kristine L.; Baker, Ben; Hale, J. Mark","; Baker, Ben/GYJ-9483-2022","Pankow, Kristine/0000-0002-2526-8199; Baker, Ben/0000-0002-7838-3705; Mesimeri, Maria/0000-0001-6940-1759; Hale, John/0000-0002-6371-8517",2169-9313,2169-9356,JUN,2021,126,6,,,e2021JB021659,10.1029/2021JB021659,http://dx.doi.org/10.1029/2021JB021659
Asymmetry in Earthquake Interevent Time Intervals,"Zhang, YW; Ashkenazy, Y; Havlin, S","Zhang, Yongwen; Ashkenazy, Yosef; Havlin, Shlomo","Zhang, Yongwen/ACJ-7939-2022; Ashkenazy, Yosef/AAV-3218-2020","Zhang, Yongwen/0000-0002-3240-7249; Ashkenazy, Yosef/0000-0001-9405-068X",2169-9313,2169-9356,SEP,2021,126,9,,,e2021JB022454,10.1029/2021JB022454,http://dx.doi.org/10.1029/2021JB022454
"Using Corrected and Imputed Polarity Measurements to Improve Focal Mechanisms in a Regional Earthquake Catalog Near the Mt. Lewis Fault Zone, California","Skoumal, RJ; Hardebeck, JL; Shelly, DR","Skoumal, Robert J.; Hardebeck, Jeanne L.; Shelly, David R.",,"Hardebeck, Jeanne/0000-0002-6737-7780",2169-9313,2169-9356,FEB,2023,128,2,,,e2022JB025660,10.1029/2022JB025660,http://dx.doi.org/10.1029/2022JB025660
A new seismically constrained subduction interface model for Central America,"Kyriakopoulos, C; Newman, AV; Thomas, AM; Moore-Driskell, M; Farmer, GT","Kyriakopoulos, C.; Newman, A. V.; Thomas, A. M.; Moore-Driskell, M.; Farmer, G. T.","; Kyriakopoulos, Christodoulos/KMX-8500-2024; Newman, Andrew/E-7682-2012","Moore, Melissa/0000-0002-0304-2754; Thomas, Amanda M/0000-0001-6997-3140; Kyriakopoulos, Christodoulos/0000-0001-9283-2282;",2169-9313,2169-9356,AUG,2015,120,8,5535,5548,,10.1002/2014JB011859,http://dx.doi.org/10.1002/2014JB011859
"Foreshocks, b Value Map, and Aftershock Triggering for the 2011 Mw 5.7 Virginia Earthquake","Meng, XF; Yang, HF; Peng, ZG","Meng, Xiaofeng; Yang, Hongfeng; Peng, Zhigang","PENG, ZHI/IQT-6531-2023; Yang, Hongfeng/Q-4328-2018","Meng, Xiaofeng/0000-0002-3750-6342; Yang, Hongfeng/0000-0002-5925-6487",2169-9313,2169-9356,JUN,2018,123,6,5082,5098,,10.1029/2017JB015136,http://dx.doi.org/10.1029/2017JB015136
Automatic reconstruction of fault networks from seismicity catalogs including location uncertainty,"Wang, Y; Ouillon, G; Woessner, J; Sornette, D; Husen, S","Wang, Y.; Ouillon, G.; Woessner, J.; Sornette, D.; Husen, S.","Woessner, Jochen/F-7427-2010",,2169-9313,2169-9356,NOV,2013,118,11,5956,5975,,10.1002/2013JB010164,http://dx.doi.org/10.1002/2013JB010164
A Long-Term Earthquake Catalog for the Endeavour Segment: Constraints on the Extensional Cycle and Evidence for Hydrothermal Venting Supported by Propagating Rifts,"Krauss, Z; Wilcock, WSD; Heesemann, M; Schlesinger, A; Kukovica, J; Farrugia, JJ","Krauss, Zoe; Wilcock, William S. D.; Heesemann, Martin; Schlesinger, Angela; Kukovica, Jacob; Farrugia, Joseph J.","; Krauss, Zoe/PAQ-9368-2025","Schlesinger, Angela/0000-0002-8195-0221; Heesemann, Martin/0000-0002-6877-6062; Krauss, Zoe/0000-0002-5933-6823; Wilcock, William/0000-0001-7224-7246",2169-9313,2169-9356,FEB,2023,128,2,,,e2022JB025662,10.1029/2022JB025662,http://dx.doi.org/10.1029/2022JB025662
Distinguishing induced seismicity from natural seismicity in Ohio: Demonstrating the utility of waveform template matching,"Skoumal, RJ; Brudzinski, MR; Currie, BS","Skoumal, Robert J.; Brudzinski, Michael R.; Currie, Brian S.","; Brudzinski, Michael/A-8301-2011","Currie, Brian/0000-0002-5759-3914; Brudzinski, Michael/0000-0003-1869-0700",2169-9313,2169-9356,SEP,2015,120,9,6284,6296,,10.1002/2015JB012265,http://dx.doi.org/10.1002/2015JB012265
Magnitude and Interevent Time Statistics of Strombolian Activity of Villarrica Volcano and Inference Regarding the Flow Regime,"Lehr, J; Rabbel, W","Lehr, Johanna; Rabbel, Wolfgang",,"Rabbel, Wolfgang/0000-0003-4720-6906; Lehr, Johanna/0000-0002-3129-8108",2169-9313,2169-9356,OCT,2021,126,10,,,e2021JB021658,10.1029/2021JB021658,http://dx.doi.org/10.1029/2021JB021658
Spatiotemporal Evolution of the Seismicity in the Alto Tiberina Fault System Revealed by a High-Resolution Template Matching Catalog,"Essing, D; Poli, P","Essing, David; Poli, Piero","Essing, David/OAJ-8847-2025; Poli, Piero/B-8389-2012","Essing, David/0000-0001-7326-7441; Poli, Piero/0000-0002-6493-5142",2169-9313,2169-9356,OCT,2022,127,10,,,e2022JB024845,10.1029/2022JB024845,http://dx.doi.org/10.1029/2022JB024845
A completeness analysis of the National Seismic Network of Italy,"Schorlemmer, D; Mele, F; Marzocchi, W","Schorlemmer, D.; Mele, F.; Marzocchi, W.","Mele, Francesco/G-5859-2011; Marzocchi, Warner/J-9299-2012","Mele, Francesco/0000-0002-3680-7805; Marzocchi, Warner/0000-0002-9114-1516",2169-9313,2169-9356,Apr 8,2010,115,,,,B04308,10.1029/2008JB006097,http://dx.doi.org/10.1029/2008JB006097
A degree 8 mantle shear velocity model from normal mode observations below 3 mHz,"Resovsky, JS; Ritzwoller, MH","Resovsky, JS; Ritzwoller, MH",,,2169-9313,2169-9356,Jan 10,1999,104,B1,993,1014,,10.1029/1998JB900025,http://dx.doi.org/10.1029/1998JB900025
A global search for stress shadows,"Mallman, EP; Parsons, T","Mallman, Ellen P.; Parsons, Tom","Parsons, Tom/A-3424-2008","Parsons, Tom/0000-0002-0582-4338",2169-9313,2169-9356,Dec 11,2008,113,B12,,,B12304,10.1029/2007JB005336,http://dx.doi.org/10.1029/2007JB005336
"Illuminating the Pre-, Co-, and Post-Seismic Phases of the 2016 M7.8 Kaikoura Earthquake With 10 Years of Seismicity","Chamberlain, CJ; Frank, WB; Lanza, F; Townend, J; Warren-Smith, E","Chamberlain, C. J.; Frank, W. B.; Lanza, F.; Townend, J.; Warren-Smith, E.","Lanza, Federica/T-9912-2019; Frank, William/C-7249-2016; Townend, John/B-5923-2012","Lanza, Federica/0000-0002-8168-6766; Frank, William/0000-0001-7892-3081; Chamberlain, Calum John/0000-0003-2317-2609; Townend, John/0000-0002-7017-620X",2169-9313,2169-9356,AUG,2021,126,8,,,e2021JB022304,10.1029/2021JB022304,http://dx.doi.org/10.1029/2021JB022304
"Self-similar earthquake triggering, Bath's law, and foreshock/aftershock magnitudes: Simulations, theory, and results for southern California","Shearer, PM","Shearer, Peter M.","Shearer, Peter/K-5247-2012","Shearer, Peter/0000-0002-2992-7630",2169-9313,2169-9356,Jun 21,2012,117,,,,B06310,10.1029/2011JB008957,http://dx.doi.org/10.1029/2011JB008957
"Spatiotemporal Variations of Shallow Very Low Frequency Earthquake Activity Southeast Off the Kii Peninsula, Along the Nankai Trough, Japan","Takemura, S; Obara, K; Shiomi, K; Baba, S","Takemura, Shunsuke; Obara, Kazushige; Shiomi, Katsuhiko; Baba, Satoru","; Takemura, Shunsuke/H-1873-2017","Baba, Satoru/0000-0002-5828-8030; Obara, Kazushige/0000-0003-3889-388X; Takemura, Shunsuke/0000-0002-7511-3443",2169-9313,2169-9356,MAR,2022,127,3,,,e2021JB023073,10.1029/2021JB023073,http://dx.doi.org/10.1029/2021JB023073
A Decade of Short-Period Earthquake Rupture Histories From Multi-Array Back-Projection,"Vera, F; Tilmann, F; Saul, J","Vera, Felipe; Tilmann, Frederik; Saul, Joachim","Tilmann, Frederik/E-4293-2012; Vera, Felipe/Q-9428-2018","Tilmann, Frederik/0000-0002-7439-8782; Vera, Felipe/0000-0001-9284-2835",2169-9313,2169-9356,Jan 29,2024,129,2,,,e2023JB027260,10.1029/2023JB027260,http://dx.doi.org/10.1029/2023JB027260
An observational test of the critical earthquake concept,"Bowman, DD; Ouillon, G; Sammis, CG; Sornette, A; Sornette, D","Bowman, DD; Ouillon, G; Sammis, CG; Sornette, A; Sornette, D",,,2169-9313,2169-9356,Oct 10,1998,103,B10,24359,24372,,10.1029/98JB00792,http://dx.doi.org/10.1029/98JB00792
Machine Learning-Based Detection and Localization of Tectonic Tremors in the Japan Trench,"Sagae, K; Kano, M; Yabe, S; Uchide, T","Sagae, Kodai; Kano, Masayuki; Yabe, Suguru; Uchide, Takahiko","Yabe, Suguru/J-3699-2019; Uchide, Takahiko/D-2093-2009","Sagae, Kodai/0000-0003-4817-7190;",2169-9313,2169-9356,May 31,2025,130,6,,,e2025JB031348,10.1029/2025JB031348,http://dx.doi.org/10.1029/2025JB031348
Searching for Transient Slow Slips Along the San Andreas Fault Near Parkfield Using Independent Component Analysis,"Michel, S; Jolivet, R; Lengliné, O; Gualandi, A; Larochelle, S; Gardonio, B","Michel, Sylvain; Jolivet, Romain; Lengline, Olivier; Gualandi, Adriano; Larochelle, Stacy; Gardonio, Blandine","Gualandi, Adriano/AAA-4058-2020; Jolivet, Romain/AAY-9552-2020","MICHEL, Sylvain/0000-0001-7878-6603; Jolivet, Romain/0000-0002-9896-3651; Gardonio, Blandine/0000-0002-5305-5350; Larochelle, Stacy/0000-0001-6161-5605",2169-9313,2169-9356,JUN,2022,127,6,,,e2021JB023201,10.1029/2021JB023201,http://dx.doi.org/10.1029/2021JB023201
"Spatial-temporal evolutions of early aftershocks following the 2013 Mw 6.6 Lushan earthquake in Sichuan, China","Wu, J; Yao, DD; Meng, XF; Peng, ZG; Su, JR; Long, F","Wu, Jing; Yao, Dongdong; Meng, Xiaofeng; Peng, Zhigang; Su, Jinrong; Long, Feng","Yao, Dongdong/AAQ-2463-2021; Wu, Jing/GOV-4984-2022; PENG, ZHI/IQT-6531-2023; Yao, Dongdong/AAQ-2463-2021","Yao, Dongdong/0000-0002-2280-6617; Wu, Jing/0000-0003-0739-341X; Meng, Xiaofeng/0000-0002-3750-6342; Yao, Dongdong/0000-0002-2946-9537",2169-9313,2169-9356,APR,2017,122,4,2873,2889,,10.1002/2016JB013706,http://dx.doi.org/10.1002/2016JB013706
Seismicity rate immediately before and after main shock rupture from high-frequency waveforms in Japan,"Peng, ZG; Vidale, JE; Ishii, M; Helmstetter, A","Peng, Zhigang; Vidale, John E.; Ishii, Miaki; Helmstetter, Agnes","Vidale, John/H-4965-2011; PENG, ZHI/IQT-6531-2023; helmstetter, agnes/N-7142-2019","Vidale, John/0000-0002-3658-818X;",2169-9313,2169-9356,Mar 17,2007,112,B3,,,B03306,10.1029/2006JB004386,http://dx.doi.org/10.1029/2006JB004386
Regional variations in the diffusion of triggered seismicity,"McKernon, C; Main, IG","McKernon, C; Main, IG","Main, Ian Graham/AAO-4365-2021","Main, Ian Graham/0000-0001-7031-6746",2169-9313,2169-9356,May 12,2005,110,B5,,,B05S05,10.1029/2004JB003387,http://dx.doi.org/10.1029/2004JB003387
Multiplets: Their behavior and utility at dacitic and andesitic volcanic centers,"Thelen, W; Malone, S; West, M","Thelen, Weston; Malone, Steve; West, Michael",,,2169-9313,2169-9356,Aug 23,2011,116,,,,B08210,10.1029/2010JB007924,http://dx.doi.org/10.1029/2010JB007924
"Intraslab Seismicity Near Subducted Seamounts Induced by the 2019 Large Slow Slip Event Offshore the Northern Hikurangi Subduction Zone, New Zealand","Iwasaki, Y; Schwartz, SY; Mochizuki, K; Crume, H; Bassett, D; Yamada, T; Morad, D","Iwasaki, Yuriko; Schwartz, Susan Y.; Mochizuki, Kimihiro; Crume, Heather; Bassett, Dan; Yamada, Tomoaki; Morad, Doron","; Morad, Doron/GQI-4045-2022","Bassett, Dan/0000-0001-6351-0284; Schwartz, Susan/0000-0002-1978-5392; Morad, Doron/0000-0002-4303-6412; Iwasaki, Yuriko/0000-0002-7586-5936;",2169-9313,2169-9356,Dec 9,2025,130,12,,,e2025JB031751,10.1029/2025JB031751,http://dx.doi.org/10.1029/2025JB031751
"An Improved Method to Determine Coda-Q, Earthquake Magnitude, and Site Amplification: Theory and Application to Southern California","Wang, W; Shearer, PM","Wang, W.; Shearer, P. M.","Shearer, Peter/K-5247-2012; Wang, Wei/ACQ-8879-2022","Shearer, Peter/0000-0002-2992-7630; Wang, Wei/0000-0002-5934-4268",2169-9313,2169-9356,JAN,2019,124,1,578,598,,10.1029/2018JB015961,http://dx.doi.org/10.1029/2018JB015961
"Synthetic earthquake catalogs simulating seismic activity in the Corinth Gulf, Greece, fault system","Console, R; Carluccio, R; Papadimitriou, E; Karakostas, V","Console, Rodolfo; Carluccio, Roberto; Papadimitriou, Eleftheria; Karakostas, Vassilis","Console, Rodolfo/AAC-3044-2020; Papadimitriou, Eleftheria/N-6864-2018; CARLUCCIO, Roberto/AAX-4649-2021","Papadimitriou, Eleftheria/0000-0003-3574-2787; CARLUCCIO, Roberto/0000-0003-4344-0965",2169-9313,2169-9356,JAN,2015,120,1,326,343,,10.1002/2014JB011765,http://dx.doi.org/10.1002/2014JB011765
The Arctic plate boundary - art. no. 2075,"Engen, O; Eldholm, O; Bungum, H","Engen, O; Eldholm, O; Bungum, H","Bungum, Hilmar/HOH-8761-2023","Bungum, Hilmar/0000-0002-0720-030X",2169-9313,2169-9356,Feb 5,2003,108,B2,,,2075,10.1029/2002JB001809,http://dx.doi.org/10.1029/2002JB001809
"Analysis of Microseismicity Framing ML > 2.5 Earthquakes at The Geysers Geothermal Field, California","Bentz, S; Martínez-Garzón, P; Kwiatek, G; Dresen, G; Bohnhoff, M","Bentz, Stephan; Martinez-Garzon, Patricia; Kwiatek, Grzegorz; Dresen, Georg; Bohnhoff, Marco","; Kwiatek, Grzegorz/K-2039-2012; Bohnhoff, Marco/B-4354-2017","Bentz, Stephan/0000-0003-3694-0443; Martínez-Garzón, Patricia/0000-0003-4649-0386; Kwiatek, Grzegorz/0000-0003-1076-615X; Bohnhoff, Marco/0000-0001-7383-635X",2169-9313,2169-9356,AUG,2019,124,8,8823,8843,,10.1029/2019JB017716,http://dx.doi.org/10.1029/2019JB017716
14 Years of Slip on the Hikurangi Subduction Zone,"Michel, S; Jolivet, R; Klein, E; Maubant, L","Michel, Sylvain; Jolivet, Romain; Klein, Emilie; Maubant, Louise","Jolivet, Romain/AAY-9552-2020; Klein, Emilie/JZW-5171-2024","Jolivet, Romain/0000-0002-9896-3651; Maubant, Louise/0000-0003-2077-169X;",2169-9313,2169-9356,Jul 5,2025,130,7,,,e2024JB030865,10.1029/2024JB030865,http://dx.doi.org/10.1029/2024JB030865
b-Bayesian: The Full Probabilistic Estimate of b-Value Temporal Variations for Non-Truncated Catalogs,"Laporte, M; Durand, S; Bodin, T; Gardonio, B; Marsan, D","Laporte, M.; Durand, S.; Bodin, T.; Gardonio, B.; Marsan, D.","; durand, stephanie/O-6849-2017; Bodin, Theo/AAC-2823-2020; Bodin, Theo/AAC-2823-2020; Bodin, Thomas/N-7716-2015","Laporte, Marine/0000-0001-8978-0661; durand, stephanie/0000-0002-2415-6793; Bodin, Theo/0000-0002-2074-5857; Bodin, Thomas/0000-0002-7393-6112",2169-9313,2169-9356,Mar 22,2025,130,3,,,e2024JB029973,10.1029/2024JB029973,http://dx.doi.org/10.1029/2024JB029973
Detection of earthquake swarms at subduction zones globally: Insights into tectonic controls on swarm activity,"Nishikawa, T; Ide, S","Nishikawa, T.; Ide, S.","; Ide, Satoshi/G-4887-2014","Nishikawa, Tomoaki/0000-0001-5775-4565; Ide, Satoshi/0000-0003-0063-548X",2169-9313,2169-9356,JUL,2017,122,7,5325,5343,,10.1002/2017JB014188,http://dx.doi.org/10.1002/2017JB014188
Effects of Fault Roughness on Coseismic Slip and Earthquake Locations,"Allam, AA; Kroll, KA; Milliner, CWD; Richards-Dinger, KB","Allam, A. A.; Kroll, K. A.; Milliner, C. W. D.; Richards-Dinger, K. B.","Kroll, Kayla/H-6518-2016","Kroll, Kayla/0000-0003-3582-9874",2169-9313,2169-9356,NOV,2019,124,11,11336,11349,,10.1029/2018JB016216,http://dx.doi.org/10.1029/2018JB016216
Insights Into Seismicity Associated With Flexibly Operating Enhanced Geothermal System From Real-Time Distributed Acoustic Sensing,"Chamarczuk, M; Ajo-Franklin, J; Nayak, A; Norbeck, J; Latimer, T; Titov, A; Dadi, S","Chamarczuk, Michal; Ajo-Franklin, Jonathan; Nayak, Avinash; Norbeck, Jack; Latimer, Tim; Titov, Aleksei; Dadi, Sireesh","Chamarczuk, Michał/ABB-4026-2020; Nayak, Avinash/AAQ-8613-2020; Ajo-Franklin, Jonathan/ABG-2550-2020","Chamarczuk, Michał/0000-0003-4545-4818; Ajo-Franklin, Jonathan/0000-0002-6666-4702",2169-9313,2169-9356,Jul 17,2025,130,7,,,e2025JB031634,10.1029/2025JB031634,http://dx.doi.org/10.1029/2025JB031634
Seismotectonics and Fault Geometries of the 2019 Ridgecrest Sequence: Insight From Aftershock Moment Tensor Catalog Using 3-D Green's Functions,"Wang, X; Zhan, ZW","Wang, Xin; Zhan, Zhongwen","WANG, XIN/MXJ-8861-2025","WANG, XIN/0000-0002-6180-0058; Zhan, Zhongwen/0000-0002-5586-2607",2169-9313,2169-9356,MAY,2020,125,5,,,e2020JB019577,10.1029/2020JB019577,http://dx.doi.org/10.1029/2020JB019577
"A reinterpretation of seismicity associated with the January 1983 dike intrusion at Kilauea Volcano, Hawaii","Rubin, AM; Gillard, D; Got, JL","Rubin, AM; Gillard, D; Got, JL","GOT, Jean-Luc/AAE-6880-2021",,2169-9313,2169-9356,May 10,1998,103,B5,10003,10015,,10.1029/97JB03513,http://dx.doi.org/10.1029/97JB03513
Graph-Partitioning Based Convolutional Neural Network for Earthquake Detection Using a Seismic Array,"Yano, K; Shiina, T; Kurata, S; Kato, A; Komaki, F; Sakai, SI; Hirata, N","Yano, Keisuke; Shiina, Takahiro; Kurata, Sumito; Kato, Aitaro; Komaki, Fumiyasu; Sakai, Shin'ichi; Hirata, Naoshi","; Shiina, Takahiro/W-5915-2019; Kato, Aitaro/JBQ-4566-2023; Komaki, Fumiyasu/Q-7382-2019","Hirata, Naoshi/0000-0002-4439-5388; Shiina, Takahiro/0000-0003-0298-2039; Komaki, Fumiyasu/0000-0001-8371-5092",2169-9313,2169-9356,MAY,2021,126,5,,,e2020JB020269,10.1029/2020JB020269,http://dx.doi.org/10.1029/2020JB020269
Topological Properties of Epidemic Aftershock Processes,"Baró, J","Baro, Jordi","; Baró i Urbea, Jordi/J-5832-2019","Baró Urbea, Jordi/0000-0002-0522-0788;",2169-9313,2169-9356,MAY,2020,125,5,,,e2019JB018530,10.1029/2019JB018530,http://dx.doi.org/10.1029/2019JB018530
Insights on earthquake triggering processes from early aftershocks of repeating microearthquakes,"Lengliné, O; Ampuero, JP","Lengline, O.; Ampuero, J. -P.","Ampuero, Jean Paul/N-3348-2013","Ampuero, Jean Paul/0000-0002-4827-7987",2169-9313,2169-9356,OCT,2015,120,10,6977,6992,,10.1002/2015JB012287,http://dx.doi.org/10.1002/2015JB012287
"Seismicity Structure of the Northern Chile Forearc From >100,000 Double-Difference Relocated Hypocenters","Sippl, C; Schurr, B; Asch, G; Kummerow, J","Sippl, C.; Schurr, B.; Asch, G.; Kummerow, J.","Sippl, Christian/AAC-6590-2019","Sippl, Christian/0000-0003-4130-6340; Schurr, Bernd/0000-0002-3746-9166",2169-9313,2169-9356,MAY,2018,123,5,4063,4087,,10.1002/2017JB015384,http://dx.doi.org/10.1002/2017JB015384
Centroid moment tensor catalogue using a 3-D continental scale Earth model: Application to earthquakes in Papua New Guinea and the Solomon Islands,"Hejrani, B; Tkalcic, H; Fichtner, A","Hejrani, Babak; Tkalcic, Hrvoje; Fichtner, Andreas","Fichtner, Aneas/J-2554-2015; Tkalčić, Hrvoje/E-8465-2013; Hejrani, Babak/O-1524-2018","Fichtner, Aneas/0000-0003-3090-963X; Tkalčić, Hrvoje/0000-0001-7072-490X; Hejrani, Babak/0000-0002-4167-4437",2169-9313,2169-9356,JUL,2017,122,7,5517,5543,,10.1002/2017JB014230,http://dx.doi.org/10.1002/2017JB014230
Spatial Distribution of Tremor Episodes From Long-Term Monitoring in the Northern Cascadia Subduction Zone,"Bombardier, M; Cassidy, JF; Dosso, SE; Kao, H","Bombardier, Madison; Cassidy, John F.; Dosso, Stan E.; Kao, Honn","Bombardier, Madison/ISA-3581-2023","Bombardier, Madison/0009-0009-1567-5215",2169-9313,2169-9356,Aug 16,2024,129,8,,,e2024JB029159,10.1029/2024JB029159,http://dx.doi.org/10.1029/2024JB029159
"Correlating seismicity parameters and subsidence in the Tokai region, central Japan - art. no. B10303","Wiemer, S; Yoshida, A; Hosono, K; Noguchi, S; Takayama, H","Wiemer, S; Yoshida, A; Hosono, K; Noguchi, S; Takayama, H","Wiemer, Stefan/E-5033-2015","Wiemer, Stefan/0000-0002-4919-3283",2169-9313,2169-9356,Oct 13,2005,110,B10,,,B10303,10.1029/2003JB002732,http://dx.doi.org/10.1029/2003JB002732
A simple and testable model for earthquake clustering,"Console, R; Murru, M","Console, R; Murru, M","; Console, Rodolfo/AAC-3044-2020","Murru, Maura/0000-0002-7385-394X;",2169-9313,2169-9356,May 10,2001,106,B5,8699,8711,,10.1029/2000JB900269,http://dx.doi.org/10.1029/2000JB900269
PhaseLink: A Deep Learning Approach to Seismic Phase Association,"Ross, ZE; Yue, YS; Meier, MA; Hauksson, E; Heaton, TH","Ross, Zachary E.; Yue, Yisong; Meier, Men-Andrin; Hauksson, Egill; Heaton, Thomas H.",,"Ross, Zachary/0000-0002-6343-8400; Heaton, Thomas/0000-0003-3363-2197; Meier, Men-Anin/0000-0002-2949-8602; Hauksson, Egill/0000-0002-6834-5051",2169-9313,2169-9356,JAN,2019,124,1,856,869,,10.1029/2018JB016674,http://dx.doi.org/10.1029/2018JB016674
Techniques and parameters to analyze seismicity patterns associated with large earthquakes,"Eneva, M; Ben-Zion, Y","Eneva, M; Ben-Zion, Y",,,2169-9313,2169-9356,Aug 10,1997,102,B8,17785,17795,,10.1029/97JB00994,http://dx.doi.org/10.1029/97JB00994
"Complex spatiotemporal evolution of the 2008 Mw 4.9 Mogul earthquake swarm (Reno, Nevada): Interplay of fluid and faulting","Ruhl, CJ; Abercrombie, RE; Smith, KD; Zaliapin, I","Ruhl, C. J.; Abercrombie, R. E.; Smith, K. D.; Zaliapin, I.","Ruhl, Christine/AAY-9531-2020; Zaliapin, Ilya/AHD-5753-2022","Ruhl, Christine/0000-0002-7764-3165; Abercrombie, Rachel/0000-0003-4515-5420; Zaliapin, Ilya/0000-0001-6257-0517",2169-9313,2169-9356,NOV,2016,121,11,8196,8216,,10.1002/2016JB013399,http://dx.doi.org/10.1002/2016JB013399
A fluid-driven earthquake swarm on the margin of the Yellowstone caldera,"Shelly, DR; Hill, DP; Massin, F; Farrell, J; Smith, RB; Taira, T","Shelly, David R.; Hill, David P.; Massin, Frederick; Farrell, Jamie; Smith, Robert B.; Taira, Taka'aki","Taira, Taka'aki/L-5839-2013; Massin, Frédérick/AAK-9207-2021","Taira, Taka'aki/0000-0002-6170-797X; Massin, Frédérick/0000-0002-7532-5139; Shelly, David/0000-0003-2783-5158",2169-9313,2169-9356,SEP,2013,118,9,4872,4886,,10.1002/jgrb.50362,http://dx.doi.org/10.1002/jgrb.50362
New Insights Into the Active Tectonics of the Northern Canadian Cordillera From an Enhanced Earthquake Catalog,"Drooff, C; Freymueller, JT","Drooff, Connor; Freymueller, Jeffrey T.",,"Freymueller, Jeffrey/0000-0003-0614-0306; ooff, Connor/0000-0002-9328-3569",2169-9313,2169-9356,DEC,2023,128,12,,,e2023JB026793,10.1029/2023JB026793,http://dx.doi.org/10.1029/2023JB026793
Velocity structure of the uppermost mantle beneath East Asia from Pn tomography and its dynamic implications,"Wang, SY; Niu, FL; Zhang, GM","Wang, Suyun; Niu, Fenglin; Zhang, Guomin",,,2169-9313,2169-9356,JAN,2013,118,1,290,301,,10.1002/jgrb.50085,http://dx.doi.org/10.1002/jgrb.50085
Evidence for tidal triggering of earthquakes as revealed from statistical analysis of global data,"Tanaka, S; Ohtake, M; Sato, H","Tanaka, S; Ohtake, M; Sato, H","Sato, Haruo/AAD-1497-2019",,2169-9313,2169-9356,OCT,2002,107,B10,,,2211,10.1029/2001JB001577,http://dx.doi.org/10.1029/2001JB001577
Testing the stress shadow hypothesis - art. no. B05S09,"Felzer, KR; Brodsky, EE","Felzer, KR; Brodsky, EE","Brodsky, Emily/B-9139-2014","Brodsky, Emily/0000-0002-6855-6860",2169-9313,2169-9356,May 4,2005,110,B5,,,B05S09,10.1029/2004JB003277,http://dx.doi.org/10.1029/2004JB003277
Magnitude-dependent Omori law: Theory and empirical study - art. no. B04306,"Ouillon, G; Sornette, D","Ouillon, G; Sornette, D",,,2169-9313,2169-9356,Apr 22,2005,110,B4,,,B04306,10.1029/2004JB003311,http://dx.doi.org/10.1029/2004JB003311
Systematic survey of high-resolution b value imaging along Californian faults: Inference on asperities,"Tormann, T; Wiemer, S; Mignan, A","Tormann, T.; Wiemer, S.; Mignan, A.","; Wiemer, Stefan/E-5033-2015","Mignan, Arnaud/0000-0002-2167-7534; Wiemer, Stefan/0000-0002-4919-3283",2169-9313,2169-9356,MAR,2014,119,3,2029,2054,,10.1002/2013JB010867,http://dx.doi.org/10.1002/2013JB010867
Quantifying the remote triggering capabilities of large earthquakes using data from the ANZA Seismic network catalog (Southern California),"Kane, DL; Kilb, D; Berg, AS; Martynov, VG","Kane, Deborah L.; Kilb, Debi; Berg, Arthur S.; Martynov, Vladislav G.",,"Kilb, Debi/0000-0002-7252-4167",2169-9313,2169-9356,Nov 3,2007,112,B11,,,B11302,10.1029/2006JB004714,http://dx.doi.org/10.1029/2006JB004714
Objective estimation of spatially variable parameters of epidemic type aftershock sequence model: Application to California,"Nandan, S; Ouillon, G; Wiemer, S; Sornette, D","Nandan, Shyam; Ouillon, Guy; Wiemer, Stefan; Sornette, Didier","; Wiemer, Stefan/E-5033-2015","Nandan, Shyam/0000-0002-4954-5314; Wiemer, Stefan/0000-0002-4919-3283",2169-9313,2169-9356,JUL,2017,122,7,5118,5143,,10.1002/2016JB013266,http://dx.doi.org/10.1002/2016JB013266
Refining earthquake clustering models,"Console, R; Murru, M; Lombardi, AM","Console, R; Murru, M; Lombardi, AM","Console, Rodolfo/AAC-3044-2020; Anna Maria, Lombardi/F-7870-2018","Anna Maria, Lombardi/0000-0002-8326-7135",2169-9313,2169-9356,Oct 9,2003,108,B10,,,2468,10.1029/2002JB002130,http://dx.doi.org/10.1029/2002JB002130
An efficient repeating signal detector to investigate earthquake swarms,"Skoumal, RJ; Brudzinski, MR; Currie, BS","Skoumal, Robert J.; Brudzinski, Michael R.; Currie, Brian S.","Brudzinski, Michael/A-8301-2011","Brudzinski, Michael/0000-0003-1869-0700; Currie, Brian/0000-0002-5759-3914",2169-9313,2169-9356,AUG,2016,121,8,5880,5897,,10.1002/2016JB012981,http://dx.doi.org/10.1002/2016JB012981
"Active accommodation of plate convergence in Southern Iran: Earthquake locations, triggered aseismic slip, and regional strain rates","Barnhart, WD; Lohman, RB; Mellors, RJ","Barnhart, William D.; Lohman, Rowena B.; Mellors, Robert J.","Lohman, Rowena/C-2324-2013; Mellors, Robert/K-7479-2014; Barnhart, William/L-9446-2015","Lohman, Rowena/0000-0001-7240-3165; Mellors, Robert/0000-0002-2723-5163; Barnhart, William/0000-0002-6576-068X",2169-9313,2169-9356,OCT,2013,118,10,5699,5711,,10.1002/jgrb.50380,http://dx.doi.org/10.1002/jgrb.50380
Earthquake clusters in southern California II: Classification and relation to physical properties of the crust,"Zaliapin, I; Ben-Zion, Y","Zaliapin, Ilya; Ben-Zion, Yehuda","Zaliapin, Ilya/AHD-5753-2022","Zaliapin, Ilya/0000-0001-6257-0517",2169-9313,2169-9356,JUN,2013,118,6,2865,2877,,10.1002/jgrb.50178,http://dx.doi.org/10.1002/jgrb.50178
A New Focal Mechanism Calculation Algorithm (REFOC) Using Inter-Event Relative Radiation Patterns: Application to the Earthquakes in the Parkfield Area,"Cheng, YF; Allen, RM; Taira, T","Cheng, Yifang; Allen, Richard M.; Taira, Taka'aki","Allen, Richard/HJI-3169-2023; Taira, Taka'aki/L-5839-2013; Cheng PhD, Yifang/HOC-4460-2023","Allen, Richard/0000-0003-4293-9772; Taira, Taka'aki/0000-0002-6170-797X;",2169-9313,2169-9356,MAR,2023,128,3,,,e2022JB025006,10.1029/2022JB025006,http://dx.doi.org/10.1029/2022JB025006
Evidence for Mogi doughnut behavior in seismicity preceding small earthquakes in southern California,"Shearer, PM; Lin, GQ","Shearer, Peter M.; Lin, Guoqing","Shearer, Peter/K-5247-2012; Lin, Guoqing/B-1002-2009","Shearer, Peter/0000-0002-2992-7630;",2169-9313,2169-9356,Jan 30,2009,114,,,,B01318,10.1029/2008JB005982,http://dx.doi.org/10.1029/2008JB005982
"Multifrequential periodogram analysis of earthquake occurrence: An alternative approach to the Schuster spectrum, with two examples in central California","Dutilleul, P; Johnson, CW; Bürgmann, R; Wan, YG; Shen, ZK","Dutilleul, Pierre; Johnson, Christopher W.; Buergmann, Roland; Wan, Yongge; Shen, Zheng-Kang","Shen, Zheng-Kang/JWO-5513-2024; Burgmann, Roland/AAE-5138-2022","Shen, Zheng-Kang/0000-0002-4965-174X; Burgmann, Roland/0000-0002-3560-044X; Johnson, Christopher/0000-0002-2589-7593",2169-9313,2169-9356,DEC,2015,120,12,8494,8515,,10.1002/2015JB012467,http://dx.doi.org/10.1002/2015JB012467
Geodetic Strain Rates and Seismicity Rates Along the Apennines (Italy),"Nucci, R; Serpelloni, E; Faenza, L; Garcia, A; Belardinelli, ME","Nucci, R.; Serpelloni, E.; Faenza, L.; Garcia, A.; Belardinelli, M. E.","faenza, licia/L-2037-2015; Garcia, Alexander/AAD-5112-2020; Serpelloni, Enrico/KGK-5864-2024","Garcia, Alexander/0000-0001-9196-8452; , Riccardo Nucci/0009-0002-5240-611X; Serpelloni, Enrico/0000-0003-1822-403X; Belardinelli, Maria Elina/0000-0002-7653-5090",2169-9313,2169-9356,Jan 29,2025,130,2,,,e2024JB029848,10.1029/2024JB029848,http://dx.doi.org/10.1029/2024JB029848
High-Resolution Seismicity and Ground Motion Variability Across the Highly Locked Southern Anninghe Fault With Dense Seismic Arrays and Machine Learning Techniques,"Song, JH; Yang, HF; Yao, HJ","Song, Junhao; Yang, Hongfeng; Yao, Huajian","Yang, Hongfeng/Q-4328-2018; Yao, Huajian/B-7888-2010; Song, Junhao/NEU-3180-2025","Song, Junhao/0000-0003-2706-0778",2169-9313,2169-9356,Aug 31,2024,129,9,,,e2024JB029479,10.1029/2024JB029479,http://dx.doi.org/10.1029/2024JB029479
Relation between stress heterogeneity and aftershock rate in the rate-and-state model,"Helmstetter, A; Shaw, BE","Helmstetter, Agnes; Shaw, Bruce E.","helmstetter, agnes/N-7142-2019",,2169-9313,2169-9356,Jul 21,2006,111,B7,,,B07304,10.1029/2005JB004077,http://dx.doi.org/10.1029/2005JB004077
Frequency of large crustal earthquakes in Puget Sound-Southern Georgia Strait predicted from geodetic and geological deformation rates - art. no. 2033,"Hyndman, RD; Mazzotti, S; Weichert, D; Rogers, GC","Hyndman, RD; Mazzotti, S; Weichert, D; Rogers, GC","Mazzotti, Stephane/H-3928-2016",,2169-9313,2169-9356,Jan 21,2003,108,B1,,,2033,10.1029/2001JB001710,http://dx.doi.org/10.1029/2001JB001710
Microseismic Constraints on the Mechanical State of the North Anatolian Fault Zone 13 Years After the 1999 M7.4 Izmit Earthquake,"Beaucé, E; Van der Hilst, RD; Campillo, M","Beauce, Eric; van der Hilst, Robert D.; Campillo, Michel","Campillo, Michel/K-6231-2012; Beauce, Eric/GVU-5377-2022","Campillo, Michel/0000-0001-6971-4499; Beauce, Eric/0000-0003-3138-9082",2169-9313,2169-9356,SEP,2022,127,9,,,e2022JB024416,10.1029/2022JB024416,http://dx.doi.org/10.1029/2022JB024416
"Features of earthquake occurrence in a complex normal fault network: Results from a synthetic seismicity model of the Taupo Rift, New Zealand","Robinson, R; Nicol, A; Walsh, JJ; Villamor, P","Robinson, R.; Nicol, A.; Walsh, J. J.; Villamor, P.",,"walsh, john/0000-0001-6043-6015",2169-9313,2169-9356,Dec 16,2009,114,,,,B12306,10.1029/2008JB006231,http://dx.doi.org/10.1029/2008JB006231
Global Omori law decay of triggered earthquakes: Large aftershocks outside the classical aftershock zone - art. no. 2199,"Parsons, T","Parsons, T","Parsons, Tom/A-3424-2008","Parsons, Tom/0000-0002-0582-4338",2169-9313,2169-9356,SEP,2002,107,B9,,,2199,10.1029/2001JB000646,http://dx.doi.org/10.1029/2001JB000646
Low-Frequency Earthquakes Downdip of Deep Slow Slip Beneath the North Island of New Zealand,"Aden-Antoniów, F; Frank, WB; Chamberlain, CJ; Townend, J; Wallace, LM; Bannister, S","Aden-Antoniow, F.; Frank, W. B.; Chamberlain, C. J.; Townend, J.; Wallace, L. M.; Bannister, S.","Townend, John/B-5923-2012; Bannister, Stephen/B-4038-2008; Aden-Antoniow, Florent/AAU-9810-2020; Frank, William/C-7249-2016","Townend, John/0000-0002-7017-620X; Bannister, Stephen/0000-0002-2125-0506; Aden-Antoniow, Florent/0000-0001-8071-1520; Frank, William/0000-0001-7892-3081; Wallace, Laura/0000-0003-2070-0891; Chamberlain, Calum John/0000-0003-2317-2609",2169-9313,2169-9356,May 10,2024,129,5,,,e2023JB027971,10.1029/2023JB027971,http://dx.doi.org/10.1029/2023JB027971
"Detection and Characterization of Seismic and Acoustic Signals at Pavlof Volcano, Alaska, Using Deep Learning","Tan, D; Fee, D; Witsil, A; Girona, T; Haney, M; Wech, A; Waythomas, C; Lopez, T","Tan, Darren; Fee, David; Witsil, Alex; Girona, Tarsilo; Haney, Matthew; Wech, Aaron; Waythomas, Chris; Lopez, Taryn","Witsil, Alex/KBQ-6797-2024","Witsil, Alex/0000-0003-0200-0074; Tan, Pei Kun Darren/0000-0001-8210-6041; Lopez, Taryn/0000-0001-6831-4573; Fee, David/0000-0002-0936-9977; Girona, Társilo/0000-0001-6422-0422",2169-9313,2169-9356,Jun 22,2024,129,6,,,e2024JB029194,10.1029/2024JB029194,http://dx.doi.org/10.1029/2024JB029194
Stress Variations in Southern Tonga Slab Derived From Deep-Focus Earthquakes,"Hrubcová, P; Rastjoo, G; Vavrycuk, V","Hrubcova, Pavla; Rastjoo, Ghazaal; Vavrycuk, Vaclav","Rastjoo, Ghazaal/HPH-0346-2023; Hrubcová, Pavla/H-6401-2014; Vavrycuk, Vaclav/E-4188-2013","Rastjoo, Ghazaal/0009-0005-4115-3155; Hrubcová, Pavla/0000-0003-2694-1565; Vavrycuk, Vaclav/0000-0003-3962-2678",2169-9313,2169-9356,Apr 29,2024,129,5,,,e2023JB028039,10.1029/2023JB028039,http://dx.doi.org/10.1029/2023JB028039
Properties of large ruptures and the dynamical influence of fluids on earthquakes and faulting - art. no. 2182,"Miller, SA","Miller, SA",,,2169-9313,2169-9356,SEP,2002,107,B9,,,2182,10.1029/2000JB000032,http://dx.doi.org/10.1029/2000JB000032
"Mixed-Mode Slip Behavior of the Altotiberina Low-Angle Normal Fault System (Northern Apennines, Italy) through High-Resolution Earthquake Locations and Repeating Events","Valoroso, L; Chiaraluce, L; Di Stefano, R; Monachesi, G","Valoroso, Luisa; Chiaraluce, Lauro; Di Stefano, Raffaele; Monachesi, Giancarlo","Di Stefano, Raffaele/ISV-0052-2023; Valoroso, Luisa/AAG-8692-2020; Chiaraluce, Lauro/A-4410-2012","Di Stefano, Raffaele/0000-0003-3489-7453; Valoroso, Luisa/0000-0001-5014-0958; Chiaraluce, Lauro/0000-0002-9697-6504",2169-9313,2169-9356,DEC,2017,122,12,10220,10240,,10.1002/2017JB014607,http://dx.doi.org/10.1002/2017JB014607
"Tectonic tremor along the northern Hikurangi Margin, New Zealand, between 2010 and 2015","Todd, EK; Schwartz, SY","Todd, Erin K.; Schwartz, Susan Y.",,"Todd, Erin/0000-0001-8866-2604; Schwartz, Susan/0000-0002-1978-5392",2169-9313,2169-9356,DEC,2016,121,12,8706,8719,,10.1002/2016JB013480,http://dx.doi.org/10.1002/2016JB013480
Omori law for eruption foreshocks and aftershocks,"Schmid, A; Grasso, JR","Schmid, A.; Grasso, J. -R.","grasso, jean-robert/F-3634-2017","grasso, jean-robert/0000-0002-9580-7864",2169-9313,2169-9356,Jul 11,2012,117,,,,B07302,10.1029/2011JB008975,http://dx.doi.org/10.1029/2011JB008975
Detailed Investigation of the Foreshock Sequence of the 2010 Mw7.2 El Mayor-Cucapah Earthquake,"Yao, DD; Huang, YH; Peng, ZG; Castro, RR","Yao, Dongdong; Huang, Yihe; Peng, Zhigang; Castro, Raul R.","Castro, Raul Ramon/F-7974-2018; Yao, Dongdong/AAQ-2463-2021; PENG, ZHI/IQT-6531-2023; Yao, Dongdong/AAQ-2463-2021; Huang, Yihe/AAJ-5971-2020","Castro, Raul Ramon/0000-0003-0463-0117; Yao, Dongdong/0000-0002-2280-6617; Yao, Dongdong/0000-0002-2946-9537;",2169-9313,2169-9356,JUN,2020,125,6,,,e2019JB019076,10.1029/2019JB019076,http://dx.doi.org/10.1029/2019JB019076
Partial Ruptures Cannot Explain the Long Recurrence Intervals of Repeating Earthquakes,"Turner, AR; Hawthorne, JC; Cattania, C","Turner, A. R.; Hawthorne, J. C.; Cattania, C.",,"Turner, Alice/0000-0002-3743-6428; Cattania, Camilla/0000-0003-0031-1696",2169-9313,2169-9356,Jan 22,2024,129,1,,,e2023JB027870,10.1029/2023JB027870,http://dx.doi.org/10.1029/2023JB027870
Geometry of crustal faults: Identification from seismicity and implications for slip and stress transfer models,"Kaven, JO; Pollard, DD","Kaven, J. Ole; Pollard, David D.",,"Pollard, David D/0000-0001-8481-1625",2169-9313,2169-9356,SEP,2013,118,9,5058,5070,,10.1002/jgrb.50356,http://dx.doi.org/10.1002/jgrb.50356
Spatiotemporal correlations of aftershock sequences,"Peixoto, TP; Doblhoff-Dier, K; Davidsen, J","Peixoto, Tiago P.; Doblhoff-Dier, Katharina; Davidsen, Joern","Doblhoff-Dier, Katharina/R-5880-2016; Davis, James/D-8766-2013; Peixoto, Tiago/E-8756-2011","Peixoto, Tiago/0000-0002-4505-0517",2169-9313,2169-9356,Oct 22,2010,115,,,,B10309,10.1029/2010JB007626,http://dx.doi.org/10.1029/2010JB007626
Spatial localization of moment deficits in southern California - art. no. B04402,"Meade, BJ; Hager, BH","Meade, BJ; Hager, BH",,,2169-9313,2169-9356,Apr 14,2005,110,B4,,,B04402,10.1029/2004JB003331,http://dx.doi.org/10.1029/2004JB003331
Identification and interpretation of azimuthally varying crustal reflectivity with an example from the southern Canadian Cordillera,"Cook, FA; Li, Q; Vasudevan, K","Cook, FA; Li, Q; Vasudevan, K",,,2169-9313,2169-9356,Apr 10,1997,102,B4,8447,8465,,10.1029/96JB03113,http://dx.doi.org/10.1029/96JB03113
Where giant earthquakes may come,"Marzocchi, W; Sandri, L; Heuret, A; Funiciello, F","Marzocchi, W.; Sandri, L.; Heuret, A.; Funiciello, F.","Marzocchi, Warner/J-9299-2012; Sani, Laura/AET-0489-2022","Marzocchi, Warner/0000-0002-9114-1516; Sani, Laura/0000-0002-3254-2336",2169-9313,2169-9356,OCT,2016,121,10,7322,7336,,10.1002/2016JB013054,http://dx.doi.org/10.1002/2016JB013054
Next Generation Seismic Source Detection by Computer Vision: Untangling the Complexity of the 2016 Kaikoura Earthquake Sequence,"Tan, FZ; Kao, H; Yi, KM; Nissen, E; Goerzen, C; Hutchinson, J; Gao, DW; Farahbod, AM","Tan, Fengzhou; Kao, Honn; Yi, Kwang Moo; Nissen, Edwin; Goerzen, Chet; Hutchinson, Jesse; Gao, Dawei; Farahbod, Amir M.","Hutchinson, Jesse/NIU-1798-2025; Yi, Kwang Moo/C-2612-2016; Nissen, Edwin/E-2109-2011","Yi, Kwang Moo/0000-0001-9036-3822; tan, fengzhou/0000-0003-1989-7017; Nissen, Edwin/0000-0002-0406-2706",2169-9313,2169-9356,May 11,2024,129,5,,,e2024JB028735,10.1029/2024JB028735,http://dx.doi.org/10.1029/2024JB028735
An improved space-time ETAS model for inverting the rupture geometry from seismicity triggering,"Guo, YC; Zhuang, JC; Zhou, SY","Guo, Yicun; Zhuang, Jiancang; Zhou, Shiyong","Zhuang, Jiancang/C-3650-2011","Zhuang, Jiancang/0000-0002-9708-3871",2169-9313,2169-9356,MAY,2015,120,5,3309,3323,,10.1002/2015JB011979,http://dx.doi.org/10.1002/2015JB011979
Depth-Dependent Aftershock Trigger Potential Revealed by 3D-ETAS Modeling,"Asayesh, BM; Hainzl, S; Zöller, G","Asayesh, Behnam M.; Hainzl, Sebastian; Zoeller, Gert","; Hainzl, Sebastian/KVA-4598-2024","Maleki Asayesh, Behnam/0000-0001-7534-9504; Hainzl, Sebastian/0000-0002-2875-0933",2169-9313,2169-9356,JUN,2023,128,6,,,e2023JB026377,10.1029/2023JB026377,http://dx.doi.org/10.1029/2023JB026377
Re-Examining Temporal Variations in Intermediate-Depth Seismicity,"Wimpenny, S; Craig, T; Marcou, S","Wimpenny, Sam; Craig, Tim; Marcou, Savvas",,"Wimpenny, Samuel/0000-0002-2937-7501; Marcou, Savvas/0000-0003-3961-773X; Craig, Timothy/0000-0003-2198-9172",2169-9313,2169-9356,JUN,2023,128,6,,,e2022JB026269,10.1029/2022JB026269,http://dx.doi.org/10.1029/2022JB026269
Event-Based Training in Label-Limited Regimes,"Linville, LM","Linville, Lisa M.",,"Linville, Lisa/0000-0003-1319-1056",2169-9313,2169-9356,JAN,2022,127,1,,,e2021JB022820,10.1029/2021JB022820,http://dx.doi.org/10.1029/2021JB022820
On-Fault Geological Fingerprint of Earthquake Rupture Direction,"Kearse, J; Kaneko, Y","Kearse, J.; Kaneko, Y.","Kearse, Jesse/NOF-6542-2025; Kaneko, Yoshihiro/B-8264-2013","Kearse, Jesse/0000-0003-1223-2549; Kaneko, Yoshihiro/0000-0003-2342-0131",2169-9313,2169-9356,SEP,2020,125,9,,,e2020JB019863,10.1029/2020JB019863,http://dx.doi.org/10.1029/2020JB019863
Scaling of seismicity induced by nonlinear fluid-rock interaction after an injection stop,"Johann, L; Dinske, C; Shapiro, SA","Johann, L.; Dinske, C.; Shapiro, S. A.","Shapiro, Serge/O-8739-2017","Shapiro, Serge/0000-0002-5062-2698",2169-9313,2169-9356,NOV,2016,121,11,8154,8174,,10.1002/2016JB012949,http://dx.doi.org/10.1002/2016JB012949
Insights Into Hydraulic Fracture Growth Gained From a Joint Analysis of Seismometer-Derived Tilt Signals and Acoustic Emissions,"Niemz, P; Dahm, T; Milkereit, C; Cesca, S; Petersen, G; Zang, A","Niemz, P.; Dahm, T.; Milkereit, C.; Cesca, S.; Petersen, G.; Zang, A.","; Niemz, Peter/OZE-0251-2025; Petersen, Gesa M/JAN-4527-2023; Cesca, Simone/AAZ-2572-2020","Zang, Arno/0000-0001-7670-5152; Niemz, Peter/0000-0002-0612-662X; Petersen, Gesa M/0000-0002-7138-0499; Cesca, Simone/0000-0001-9419-3904",2169-9313,2169-9356,DEC,2021,126,12,,,e2021JB023057,10.1029/2021JB023057,http://dx.doi.org/10.1029/2021JB023057
"Earthquakes and Seismic Hazard in Southern New Caledonia, Southwest Pacific","Chin, SJ; Sutherland, R; Savage, MK; Townend, J; Collot, J; Pelletier, B; Monge, O; Illsley-Kemp, F","Chin, Shao-Jinn; Sutherland, Rupert; Savage, Martha K.; Townend, John; Collot, Julien; Pelletier, Bernard; Monge, Olivier; Illsley-Kemp, Finnigan","Sutherland, Rupert/Y-9290-2019; Collot, Julien/S-4917-2018; Savage, Martha/F-1857-2011; Townend, John/B-5923-2012","Sutherland, Rupert/0000-0001-7430-0055; Illsley-Kemp, Finnigan/0000-0002-7114-033X; Collot, Julien/0000-0002-2043-2535; Savage, Martha/0000-0002-2080-0676; Townend, John/0000-0002-7017-620X; MONGE, Olivier/0000-0002-8576-5509; Chin, Shao-Jinn/0000-0002-9041-3874",2169-9313,2169-9356,DEC,2022,127,12,,,e2022JB024207,10.1029/2022JB024207,http://dx.doi.org/10.1029/2022JB024207
Three-dimensional seismic velocity structure of the San Francisco Bay area,"Hole, JA; Brocher, TM; Klemperer, SL; Parsons, T; Benz, HM; Furlong, KP","Hole, JA; Brocher, TM; Klemperer, SL; Parsons, T; Benz, HM; Furlong, KP","; Klemperer, Simon/A-5919-2012; Parsons, Tom/A-3424-2008","Hole, John/0000-0002-5349-9111; Klemperer, Simon/0000-0001-7050-1829; Parsons, Tom/0000-0002-0582-4338; Brocher, Thomas/0000-0002-9740-839X",2169-9313,2169-9356,Jun 10,2000,105,B6,13859,13873,,10.1029/2000JB900083,http://dx.doi.org/10.1029/2000JB900083
Constructing a 3-D Radially Anisotropic Crustal Velocity Model for Oklahoma Using Full Waveform Inversion,"Zhang, S; Zhu, HJ","Zhang, Shuo; Zhu, Hejun","Zhang, Shuo/NBX-9964-2025; Zhu, Hejun/C-1933-2018","Zhu, Hejun/0000-0002-7452-075X",2169-9313,2169-9356,NOV,2023,128,11,,,e2023JB026992,10.1029/2023JB026992,http://dx.doi.org/10.1029/2023JB026992
Toward Source Region Tomography With Intersource Interferometry: Shear Wave Velocity From 2018 West Bohemia Swarm Earthquakes,"Eulenfeld, T","Eulenfeld, Tom",,"Eulenfeld, Tom/0000-0002-8378-559X",2169-9313,2169-9356,SEP,2020,125,9,,,e2020JB019931,10.1029/2020JB019931,http://dx.doi.org/10.1029/2020JB019931
Linear Relationship Between Aftershock Productivity and Seismic Coupling in the Northern Chile Subduction Zone,"Hainzl, S; Sippl, C; Schurr, B","Hainzl, S.; Sippl, C.; Schurr, B.","Sippl, Christian/AAC-6590-2019; Hainzl, Sebastian/KVA-4598-2024","Sippl, Christian/0000-0003-4130-6340; Schurr, Bernd/0000-0002-3746-9166; Hainzl, Sebastian/0000-0002-2875-0933",2169-9313,2169-9356,AUG,2019,124,8,8726,8738,,10.1029/2019JB017764,http://dx.doi.org/10.1029/2019JB017764
Foreshocks explained by cascades of triggered seismicity,"Helmstetter, A; Sornette, D","Helmstetter, A; Sornette, D","helmstetter, agnes/N-7142-2019",,2169-9313,2169-9356,Oct 1,2003,108,B10,,,2457,10.1029/2003JB002409,http://dx.doi.org/10.1029/2003JB002409
Observation of growing correlation length as an indicator for critical point behavior prior to large earthquakes,"Zöller, G; Hainzl, S; Kurths, J","Zöller, G; Hainzl, S; Kurths, J","Hainzl, Sebastian/KVA-4598-2024","Hainzl, Sebastian/0000-0002-2875-0933",2169-9313,2169-9356,Feb 10,2001,106,B2,2167,2175,,10.1029/2000JB900379,http://dx.doi.org/10.1029/2000JB900379
"Geodetic Measurements of Slow-Slip Events Southeast of Parkfield, CA","Delbridge, BG; Carmichael, JD; Nadeau, RM; Shelly, DR; Bürgmann, R","Delbridge, Brent G.; Carmichael, Joshua D.; Nadeau, Robert M.; Shelly, David R.; Burgmann, Roland","Burgmann, Roland/AAE-5138-2022; Nadeau, Robert M/G-1884-2017; Carmichael, Joshua/AAQ-1452-2020; Delbridge, Brent/HPC-8778-2023","Burgmann, Roland/0000-0002-3560-044X; Nadeau, Robert M/0000-0003-1255-0643; Delbridge, Brent/0000-0003-2808-8772",2169-9313,2169-9356,MAY,2020,125,5,,,e2019JB019059,10.1029/2019JB019059,http://dx.doi.org/10.1029/2019JB019059
Bayesian Seismic Source Inversion With a 3-D Earth Model of the Japanese Islands,"Simute, S; Boehm, C; Krischer, L; Gokhberg, A; Vallée, M; Fichtner, A","Simute, Saule; Boehm, Christian; Krischer, Lion; Gokhberg, Alexey; Vallee, Martin; Fichtner, Andreas","Vallée, Martin/K-5192-2012; Fichtner, Aneas/J-2554-2015","Fichtner, Aneas/0000-0003-3090-963X",2169-9313,2169-9356,JAN,2023,128,1,,,e2022JB024231,10.1029/2022JB024231,http://dx.doi.org/10.1029/2022JB024231
Teleseismic double-difference relocation of earthquakes along the Sumatra-Andaman subduction zone using a 3-D model,"Pesicek, JD; Thurber, CH; Zhang, H; DeShon, HR; Engdahl, ER; Widiyantoro, S","Pesicek, J. D.; Thurber, C. H.; Zhang, H.; DeShon, H. R.; Engdahl, E. R.; Widiyantoro, S.","; Widiyantoro, Sri/AAF-8797-2021; Zhang, Haijiang/NFR-8092-2025","Engdahl, Eric Robert/0000-0003-4248-4798; Widiyantoro, Sri/0000-0002-8941-7173; Thurber, Clifford/0000-0002-4940-4618; Zhang, Haijiang/0000-0003-4358-8951; Pesicek, Jeremy/0000-0001-7964-5845",2169-9313,2169-9356,Oct 8,2010,115,,,,B10303,10.1029/2010JB007443,http://dx.doi.org/10.1029/2010JB007443
Spatiotemporal distribution of Oklahoma earthquakes: Exploring relationships using a nearest-neighbor approach,"Vasylkivska, VS; Huerta, NJ","Vasylkivska, Veronika S.; Huerta, Nicolas J.","; Huerta, Nicolas/LRC-4862-2024","Vasylkivska, Veronika/0000-0002-1148-1271; Huerta, Nicolas/0000-0002-5652-2364",2169-9313,2169-9356,JUL,2017,122,7,5395,5416,,10.1002/2016JB013918,http://dx.doi.org/10.1002/2016JB013918
"Machine Learning Analysis of Seismograms Reveals a Continuous Plumbing System Evolution Beneath the Klyuchevskoy Volcano in Kamchatka, Russia","Steinmann, R; Seydoux, L; Journeau, C; Shapiro, NM; Campillo, M","Steinmann, Rene; Seydoux, Leonard; Journeau, Cyril; Shapiro, Nikolai M.; Campillo, Michel","Shapiro, Nikolai/G-1049-2010; Steinmann, René/LWI-3074-2024; Campillo, Michel/K-6231-2012; Seydoux, Léonard/IUP-3726-2023","Shapiro, Nikolai/0000-0002-0144-723X; Steinmann, René/0000-0003-1257-3917; Campillo, Michel/0000-0001-6971-4499; Journeau, Cyril/0000-0002-1195-3996;",2169-9313,2169-9356,Mar 25,2024,129,3,,,e2023JB027167,10.1029/2023JB027167,http://dx.doi.org/10.1029/2023JB027167
Rupture Directivity From Energy Envelope Deconvolution: Theory and Application to 58 Ridgecrest M 3.5-5.5 Earthquakes,"Jia, Z; Shearer, PM; Fan, WY","Jia, Zhe; Shearer, Peter M.; Fan, Wenyuan","Shearer, Peter/K-5247-2012; Jia, Zhe/HPG-7755-2023; Shearer, Peter/K-5247-2012; Fan, Wenyuan/M-2748-2016","Jia, Zhe/0000-0003-0652-2646; Shearer, Peter/0000-0002-2992-7630; Fan, Wenyuan/0000-0002-2983-8240",2169-9313,2169-9356,Dec 27,2025,131,1,,,e2024JB029683,10.1029/2024JB029683,http://dx.doi.org/10.1029/2024JB029683
Velocity field in Asia inferred from Quaternary fault slip rates and Global Positioning System observations,"Holt, WE; Chamotrooke, N; Le Pichon, X; Haines, AJ; Shen-Tu, B; Ren, J","Holt, WE; Chamotrooke, N; Le Pichon, X; Haines, AJ; Shen-Tu, B; Ren, J","; Chamot-Rooke, Nicolas/A-6939-2008","Holt, William/0000-0002-0267-5306; Chamot-Rooke, Nicolas/0000-0001-9924-749X",2169-9313,2169-9356,Aug 10,2000,105,B8,19185,19209,,10.1029/2000JB900045,http://dx.doi.org/10.1029/2000JB900045
"Precise hypocenter distribution of deep low-frequency earthquakes and its relationship to the local geometry of the subducting plate in the Nankai subduction zone, Japan","Ohta, K; Ide, S","Ohta, Kazuaki; Ide, Satoshi","Ide, Satoshi/G-4887-2014","Ide, Satoshi/0000-0003-0063-548X; Ohta, Kazuaki/0000-0002-5869-7838",2169-9313,2169-9356,Jan 27,2011,116,,,,B01308,10.1029/2010JB007857,http://dx.doi.org/10.1029/2010JB007857
A Unified Model of Crustal Stress Heterogeneity From Borehole Breakouts and Earthquake Focal Mechanisms,"Luttrell, K; Hardebeck, J","Luttrell, Karen; Hardebeck, Jeanne","; Luttrell, Karen/D-6772-2015","Hardebeck, Jeanne/0000-0002-6737-7780;",2169-9313,2169-9356,FEB,2021,126,2,,,e2020JB020817,10.1029/2020JB020817,http://dx.doi.org/10.1029/2020JB020817
Microseismicity Appears to Outline Highly Coupled Regions on the Central Chile Megathrust,"Sippl, C; Moreno, M; Benavente, R","Sippl, C.; Moreno, M.; Benavente, R.","Benavente, Roberto/AAC-7709-2022; Sippl, Christian/AAC-6590-2019; Moreno, Marcos/IUO-5751-2023","Benavente, Roberto/0000-0001-7999-6303; Sippl, Christian/0000-0003-4130-6340; Moreno, Marcos/0000-0002-6023-7283",2169-9313,2169-9356,NOV,2021,126,11,,,e2021JB022252,10.1029/2021JB022252,http://dx.doi.org/10.1029/2021JB022252
A reassessment of the rupture characteristics of oceanic transform earthquakes -: art. no. 2225,"Abercrombie, RE; Ekström, G","Abercrombie, RE; Ekström, G","Ekstrom, Goran/C-9771-2012","Abercrombie, Rachel/0000-0003-4515-5420",2169-9313,2169-9356,May 1,2003,108,B5,,,2225,10.1029/2001JB000814,http://dx.doi.org/10.1029/2001JB000814
Multiscale InSAR Time Series (MInTS) analysis of surface deformation,"Hetland, EA; Musé, P; Simons, M; Lin, YN; Agram, PS; DiCaprio, CJ","Hetland, E. A.; Muse, P.; Simons, M.; Lin, Y. N.; Agram, P. S.; DiCaprio, C. J.","Hetland, Eric A/D-4297-2012; Lin, Yunung/AAR-1947-2021; Simons, Mark/N-4397-2015","Hetland, Eric A/0000-0002-8439-6465; Lin, Yunung/0000-0002-3669-3625; Simons, Mark/0000-0003-1412-6395; DiCaprio, Christopher/0009-0000-5823-0384",2169-9313,2169-9356,Feb 18,2012,117,,,,B02404,10.1029/2011JB008731,http://dx.doi.org/10.1029/2011JB008731
"Fractal properties of seismicity in regions affected by large, shallow earthquakes in western Japan: Implications for fault formation processes based on a binary fractal fracture network model - art. no. B01310","Nakaya, S","Nakaya, S",,,2169-9313,2169-9356,Jan 25,2005,110,B1,,,B01310,10.1029/2004JB003097,http://dx.doi.org/10.1029/2004JB003097
The association of micro-earthquake clusters with mapped faults in the Dead Sea basin,"Wetzler, N; Sagy, A; Marco, S","Wetzler, Nadav; Sagy, Amir; Marco, Shmuel","; Marco, Shmuel/A-2311-2010","Wetzler, Nadav/0000-0002-7552-0866; Marco, Shmuel/0000-0001-5548-2447",2169-9313,2169-9356,NOV,2014,119,11,8312,8330,,10.1002/2013JB010877,http://dx.doi.org/10.1002/2013JB010877
Quantifying the Statistical Relationships Between Flank Eruptions and Major Earthquakes at Mt. Etna Volcano (Italy),"Bevilacqua, A; Azzaro, R; Branca, S; D'Amico, S; Flandoli, F; Neri, A","Bevilacqua, Andrea; Azzaro, Raffaele; Branca, Stefano; D'Amico, Salvatore; Flandoli, Franco; Neri, Augusto","; D'Amico, Salvatore/LZH-5305-2025; Neri, Augusto/A-1623-2009; Bevilacqua, Andrea/AAG-4164-2020; Azzaro, Raffaele/HKV-9069-2023","FLANDOLI, FRANCO/0000-0003-2837-3784; D'Amico, Salvatore/0000-0003-0027-5381; Neri, Augusto/0000-0002-3536-3624; Branca, Stefano/0000-0002-4971-4528; Azzaro, Raffaele/0000-0001-8294-8687",2169-9313,2169-9356,AUG,2022,127,8,,,e2022JB024145,10.1029/2022JB024145,http://dx.doi.org/10.1029/2022JB024145
Tidal modulation of slow slip in Cascadia,"Hawthorne, JC; Rubin, AM","Hawthorne, Jessica C.; Rubin, Allan M.",,,2169-9313,2169-9356,Sep 18,2010,115,,,,B09406,10.1029/2010JB007502,http://dx.doi.org/10.1029/2010JB007502
"Volcano-earthquake interaction at Mauna Loa Volcano, Hawaii","Walter, TR; Amelung, F","Walter, Thomas R.; Amelung, Falk","Amelung, Falk/J-9042-2012; Walter, Thomas/AAQ-7405-2021","Amelung, Falk/0000-0003-1762-8665; Walter, Thomas/0000-0002-9925-4486",2169-9313,2169-9356,May 27,2006,111,B5,,,B05204,10.1029/2005JB003861,http://dx.doi.org/10.1029/2005JB003861
Probing the Nature of Low-Frequency Earthquakes Through the Deconvolution of Tectonic Tremor,"Song, C; Rubin, AM","Song, Chao; Rubin, Allan M.",,,2169-9313,2169-9356,OCT,2025,130,10,,,e2025JB031122,10.1029/2025JB031122,http://dx.doi.org/10.1029/2025JB031122
Stress interaction effect on the occurrence probability of characteristic earthquakes in Central Apennines,"Console, R; Murru, M; Falcone, G; Catalli, F","Console, R.; Murru, M.; Falcone, G.; Catalli, F.","Console, Rodolfo/AAC-3044-2020; Catalli, Flaminia/GXG-4027-2022; Falcone, Giuseppe/G-6689-2011","Catalli, Flaminia/0000-0003-0515-5282; Falcone, Giuseppe/0000-0002-2554-4421; Murru, Maura/0000-0002-7385-394X",2169-9313,2169-9356,Aug 19,2008,113,B8,,,B08313,10.1029/2007JB005418,http://dx.doi.org/10.1029/2007JB005418
Teleseismic estimates of radiated seismic energy:: The E/M0 discriminant for tsunami earthquakes,"Newman, AV; Okal, EA","Newman, AV; Okal, EA","Newman, Andrew/E-7682-2012",,2169-9313,2169-9356,Nov 10,1998,103,B11,26885,26898,,10.1029/98JB02236,http://dx.doi.org/10.1029/98JB02236
The Role of the Three-Dimensional Geometry of Fault Steps on Event Migration During Fluid-Induced Seismic Sequences,"Roche, V; van der Baan, M; Walsh, J","Roche, Vincent; van der Baan, Mirko; Walsh, John","; Roche, Vincent/T-9754-2019","walsh, john/0000-0001-6043-6015; Roche, Vincent/0000-0002-9992-7433",2169-9313,2169-9356,Feb 23,2025,130,2,,,e2024JB029476,10.1029/2024JB029476,http://dx.doi.org/10.1029/2024JB029476
"Statistical Analysis of the Preparatory Phase of the Mw 8.1 Iquique Earthquake, Chile","Aden-Antóniow, F; Satriano, C; Bernard, P; Poiata, N; Aissaoui, EM; Vilotte, JP; Frank, WB","Aden-Antoniow, F.; Satriano, C.; Bernard, P.; Poiata, N.; Aissaoui, E-M; Vilotte, J-P; Frank, W. B.","Aden-Antoniow, Florent/AAU-9810-2020; Frank, William/C-7249-2016; Vilotte, Jean-Pierre/H-1552-2017; Satriano, Claudio/A-4718-2009","Aden-Antoniow, Florent/0000-0001-8071-1520; Frank, William/0000-0001-7892-3081; Vilotte, Jean-Pierre/0000-0002-6085-6498; Satriano, Claudio/0000-0002-3039-2530",2169-9313,2169-9356,JUN,2020,125,6,,,e2019JB019337,10.1029/2019JB019337,http://dx.doi.org/10.1029/2019JB019337
A Nontectonic Origin for the Present-Day Stress Field in the Paris Basin (France),"Magnenet, V; Cornet, FH; Fond, C","Magnenet, V.; Cornet, F. H.; Fond, C.",,,2169-9313,2169-9356,NOV,2017,122,11,9313,9327,,10.1002/2017JB014345,http://dx.doi.org/10.1002/2017JB014345
Comparison of branching models for seismicity and likelihood maximization through simulated annealing,"Bottiglieri, M; Lippiello, E; Godano, C; de Arcangelis, L","Bottiglieri, M.; Lippiello, E.; Godano, C.; de Arcangelis, L.","DE ARCANGELIS, Lucilla/AAO-1696-2021; Godano, Cataldo/KLC-7477-2024","DE ARCANGELIS, Lucilla/0000-0001-9247-6783; Lippiello, eugenio/0000-0003-1444-1889;",2169-9313,2169-9356,Feb 5,2011,116,,,,B02303,10.1029/2009JB007060,http://dx.doi.org/10.1029/2009JB007060
"Complex Interaction, Striations, and Periodicity of Deep Tremor Surrounding a Tremor Gap in the Central Nankai Subduction Zone, Japan","Ohta, K; Shiomi, K; Matsuzawa, T","Ohta, Kazuaki; Shiomi, Katsuhiko; Matsuzawa, Takanori","; Matsuzawa, Takanori/C-1907-2018","Ohta, Kazuaki/0000-0002-5869-7838; Matsuzawa, Takanori/0000-0003-0440-251X",2169-9313,2169-9356,MAR,2023,128,3,,,e2022JB025373,10.1029/2022JB025373,http://dx.doi.org/10.1029/2022JB025373
Slip rates and seismic moment deficits on major active faults in mainland China,"Wang, H; Liu, MA; Cao, JL; Shen, XH; Zhang, GM","Wang, Hui; Liu, Mian; Cao, Jianling; Shen, Xuhui; Zhang, Guomin","Wang, Hui/AAH-7345-2020; Shen, Xuhui/AAU-3979-2021","Wang, Hui/0000-0002-3521-5170;",2169-9313,2169-9356,Feb 8,2011,116,,,,B02405,10.1029/2010JB007821,http://dx.doi.org/10.1029/2010JB007821
Repeating Earthquakes at the Edge of the Afterslip of the 2016 Ecuadorian MW 7.8 Pedernales Earthquake,"Chalumeau, C; Agurto-Detzel, H; De Barros, L; Charvis, P; Galve, A; Rietbrock, A; Alvarado, A; Hernandez, S; Beck, S; Font, Y; Hoskins, MC; León-Riós, S; Meltzer, A; Lynner, C; Rolandone, F; Nocquet, JM; Régnier, M; Ruiz, M; Soto-Cordero, L; Vaca, S; Segovia, M","Chalumeau, Caroline; Agurto-Detzel, Hans; De Barros, Louis; Charvis, Philippe; Galve, Audrey; Rietbrock, Andreas; Alvarado, Alexandra; Hernandez, Stephen; Beck, Susan; Font, Yvonne; Hoskins, Mariah C.; Leon-Rios, Sergio; Meltzer, Anne; Lynner, Colton; Rolandone, Frederique; Nocquet, Jean-Mathieu; Regnier, Marc; Ruiz, Mario; Soto-Cordero, Lillian; Vaca, Sandro; Segovia, Monica","Chalumeau, Caroline/NQE-4277-2025; Charvis, Philippe/AAH-4484-2020; DE BARROS, LOUIS/AFQ-7281-2022; Agurto-Detzel, Hans/L-5228-2013; Nocquet, J.M./JCE-4752-2023","Chalumeau, Caroline/0000-0003-3215-9035; GALVE, Auey/0000-0002-0312-2885; Charvis, Philippe/0000-0003-4397-7842; DE BARROS, LOUIS/0000-0002-5541-9162; FONT, Yvonne/0000-0002-9553-5280; hernandez, stephen/0000-0002-8990-4027; Rietbrock, Aneas/0000-0002-3946-7826; Agurto-Detzel, Hans/0000-0003-0390-9917; Ruiz, Mario/0000-0002-0872-6573;",2169-9313,2169-9356,MAY,2021,126,5,,,e2021JB021746,10.1029/2021JB021746,http://dx.doi.org/10.1029/2021JB021746
Ionospheric current source modeling and global geomagnetic induction using ground geomagnetic observatory data,"Sun, J; Kelbert, A; Egbert, GD","Sun, J.; Kelbert, A.; Egbert, G. D.","Kelbert, Anna/AAF-2467-2020","Kelbert, Anna/0000-0003-4395-398X",2169-9313,2169-9356,OCT,2015,120,10,6771,6796,,10.1002/2015JB012063,http://dx.doi.org/10.1002/2015JB012063
"Faulting mechanism of anomalous earthquakes near Bardarbunga Volcano, Iceland","Nettles, M; Ekstrom, G","Nettles, M; Ekstrom, G","Ekstrom, Goran/C-9771-2012; Nettles, Meredith/A-8638-2012","Nettles, Meredith/0000-0003-4613-4162",2169-9313,2169-9356,Aug 10,1998,103,B8,17973,17983,,10.1029/98JB01392,http://dx.doi.org/10.1029/98JB01392
"Pre-Existing Structures Control the Orientation of Strike-Slip Faulting During the 2021 Dike Intrusion at Fagradalsfjall, Iceland","Glastonbury-Southern, E; Winder, T; Rawlinson, N; White, RS; Greenfield, T; Bacon, CA; Agústsdóttir, T; Brandsdóttir, B; Gudnason, EA; Hersir, GP; Fischer, TJ; Doubravová, J; Hrubcová, P; Eibl, EPS","Glastonbury-Southern, E.; Winder, T.; Rawlinson, N.; White, R. S.; Greenfield, T.; Bacon, C. A.; Agustsdottir, T.; Brandsdottir, B.; Gudnason, E. A.; Hersir, G. P.; Fischer, T. J.; Doubravova, J.; Hrubcova, P.; Eibl, E. P. S.","; Fischer, Tomas/H-6411-2014; Eibl, Eva/HIR-7341-2022; Hrubcová, Pavla/H-6401-2014; Brandsdottir, Bryndis/D-1763-2014","White, Robert/0000-0002-2972-397X; Fischer, Tomas/0000-0002-5169-2567; Winder, Tom/0000-0001-7047-8673; Gudnason, Egill Árni/0000-0001-7929-7334; Hersir, Gylfi Páll/0000-0003-4488-3290; Glastonbury-Southern, Esme/0000-0002-7259-3613",2169-9313,2169-9356,Jun 10,2025,130,6,,,e2024JB030162,10.1029/2024JB030162,http://dx.doi.org/10.1029/2024JB030162
Connecting crustal seismicity and earthquake-driven stress evolution in Southern California,"Pollitz, FF; Cattania, C","Pollitz, Fred F.; Cattania, Camilla",,"Pollitz, Fred/0000-0002-4060-2706; Cattania, Camilla/0000-0003-0031-1696",2169-9313,2169-9356,AUG,2017,122,8,6473,6490,,10.1002/2017JB014200,http://dx.doi.org/10.1002/2017JB014200
A Laboratory Perspective on the Gutenberg-Richter and Characteristic Earthquake Models,"Korkolis, E; Niemeijer, AR; Paulssen, H; Trampert, J","Korkolis, Evangelos; Niemeijer, Andre R.; Paulssen, Hanneke; Trampert, Jeannot","Trampert, Jeannot/B-8090-2015; Korkolis, Evangelos/LTF-1647-2024","Trampert, Jeannot/0000-0002-5868-9491; Korkolis, Evangelos/0000-0002-6485-1395; Paulssen, Hanneke/0000-0003-2799-7288",2169-9313,2169-9356,AUG,2021,126,8,,,e2021JB021730,10.1029/2021JB021730,http://dx.doi.org/10.1029/2021JB021730
Systematic Detection of Clustered Seismicity Beneath the Southwestern Alps,"Beauce, E; Frank, WB; Paul, A; Campillo, M; van der Hilst, RD","Beauce, Eric; Frank, William B.; Paul, Anne; Campillo, Michel; van der Hilst, Robert D.","Campillo, Michel/K-6231-2012; Beauce, Eric/GVU-5377-2022; Paul, Anne/N-3949-2014; Frank, William/C-7249-2016","Campillo, Michel/0000-0001-6971-4499; Beauce, Eric/0000-0003-3138-9082; Paul, Anne/0000-0002-5973-1786; Frank, William/0000-0001-7892-3081",2169-9313,2169-9356,NOV,2019,124,11,11531,11548,,10.1029/2019JB018110,http://dx.doi.org/10.1029/2019JB018110
Earthquakes Induced by Hydraulic Fracturing Are Pervasive in Oklahoma,"Skoumal, RJ; Ries, R; Brudzinski, MR; Barbour, AJ; Currie, BS","Skoumal, Robert J.; Ries, Rosamiel; Brudzinski, Michael R.; Barbour, Andrew J.; Currie, Brian S.","Barbour, Anew/AAE-8172-2020; Brudzinski, Michael/A-8301-2011","Barbour, Anew/0000-0002-6890-2452; Brudzinski, Michael/0000-0003-1869-0700; Currie, Brian/0000-0002-5759-3914",2169-9313,2169-9356,DEC,2018,123,12,10918,10935,,10.1029/2018JB016790,http://dx.doi.org/10.1029/2018JB016790
Decay of aftershock activity for Japanese earthquakes,"Nanjo, KZ; Enescu, B; Shcherbakov, R; Turcotte, DL; Iwata, T; Ogata, Y","Nanjo, K. Z.; Enescu, B.; Shcherbakov, R.; Turcotte, D. L.; Iwata, T.; Ogata, Y.","Iwata, Takaki/I-9249-2012; Nanjo, Kazuyoshi/K-3548-2014; Enescu, Bogdan/J-6980-2012; Shcherbakov, Robert/I-1036-2012; Enescu, Bogdan/J-6980-2012","Iwata, Takaki/0000-0002-8656-2471; Nanjo, Kazuyoshi/0000-0003-2867-9185; Enescu, Bogdan/0000-0003-2153-0097; Shcherbakov, Robert/0000-0002-3057-0851;",2169-9313,2169-9356,Aug 18,2007,112,B8,,,B08309,10.1029/2006JB004754,http://dx.doi.org/10.1029/2006JB004754
Seismicity to the South of the Louisville Ridge-Tonga Trench Collision Zone: New Insight Into Processes Controlling Seismic Gaps and Subduction Erosion,"Liu, YC; Lange, D; Grevemeyer, I","Liu, Yingchen; Lange, Dietrich; Grevemeyer, Ingo","; Lange, Dietrich/MTG-4796-2025; Grevemeyer, Ingo/E-5162-2016","Liu, Yingchen/0009-0002-4689-9536; Lange, Dietrich/0000-0003-2654-7963; Grevemeyer, Ingo/0000-0002-6807-604X",2169-9313,2169-9356,Jul 26,2025,130,7,,,e2024JB030845,10.1029/2024JB030845,http://dx.doi.org/10.1029/2024JB030845
"The magmatic plumbing system of the Askja central volcano, Iceland, as imaged by seismic tomography","Greenfield, T; White, RS; Roecker, S","Greenfield, Tim; White, Robert S.; Roecker, Steven",,"Greenfield, Tim/0000-0002-4370-7298",2169-9313,2169-9356,OCT,2016,121,10,7211,7229,,10.1002/2016JB013163,http://dx.doi.org/10.1002/2016JB013163
False Positives in the Identification of Dynamic Earthquake Triggering,"Hardebeck, JL; DeSalvio, ND; Fan, WY; Barbour, AJ","Hardebeck, Jeanne L.; DeSalvio, Nicolas D.; Fan, Wenyuan; Barbour, Andrew J.","Barbour, Anew/AAE-8172-2020; Fan, Wenyuan/M-2748-2016","Barbour, Anew/0000-0002-6890-2452; Hardebeck, Jeanne/0000-0002-6737-7780; DeSalvio, Nicolas/0000-0003-3608-9062; Fan, Wenyuan/0000-0002-2983-8240",2169-9313,2169-9356,Jun 29,2025,130,7,,,e2025JB031566,10.1029/2025JB031566,http://dx.doi.org/10.1029/2025JB031566
Structural Control on Megathrust Rupture and Slip Behavior: Insights From the 2016 Mw 7.8 Pedernales Ecuador Earthquake,"Soto-Cordero, L; Meltzer, A; Bergman, EA; Hoskins, M; Stachnik, JC; Agurto-Detzel, H; Alvarado, A; Beck, SL; Charvis, P; Font, Y; Hayes, GP; Hernandez, S; Leon-Rios, S; Lynner, C; Nocquet, JM; Regnier, M; Rietbrock, A; Rolandone, F; Ruiz, M","Soto-Cordero, Lillian; Meltzer, Anne; Bergman, Eric A.; Hoskins, Mariah; Stachnik, Joshua C.; Agurto-Detzel, Hans; Alvarado, Alexandra; Beck, Susan L.; Charvis, Philippe; Font, Yvonne; Hayes, Gavin P.; Hernandez, Stephen; Leon-Rios, Sergio; Lynner, Colton; Nocquet, Jean-Mathieu; Regnier, Marc; Rietbrock, Andreas; Rolandone, Frederique; Ruiz, Mario","Agurto-Detzel, Hans/L-5228-2013; Nocquet, J.M./JCE-4752-2023; Charvis, Philippe/AAH-4484-2020","Agurto-Detzel, Hans/0000-0003-0390-9917; Ruiz, Mario/0000-0002-0872-6573; Hoskins, Mariah C/0000-0002-1880-9540; León-Ríos, Sergio/0000-0002-6076-6388; Charvis, Philippe/0000-0003-4397-7842; Bergman, Eric/0000-0002-7069-8286; hernandez, stephen/0000-0002-8990-4027",2169-9313,2169-9356,FEB,2020,125,2,,,e2019JB018001,10.1029/2019JB018001,http://dx.doi.org/10.1029/2019JB018001
Annual modulation of non-volcanic tremor in northern Cascadia,"Pollitz, FF; Wech, A; Kao, H; Bürgmann, R","Pollitz, Fred F.; Wech, Aaron; Kao, Honn; Buergmann, Roland","; Burgmann, Roland/AAE-5138-2022","Wech, Aaron/0000-0003-4983-1991; Burgmann, Roland/0000-0002-3560-044X",2169-9313,2169-9356,MAY,2013,118,5,2445,2459,,10.1002/jgrb.50181,http://dx.doi.org/10.1002/jgrb.50181
"Earthquakes, stress, and strain along an obliquely divergent plate boundary: Reykjanes Peninsula, southwest Iceland","Keiding, M; Lund, B; Arnadóttir, T","Keiding, M.; Lund, B.; Arnadottir, T.","; Arnadottir, Thora/C-7183-2013","Keiding, Marie/0000-0002-2933-0199; Arnadottir, Thora/0000-0002-8275-8813",2169-9313,2169-9356,Sep 22,2009,114,,,,B09306,10.1029/2008JB006253,http://dx.doi.org/10.1029/2008JB006253
"Evidence of a Transient Aseismic Slip Driving the 2017 Valparaiso Earthquake Sequence, From Foreshocks to Aftershocks","Moutote, L; Itoh, Y; Lengliné, O; Duputel, Z; Socquet, A","Moutote, Luc; Itoh, Yuji; Lengline, Olivier; Duputel, Zacharie; Socquet, Anne","; Socquet, Anne/A-5698-2011; Duputel, Zacharie/C-2906-2016; Itoh, Yuji/ABB-5221-2020","Lengliné, Olivier/0000-0003-0678-2587; Socquet, Anne/0000-0002-9208-7136; Duputel, Zacharie/0000-0002-8809-451X; Itoh, Yuji/0000-0002-7848-1399; Moutote, Luc/0000-0002-1227-1524",2169-9313,2169-9356,SEP,2023,128,9,,,e2023JB026603,10.1029/2023JB026603,http://dx.doi.org/10.1029/2023JB026603
"Seismicity and structure of Akutan and Makushin Volcanoes, Alaska, using joint body and surface wave tomography","Syracuse, EM; Maceira, M; Zhang, H; Thurber, CH","Syracuse, E. M.; Maceira, M.; Zhang, H.; Thurber, C. H.","Zhang, Haijiang/NFR-8092-2025","Zhang, Haijiang/0000-0003-4358-8951; Thurber, Clifford/0000-0002-4940-4618; Syracuse, Ellen/0000-0002-8145-8480; Maceira, Monica/0000-0003-1248-2185",2169-9313,2169-9356,FEB,2015,120,2,1036,1052,,10.1002/2014JB011616,http://dx.doi.org/10.1002/2014JB011616
Automated Earthquake Detection and Local Travel Time Tomography in the South-Central Andes (32-35°S): Implications for Regional Tectonics,"Ammirati, JB; Villaseñor, A; Chevrot, S; Easton, G; Lehujeur, M; Ruiz, S; Flores, MC","Ammirati, Jean-Baptiste; Villasenor, Antonio; Chevrot, Sebastien; Easton, Gabriel; Lehujeur, Maximilien; Ruiz, Sergio; Constanza Flores, Maria","; Chevrot, Sebastien/W-7892-2019; Vargas, Victor/I-6826-2016; Ruiz, Sergio/D-6688-2013","Flores, Maria Constanza/0000-0002-5271-7375; Easton, Gabriel/0000-0003-2358-8807; Ammirati, Jean Baptiste/0000-0002-6412-6927; Ruiz, Sergio/0000-0003-1758-0788",2169-9313,2169-9356,APR,2022,127,4,,,e2022JB024097,10.1029/2022JB024097,http://dx.doi.org/10.1029/2022JB024097
Aftershock modeling based on uncertain stress calculations,"Hainzl, S; Enescu, B; Cocco, M; Woessner, J; Catalli, F; Wang, R; Roth, F","Hainzl, S.; Enescu, B.; Cocco, M.; Woessner, J.; Catalli, F.; Wang, R.; Roth, F.","Enescu, Bogdan/J-6980-2012; COCCO, Massimo/G-6872-2012; Hainzl, Sebastian/KVA-4598-2024; Catalli, Flaminia/GXG-4027-2022; Woessner, Jochen/F-7427-2010; Enescu, Bogdan/J-6980-2012","Enescu, Bogdan/0000-0003-2153-0097; COCCO, Massimo/0000-0001-6798-4225; Roth, Frank/0000-0003-4678-2290; Hainzl, Sebastian/0000-0002-2875-0933; Catalli, Flaminia/0000-0003-0515-5282;",2169-9313,2169-9356,May 28,2009,114,,,,B05309,10.1029/2008JB006011,http://dx.doi.org/10.1029/2008JB006011
Correlations between earthquakes and large mud volcano eruptions,"Mellors, R; Kilb, D; Aliyev, A; Gasanov, A; Yetirmishli, G","Mellors, R.; Kilb, D.; Aliyev, A.; Gasanov, A.; Yetirmishli, G.","Mellors, Robert/K-7479-2014; Yetirmishli, Gurban/C-4257-2017","Mellors, Robert/0000-0002-2723-5163; Yetirmishli, Gurban/0000-0002-0542-2443; Kilb, Debi/0000-0002-7252-4167",2169-9313,2169-9356,Apr 11,2007,112,B4,,,B04304,10.1029/2006JB004489,http://dx.doi.org/10.1029/2006JB004489
Crustal earthquake triggering by modern great earthquakes on subduction zone thrusts,"Gomberg, J; Sherrod, B","Gomberg, Joan; Sherrod, Brian",,,2169-9313,2169-9356,FEB,2014,119,2,1235,1250,,10.1002/2012JB009826,http://dx.doi.org/10.1002/2012JB009826
Masking of earthquake triggering behavior by a high background rate and implications for epidemic-type aftershock sequence inversions,"Touati, S; Naylor, M; Main, IG; Christie, M","Touati, S.; Naylor, M.; Main, I. G.; Christie, M.","Naylor, Mark/B-8460-2008; Main, Ian Graham/AAO-4365-2021","Naylor, Mark/0000-0002-3761-5522; Main, Ian Graham/0000-0001-7031-6746",2169-9313,2169-9356,Mar 8,2011,116,,,,B03304,10.1029/2010JB007544,http://dx.doi.org/10.1029/2010JB007544
Volcanic Early Warning Using Shannon Entropy: Multiple Cases of Study,"Rey-Devesa, P; Benítez, C; Prudencio, J; Gutiérrez, L; Cortés-Moreno, G; Titos, M; Koulakov, I; Zuccarello, L; Ibáñez, JM","Rey-Devesa, Pablo; Benitez, Carmen; Prudencio, Janire; Gutierrez, Ligdamis; Cortes-Moreno, Guillermo; Titos, Manuel; Koulakov, Ivan; Zuccarello, Luciano; Ibanez, Jesus M.","Koulakov, Ivan/C-1942-2018; Zuccarello, Luciano/N-2244-2016; IBANEZ, JESUS M/G-9910-2019; Cortés Moreno, Guillermo/L-1808-2019; Prudencio, Janire/J-2785-2015; Gutiérrez, Ligdamis/AAC-3195-2022","Koulakov, Ivan/0000-0002-0327-4416; Zuccarello, Luciano/0000-0003-0094-9577; IBANEZ, JESUS M/0000-0002-9846-8781; Rey-Devesa, Pablo/0000-0002-6254-4930; Cortés Moreno, Guillermo/0000-0003-2664-9564; Prudencio, Janire/0000-0003-1755-3771; Gutiérrez Espinoza, Ligdamis/0000-0002-2585-7006;",2169-9313,2169-9356,JUN,2023,128,6,,,e2023JB026684,10.1029/2023JB026684,http://dx.doi.org/10.1029/2023JB026684
No clear evidence for localized tidal periodicities in earthquakes in the central Japan region,"Wang, W; Shearer, PM","Wang, W.; Shearer, P. M.","Shearer, Peter/K-5247-2012","Shearer, Peter/0000-0002-2992-7630",2169-9313,2169-9356,SEP,2015,120,9,6317,6328,,10.1002/2015JB011937,http://dx.doi.org/10.1002/2015JB011937
"Foreshocks, aftershocks, and remote triggering in quasi-static fault models","Ziv, A","Ziv, A",,,2169-9313,2169-9356,Oct 22,2003,108,B10,,,2498,10.1029/2002JB002318,http://dx.doi.org/10.1029/2002JB002318
"Spatiotemporal variation in b value within the subducting slab prior to the 2003 Tokachi-oki earthquake (M 8.0), Japan - art. no. B03311","Nakaya, S","Nakaya, S",,,2169-9313,2169-9356,Mar 22,2006,111,B3,,,B03311,10.1029/2005JB003658,http://dx.doi.org/10.1029/2005JB003658
Deformation rates estimated from earthquakes in the northern Cordillera of Canada and eastern Alaska,"Leonard, LJ; Mazzotti, S; Hyndman, RD","Leonard, Lucinda J.; Mazzotti, Stephane; Hyndman, Roy D.","Mazzotti, Stephane/H-3928-2016; Leonard, Lucinda/AAF-2484-2020","Mazzotti, Stephane/0000-0003-2514-4310; Leonard, Lucinda/0000-0002-6492-7660",2169-9313,2169-9356,Aug 13,2008,113,B8,,,B08406,10.1029/2007JB005456,http://dx.doi.org/10.1029/2007JB005456
Indicators of Volcanic Eruptions Revealed by Global M4+Earthquakes,"Pesicek, JD; Ogburn, SE; Prejean, SG","Pesicek, J. D.; Ogburn, S. E.; Prejean, S. G.",,"Ogburn, Sarah/0000-0002-4734-2118; Pesicek, Jeremy/0000-0001-7964-5845",2169-9313,2169-9356,MAR,2021,126,3,,,e2020JB021294,10.1029/2020JB021294,http://dx.doi.org/10.1029/2020JB021294
Ubiquitous Earthquake Dynamic Triggering in Southern California,"DeSalvio, ND; Fan, WY","DeSalvio, Nicolas D. D.; Fan, Wenyuan","; Fan, Wenyuan/M-2748-2016","DeSalvio, Nicolas/0000-0003-3608-9062; Fan, Wenyuan/0000-0002-2983-8240",2169-9313,2169-9356,JUN,2023,128,6,,,e2023JB026487,10.1029/2023JB026487,http://dx.doi.org/10.1029/2023JB026487
An Ensemble Deep Learning-Based Acoustic Emission Picking Model Reveals Migratory Foreshocks on Large-Scale Laboratory Fault,"Li, DK; Xie, F; Wang, QY; Milanese, E; Xie, JJ; Li, L","Li, Dekang; Xie, Fan; Wang, Qing-Yu; Milanese, Enrico; Xie, Junju; Li, Li","Wang, Qing-Yu/Q-6907-2016; Xie, Junju/LEN-0518-2024","Milanese, Enrico/0000-0002-7316-9718; Xie, Fan/0000-0003-3229-0295; Xie, Junju/0000-0002-3092-4875; Li, Li/0000-0001-6708-4577",2169-9313,2169-9356,Jul 17,2025,130,7,,,e2024JB029934,10.1029/2024JB029934,http://dx.doi.org/10.1029/2024JB029934
The evolution of regional seismicity between large earthquakes,"King, GCP; Bowman, DD","King, GCP; Bowman, DD",,,2169-9313,2169-9356,Feb 13,2003,108,B2,,,2096,10.1029/2001JB000783,http://dx.doi.org/10.1029/2001JB000783
Characterization of Acoustic Emissions From Analogue Rocks Using Sparse Regression-DMDc,"Fieseler, C; Mitchell, CA; Pyrak-Nolte, LJ; Kutz, JN","Fieseler, C.; Mitchell, C. A.; Pyrak-Nolte, L. J.; Kutz, J. N.",,"Fieseler, Charles/0000-0002-2680-3341",2169-9313,2169-9356,JUL,2022,127,7,,,e2022JB024144,10.1029/2022JB024144,http://dx.doi.org/10.1029/2022JB024144
Testing of the Seismic Gap Hypothesis in a Model With Realistic Earthquake Statistics,"Petrillo, G; Rosso, A; Lippiello, E","Petrillo, G.; Rosso, A.; Lippiello, E.","Petrillo, Giuseppe/JCD-6098-2023; Rosso, Alberto/F-7625-2010","Petrillo, Giuseppe/0000-0002-2339-559X;",2169-9313,2169-9356,JUN,2022,127,6,,,e2021JB023542,10.1029/2021JB023542,http://dx.doi.org/10.1029/2021JB023542
"Seismic Response of Hectometer-Scale Fracture Systems to Hydraulic Stimulation in the Bedretto Underground Laboratory, Switzerland","Obermann, A; Rosskopf, M; Durand, V; Plenkers, K; Bröker, K; Rinaldi, AP; Doonechaly, NG; Gischig, V; Zappone, A; Amann, F; Cocco, M; Hertrich, M; Jalali, M; Junker, JS; Kästli, P; Ma, XD; Maurer, H; Meier, MA; Schwarz, M; Selvadurai, P; Villiger, L; Wiemer, S; Dal Zilio, L; Giardini, D","Obermann, Anne; Rosskopf, Martina; Durand, Virginie; Plenkers, Katrin; Broker, Kai; Rinaldi, Antonio Pio; Doonechaly, Nima Gholizadeh; Gischig, Valentin; Zappone, Alba; Amann, Florian; Cocco, Massimo; Hertrich, Marian; Jalali, Mohammadreza; Junker, Jonas Simon; Kastli, Philipp; Ma, Xiaodong; Maurer, Hansruedi; Meier, Men-Andrin; Schwarz, Miriam; Selvadurai, Paul; Villiger, Linus; Wiemer, Stefan; Dal Zilio, Luca; Giardini, Domenico","Rinaldi, Antonio Pio/N-3284-2013; Plenkers, Katrin/J-2492-2012; Hertrich, Marian/E-7446-2010; Bröker, Kai/HCH-1304-2022; Amann, Florian/IRZ-6913-2023; DURAND, Virginie/IUO-8281-2023; Jalali, Mohammadreza/J-8211-2015; Cocco, Massimo/G-6872-2012; Maurer, Hansruedi/A-6102-2012; Obermann, Anne/S-7836-2017; Wiemer, Stefan/E-5033-2015","Rinaldi, Antonio Pio/0000-0001-7052-8618; Plenkers, Katrin/0000-0002-7739-2554; Rosskopf, Martina/0009-0004-7156-4927; Hertrich, Marian/0000-0001-9525-4609; Bröker, Kai/0000-0002-3074-8533; Gholizadeh Doonechaly, Nima/0000-0002-2281-8909; Junker, Jonas Simon/0009-0003-8630-1030; Amann, Florian/0000-0003-4849-5789;",2169-9313,2169-9356,Nov 15,2024,129,11,,,e2024JB029836,10.1029/2024JB029836,http://dx.doi.org/10.1029/2024JB029836
Automatic Inversions of Strong-Motion Records for Finite-Fault Models of Significant Earthquakes in and Around Japan,"Zheng, XJ; Zhang, Y; Wang, RJ; Zhao, L; Li, WY; Huang, QH","Zheng, Xujun; Zhang, Yong; Wang, Rongjiang; Zhao, Li; Li, Wenying; Huang, Qinghua","Huang, Qinghua/A-1007-2011; Zhang, Yong/P-8971-2015","Huang, Qinghua/0000-0002-1923-3002;",2169-9313,2169-9356,SEP,2020,125,9,,,e2020JB019992,10.1029/2020JB019992,http://dx.doi.org/10.1029/2020JB019992
Improved Aftershock Forecasts Using Mainshock Information in the Framework of the ETAS Model,"Asayesh, BM; Hainzl, S; Zöller, G","Asayesh, Behnam M.; Hainzl, Sebastian; Zoeller, Gert","Hainzl, Sebastian/KVA-4598-2024","Hainzl, Sebastian/0000-0002-2875-0933; Maleki Asayesh, Behnam/0000-0001-7534-9504",2169-9313,2169-9356,Feb 3,2025,130,2,,,e2024JB030287,10.1029/2024JB030287,http://dx.doi.org/10.1029/2024JB030287
Earthquake Phase Association Using a Bayesian Gaussian Mixture Model,"Zhu, WQ; McBrearty, IW; Mousavi, SM; Ellsworth, WL; Beroza, GC","Zhu, Weiqiang; McBrearty, Ian W.; Mousavi, S. Mostafa; Ellsworth, William L.; Beroza, Gregory C.","; mousavi, seyed mostafa/H-9475-2019; Ellsworth, Lindsay/AAN-4169-2020","Beroza, Gregory/0000-0002-8667-1838; McBrearty, Ian/0000-0001-6157-7864; Zhu, Weiqiang/0000-0003-2889-1493; mousavi, seyed mostafa/0000-0001-5091-5370;",2169-9313,2169-9356,MAY,2022,127,5,,,e2021JB023249,10.1029/2021JB023249,http://dx.doi.org/10.1029/2021JB023249
Monte Carlo method for determining earthquake recurrence parameters from short paleoseismic catalogs: Example calculations for California,"Parsons, T","Parsons, Tom","Parsons, Tom/A-3424-2008","Parsons, Tom/0000-0002-0582-4338",2169-9313,2169-9356,Mar 1,2008,113,B3,,,B03302,10.1029/2007JB004998,http://dx.doi.org/10.1029/2007JB004998
Rifting of the Kalahari Craton Through Botswana? New Seismic Evidence,"Paulssen, H; Micallef, T; Bouwman, DR; Ruigrok, E; Herman, MW; Fadel, ; Meijde, M; Kwadiba, M; Maritinkole, J; Ntibinyane, O","Paulssen, H.; Micallef, T.; Bouwman, D. R.; Ruigrok, E.; Herman, M. W.; Fadel, I; Meijde, Mark; Kwadiba, M.; Maritinkole, J.; Ntibinyane, O.","Fadel, Islam/OTI-1724-2025; Herman, Matthew/AAB-5938-2020; van der Meijde, Mark/D-3883-2009","Paulssen, Hanneke/0000-0003-2799-7288; Ruigrok, Elmer/0000-0001-7153-5115; Herman, Matthew/0000-0003-4684-9459; van der Meijde, Mark/0000-0002-8762-585X",2169-9313,2169-9356,APR,2022,127,4,,,e2021JB023524,10.1029/2021JB023524,http://dx.doi.org/10.1029/2021JB023524
Possible fault plane in a seismic gap area of the southern Apennines (Italy) revealed by receiver function analysis - art. no. B04307,"Lucente, FP; Agostinetti, NP; Moro, M; Selvaggi, G; Di Bona, M","Lucente, FP; Agostinetti, NP; Moro, M; Selvaggi, G; Di Bona, M","; Lucente, Francesco Pio/E-6069-2011; Piana Agostinetti, Nicola/E-2087-2012","Selvaggi, Giulio/0000-0001-7589-2937; MORO, Marco/0000-0002-3408-8034; Lucente, Francesco Pio/0000-0002-8717-1720; Piana Agostinetti, Nicola/0000-0003-3145-2766",2169-9313,2169-9356,Apr 28,2005,110,B4,,,B04307,10.1029/2004JB003187,http://dx.doi.org/10.1029/2004JB003187
Low-Magnitude Seismicity With a Downhole Distributed Acoustic Sensing Array-Examples From the FORGE Geothermal Experiment,"Lellouch, A; Schultz, R; Lindsey, NJ; Biondi, BL; Ellsworth, WL","Lellouch, A.; Schultz, R.; Lindsey, N. J.; Biondi, B. L.; Ellsworth, W. L.","Ellsworth, Lindsay/AAN-4169-2020; Lindsey, Nathaniel/AAH-5798-2019","Lellouch, Ariel/0000-0002-9913-7191; Schultz, Ryan/0000-0002-1796-9622; Lindsey, Nathaniel/0000-0001-9522-6683; Biondi, Biondo/0000-0002-0961-2287",2169-9313,2169-9356,JAN,2021,126,1,,,e2020JB020462,10.1029/2020JB020462,http://dx.doi.org/10.1029/2020JB020462
Seismicity Properties of the Chain Transform Fault Inferred Using Data From the PI-LAB Experiment,"Leptokaropoulos, K; Rychert, CA; Harmon, N; Kendall, JM","Leptokaropoulos, K.; Rychert, C. A.; Harmon, N.; Kendall, J. M.","Leptokaropoulos, Konstantinos/G-9165-2019; Kendall, John Michael/D-5973-2011","Leptokaropoulos, Konstantinos/0000-0002-7524-0709; Harmon, Nicholas/0000-0002-0731-768X; Kendall, John Michael/0000-0002-1486-3945",2169-9313,2169-9356,MAR,2023,128,3,,,e2022JB024804,10.1029/2022JB024804,http://dx.doi.org/10.1029/2022JB024804
Seismic gaps and earthquakes - art. no. 2471,"Rong, YF; Jackson, DD; Kagan, YY","Rong, YF; Jackson, DD; Kagan, YY","Jackson, David/A-9828-2008; Kagan, Yan/E-8521-2012","Jackson, David/0000-0001-7913-5714; Kagan, Yan/0000-0001-9505-1086; Rong, Yufang/0000-0001-5266-3859",2169-9313,2169-9356,Oct 14,2003,108,B10,,,2471,10.1029/2002JB002334,http://dx.doi.org/10.1029/2002JB002334
Co-seismic deformation of deep slabs based on summed CMT data,"Bailey, IW; Alpert, LA; Becker, TW; Miller, MS","Bailey, Iain W.; Alpert, Lisa A.; Becker, Thorsten W.; Miller, Meghan S.","Miller, Meghan/A-2688-2011; Becker, Thorsten/A-6665-2010","Miller, Meghan/0000-0001-5494-2296; Becker, Thorsten/0000-0002-5656-4564",2169-9313,2169-9356,Apr 14,2012,117,,,,B04404,10.1029/2011JB008943,http://dx.doi.org/10.1029/2011JB008943
Indications for a successively triggered rupture growth underlying the 2000 earthquake swarm in Vogtland/NW Bohemia - art. no. 2338,"Hainzl, S; Fischer, T","Hainzl, S; Fischer, T","Fischer, Tomas/H-6411-2014; Hainzl, Sebastian/KVA-4598-2024","Fischer, Tomas/0000-0002-5169-2567; Hainzl, Sebastian/0000-0002-2875-0933",2169-9313,2169-9356,Dec 11,2002,107,B12,,,2338,10.1029/2002JB001865,http://dx.doi.org/10.1029/2002JB001865
Measurements and global models of surface wave propagation,"Ekstrom, G; Tromp, J; Larson, EWF","Ekstrom, G; Tromp, J; Larson, EWF","Ekstrom, Goran/C-9771-2012; Tromp, Jeroen/B-6185-2015","Larson, Erik/0000-0001-6428-5621; Tromp, Jeroen/0000-0002-2742-8299",2169-9313,2169-9356,Apr 10,1997,102,B4,8137,8157,,10.1029/96JB03729,http://dx.doi.org/10.1029/96JB03729
A Systematic Search for Tectonic Tremor and Low-Frequency Earthquakes in the Atacama Segment of the Chilean Subduction Zone Turns Up Empty,"Münchmeyer, J; Frank, WB; Giffard-Roisin, S; Marsan, D; Tilmann, F; Moreno, M; Socquet, A","Munchmeyer, Jannes; Frank, William B.; Giffard-Roisin, Sophie; Marsan, David; Tilmann, Frederik; Moreno, Marcos; Socquet, Anne","Moreno, Marcos/IUO-5751-2023; Socquet, Anne/A-5698-2011; Münchmeyer, Jannes/Q-1703-2018; Tilmann, Frederik/E-4293-2012; Frank, William/C-7249-2016","Moreno, Marcos/0000-0002-6023-7283; Socquet, Anne/0000-0002-9208-7136; Münchmeyer, Jannes/0000-0002-4006-9673; Tilmann, Frederik/0000-0002-7439-8782; Giffard-Roisin, Sophie/0000-0001-5606-145X; Frank, William/0000-0001-7892-3081",2169-9313,2169-9356,Sep 9,2025,130,9,,,e2025JB031283,10.1029/2025JB031283,http://dx.doi.org/10.1029/2025JB031283
How Induced Earthquakes Respond to Pre-Existing Fractures and Hydraulic Fracturing Operations? A Case Study in South China,"Li, DW; Zhang, M; Zheng, J; Yang, RZ; Peng, SP","Li, Dewei; Zhang, Miao; Zheng, Jing; Yang, Ruizhao; Peng, Suping","Zhang, Miao/AAM-2510-2021",,2169-9313,2169-9356,Sep 16,2024,129,9,,,e2024JB028691,10.1029/2024JB028691,http://dx.doi.org/10.1029/2024JB028691
Precursory Slow Slip and Foreshocks on Rough Faults,"Cattania, C; Segall, P","Cattania, Camilla; Segall, Paul",,"Cattania, Camilla/0000-0003-0031-1696",2169-9313,2169-9356,APR,2021,126,4,,,e2020JB020430,10.1029/2020JB020430,http://dx.doi.org/10.1029/2020JB020430
Quasi-hidden Markov model and its applications in cluster analysis of earthquake catalogs,"Wu, ZX","Wu, Zhengxiao","WU, Zhengxiao/H-1138-2015",,2169-9313,2169-9356,Dec 24,2011,116,,,,B12316,10.1029/2011JB008447,http://dx.doi.org/10.1029/2011JB008447
Migration of Fluid-Induced Seismicity Reveals the Seismogenic State of Faults,"De Barros, L; Wynants-Morel, N; Cappa, F; Danré, P","De Barros, Louis; Wynants-Morel, Nicolas; Cappa, Frederic; Danre, Philippe","; Cappa, Frédéric/I-3024-2013; DE BARROS, LOUIS/AFQ-7281-2022","Danré, Philippe/0000-0002-1679-7216; Wynants-Morel, Nicolas/0000-0001-7351-9979; Cappa, Frédéric/0000-0003-4859-8024; DE BARROS, LOUIS/0000-0002-5541-9162",2169-9313,2169-9356,NOV,2021,126,11,,,e2021JB022767,10.1029/2021JB022767,http://dx.doi.org/10.1029/2021JB022767
Probing the Northern Chile Megathrust With Seismicity: The 2014 M8.1 Iquique Earthquake Sequence,"Soto, H; Sippl, C; Schurr, B; Kummerow, J; Asch, G; Tilmann, F; Comte, D; Ruiz, S; Oncken, O","Soto, H.; Sippl, C.; Schurr, B.; Kummerow, J.; Asch, G.; Tilmann, F.; Comte, D.; Ruiz, S.; Oncken, O.","Ruiz, Sergio/D-6688-2013; Tilmann, Frederik/E-4293-2012; Oncken, Onno/AAU-2907-2020; Sippl, Christian/AAC-6590-2019","Ruiz, Sergio/0000-0003-1758-0788; Comte, Diana/0000-0003-2073-0492; Schurr, Bernd/0000-0002-3746-9166; Tilmann, Frederik/0000-0002-7439-8782; Soto, Hugo/0000-0001-9734-7120; Sippl, Christian/0000-0003-4130-6340",2169-9313,2169-9356,DEC,2019,124,12,12935,12954,,10.1029/2019JB017794,http://dx.doi.org/10.1029/2019JB017794
Forecasting the Rates of Future Aftershocks of All Generations Is Essential to Develop Better Earthquake Forecast Models,"Nandan, S; Ouillon, G; Sornette, D; Wiemer, S","Nandan, Shyam; Ouillon, Guy; Sornette, Didier; Wiemer, Stefan","; Wiemer, Stefan/E-5033-2015","Nandan, Shyam/0000-0002-4954-5314; Wiemer, Stefan/0000-0002-4919-3283",2169-9313,2169-9356,AUG,2019,124,8,8404,8425,,10.1029/2018JB016668,http://dx.doi.org/10.1029/2018JB016668
Effects of long-term fluid injection on induced seismicity parameters and maximum magnitude in northwestern part of The Geysers geothermal field,"Kwiatek, G; Martínez-Garzón, P; Dresen, G; Bohnhoff, M; Sone, H; Hartline, C","Kwiatek, Grzegorz; Martinez-Garzon, Patricia; Dresen, Georg; Bohnhoff, Marco; Sone, Hiroki; Hartline, Craig","Kwiatek, Grzegorz/K-2039-2012; Martínez-Garzón, Patricia/G-5686-2016; Bohnhoff, Marco/B-4354-2017; Sone, Hiroki/J-4394-2018","Kwiatek, Grzegorz/0000-0003-1076-615X; Bohnhoff, Marco/0000-0001-7383-635X; Sone, Hiroki/0000-0001-5525-1294",2169-9313,2169-9356,OCT,2015,120,10,7085,7101,,10.1002/2015JB012362,http://dx.doi.org/10.1002/2015JB012362
"Anomalous stress diffusion in earthquake triggering: Correlation length, time dependence, and directionality","Huc, M; Main, IG","Huc, M; Main, IG","Main, Ian Graham/AAO-4365-2021","Main, Ian Graham/0000-0001-7031-6746; HUC, Mireille/0000-0001-7219-2214",2169-9313,2169-9356,Jul 1,2003,108,B7,,,2324,10.1029/2001JB001645,http://dx.doi.org/10.1029/2001JB001645
Detecting Slow Slip Signals in Southwest Japan Based on Machine Learning Trained by Real GNSS Time Series,"Tanaka, Y; Kano, M; Yano, K","Tanaka, Yusuke; Kano, Masayuki; Yano, Keisuke","; Kano, Masayuki/ABE-6521-2020","Tanaka, Yusuke/0000-0003-4907-4919;",2169-9313,2169-9356,Feb 9,2025,130,2,,,e2024JB029499,10.1029/2024JB029499,http://dx.doi.org/10.1029/2024JB029499
Deciphering the Stress State of Seismogenic Faults in Oklahoma and Southern Kansas Based on an Improved Stress Map,"Qin, Y; Chen, XW; Walter, JI; Haffener, J; Trugman, DT; Carpenter, BM; Weingarten, M; Kolawole, F","Qin, Yan; Chen, Xiaowei; Walter, Jacob I.; Haffener, Jackson; Trugman, Daniel T.; Carpenter, Brett M.; Weingarten, Matthew; Kolawole, Folarin","Walter, Jacob/C-6806-2015; Kolawole, Folarin/OUI-8347-2025","Walter, Jacob/0000-0001-7127-9422; Trugman, Daniel/0000-0002-9296-4223; Carpenter, Brett/0000-0002-3451-2528; Weingarten, Matthew/0000-0002-1289-5935; Kolawole, Folarin/0000-0002-5695-2778; Qin, Yan/0000-0002-5589-9805",2169-9313,2169-9356,DEC,2019,124,12,12920,12934,,10.1029/2019JB018377,http://dx.doi.org/10.1029/2019JB018377
Improving Physics-Based Aftershock Forecasts During the 2016-2017 Central Italy Earthquake Cascade,"Mancini, S; Segou, M; Werner, MJ; Cattania, C","Mancini, S.; Segou, M.; Werner, M. J.; Cattania, C.","; Werner, Maximilian/ITU-6431-2023","Mancini, Simone/0000-0003-3415-2080; Werner, Maximilian/0000-0002-2430-2631; Cattania, Camilla/0000-0003-0031-1696; Segou, Margarita/0000-0001-8119-4019",2169-9313,2169-9356,AUG,2019,124,8,8626,8643,,10.1029/2019JB017874,http://dx.doi.org/10.1029/2019JB017874
"Understanding the Seismic Signature of Transtensional Opening in the Reykjanes Peninsula Rift Zone, SW Iceland","Büyükakpinar, P; Isken, MP; Heimann, S; Dahm, T; Kühn, D; Starke, J; Comino, JAL; Cesca, S; Doubravová, J; Gudnason, EA; Agústsdóttir, T","Bueyuekakpinar, Pinar; Isken, Marius Paul; Heimann, Sebastian; Dahm, Torsten; Kuehn, Daniela; Starke, Juliane; Comino, Jose Angel Lopez; Cesca, Simone; Doubravova, Jana; Gudnason, Egill arni; Agustsdottir, Thorbjorg","Isken, Marius Paul/OTH-8577-2025; Büyükakpınar, Pınar/HZL-6175-2023; Cesca, Simone/AAZ-2572-2020; Doubravová, Jana/H-6370-2014","Isken, Marius Paul/0000-0003-2464-1630; Gudnason, Egill Árni/0000-0001-7929-7334; Büyükakpınar, Pınar/0000-0001-8461-674X; Kühn, Daniela/0000-0002-2448-1510; Heimann, Sebastian/0000-0003-0096-7193; Cesca, Simone/0000-0001-9419-3904; Starke, Juliane/0000-0002-0377-6512; Dahm, Torsten/0000-0001-6432-7422;",2169-9313,2169-9356,Dec 31,2024,130,1,,,e2024JB029566,10.1029/2024JB029566,http://dx.doi.org/10.1029/2024JB029566
"Performance of a Rotational Sensor to Decipher Volcano Seismic Signals on Etna, Italy","Eibl, EPS; Rosskopf, M; Sciotto, M; Currenti, G; Di Grazia, G; Jousset, P; Krüger, F; Weber, M","Eibl, Eva P. S.; Rosskopf, Martina; Sciotto, Mariangela; Currenti, Gilda; Di Grazia, Giuseppe; Jousset, Philippe; Krueger, Frank; Weber, Michael","; Eibl, Eva/HIR-7341-2022; Kruger, Frank/M-4076-2014; Jousset, Philippe/JTV-6568-2023; Di Grazia, Giuseppe/G-1784-2015; Currenti, Gilda/I-3136-2017","Rosskopf, Martina/0009-0004-7156-4927; Eibl, Eva/0000-0002-0667-0035; Jousset, Philippe/0000-0002-5628-0238; Di Grazia, Giuseppe/0000-0002-8153-9280;",2169-9313,2169-9356,JUN,2022,127,6,,,e2021JB023617,10.1029/2021JB023617,http://dx.doi.org/10.1029/2021JB023617
"Fluid-Earthquake and Earthquake-Earthquake Interactions in Southern Kansas, USA","Verdecchia, A; Cochran, ES; Harrington, RM","Verdecchia, Alessandro; Cochran, Elizabeth S.; Harrington, Rebecca M.","Cochran, Elizabeth/AAA-8460-2022","Cochran, Elizabeth/0000-0003-2485-4484; Harrington, Rebecca M/0000-0002-3538-8020; Verdecchia, Alessano/0000-0002-9920-0015",2169-9313,2169-9356,MAR,2021,126,3,,,e2020JB020384,10.1029/2020JB020384,http://dx.doi.org/10.1029/2020JB020384
Precision Seismic Monitoring and Analysis at Axial Seamount Using a Real-Time Double-Difference System,"Waldhauser, F; Wilcock, WSD; Tolstoy, M; Baillard, C; Tan, YJ; Schaff, DP","Waldhauser, F.; Wilcock, W. S. D.; Tolstoy, M.; Baillard, C.; Tan, Y. J.; Schaff, D. P.","; Tan, Yen Joe/I-5808-2019","Waldhauser, Felix/0000-0002-1286-9737; Wilcock, William/0000-0001-7224-7246; Tan, Yen Joe/0000-0001-6377-7886",2169-9313,2169-9356,MAY,2020,125,5,,,e2019JB018796,10.1029/2019JB018796,http://dx.doi.org/10.1029/2019JB018796
Frictional behavior of oceanic transform faults and its influence on earthquake characteristics,"Liu, YJ; McGuire, JJ; Behn, MD","Liu, Yajing; McGuire, Jeffrey J.; Behn, Mark D.","Behn, Mark/F-5813-2012; Liu, Yajing/HPC-1897-2023","Behn, Mark/0000-0002-2001-1335;",2169-9313,2169-9356,Apr 26,2012,117,,,,B04315,10.1029/2011JB009025,http://dx.doi.org/10.1029/2011JB009025
Finite Size Effects on Seismicity Induced by Fluid Injection in a Discrete Fault Network With Rate-and-State Friction,"Kim, T; Im, K; Avouac, JP","Kim, Taeho; Im, Kyungjae; Avouac, Jean-Philippe","Avouac, Jean-Philippe/B-5699-2015; Kim, Taeho/IQS-1444-2023","Avouac, Jean-Philippe/0000-0002-3060-8442; , Taeho/0000-0002-2560-7728;",2169-9313,2169-9356,Jul 3,2025,130,7,,,e2024JB030243,10.1029/2024JB030243,http://dx.doi.org/10.1029/2024JB030243
Tracking Submarine Volcanic Activity at Monowai: Constraints From Long-Range Hydroacoustic Measurements,"Metz, D; Watts, AB; Grevemeyer, I; Rodgers, M","Metz, D.; Watts, A. B.; Grevemeyer, I.; Rodgers, M.","; Grevemeyer, Ingo/E-5162-2016; Watts, Anthony/MIN-3558-2025","Watts, Anthony/0000-0002-2198-2942; Rodgers, Mel/0000-0002-8809-9935; Grevemeyer, Ingo/0000-0002-6807-604X;",2169-9313,2169-9356,SEP,2018,123,9,7877,7895,,10.1029/2018JB015888,http://dx.doi.org/10.1029/2018JB015888
"Spatial-Temporal Pore Pressure and Stress Evolution Associated With the Impoundment of Two Contiguous Reservoirs in Jinsha River, China and Regional Seismicity","Miao, M; Han, P; Yao, MD; Wang, R; Zhao, C; Zhao, CP; Lu, RQ; Du, ZD; Chen, XF","Miao, Miao; Han, Peng; Yao, Mengdi; Wang, Rui; Zhao, Ce; Zhao, Cuiping; Lu, Renqi; Du, Zedong; Chen, Xiaofei",,"Wang, Rui/0000-0002-9235-2657; Lu, Renqi/0000-0001-7837-7965; Han, Peng/0000-0002-9997-8505",2169-9313,2169-9356,Jul 31,2025,130,8,,,e2025JB031220,10.1029/2025JB031220,http://dx.doi.org/10.1029/2025JB031220
DASEventNet: AI-Based Microseismic Detection on Distributed Acoustic Sensing Data From the Utah FORGE Well 16A (78)-32 Hydraulic Stimulation,"Yu, PL; Zhu, TY; Marone, C; Elsworth, D; Yu, MZ","Yu, Pengliang; Zhu, Tieyuan; Marone, Chris; Elsworth, Derek; Yu, Mingzhao","Zhu, Tieyuan/D-2681-2014; Elsworth, Derek/D-2844-2015","Zhu, Tieyuan/0000-0003-3172-8240; Elsworth, Derek/0000-0002-4942-1151; Yu, Pengliang/0000-0001-8774-8991",2169-9313,2169-9356,Sep 12,2024,129,9,,,e2024JB029102,10.1029/2024JB029102,http://dx.doi.org/10.1029/2024JB029102
Variations of Stress Parameters in the Southern California Plate Boundary Around the South Central Transverse Ranges,"Abolfathian, N; Martínez-Garzón, P; Ben-Zion, Y","Abolfathian, Niloufar; Martinez-Garzon, Patricia; Ben-Zion, Yehuda",,"Abolfathian, Niloufar/0000-0002-8299-0970; Ben-Zion, Yehuda/0000-0002-9602-2014; Martínez-Garzón, Patricia/0000-0003-4649-0386",2169-9313,2169-9356,AUG,2020,125,8,,,e2020JB019482,10.1029/2020JB019482,http://dx.doi.org/10.1029/2020JB019482
The 3-D Velocity Models and Seismicity Highlight Forearc Deformation Due to Subducting Features (Central Vanuatu),"Foix, O; Crawford, WC; Koulakov, I; Baillard, C; Régnier, M; Pelletier, B; Garaebiti, E","Foix, O.; Crawford, W. C.; Koulakov, I.; Baillard, C.; Regnier, M.; Pelletier, B.; Garaebiti, E.","Foix, Océane/C-9199-2018; Koulakov, Ivan/C-1942-2018; Crawford, Wayne/A-5658-2011","Foix, Océane/0000-0002-0305-3621; Koulakov, Ivan/0000-0002-0327-4416; Crawford, Wayne/0000-0002-3260-1826",2169-9313,2169-9356,JUN,2019,124,6,5754,5769,,10.1029/2018JB016861,http://dx.doi.org/10.1029/2018JB016861
"Seismically active wedge structure beneath the Coalinga anticline, San Joaquin basin, California","Guzofski, CA; Shaw, JH; Lin, GQ; Shearer, PM","Guzofski, Chris A.; Shaw, John H.; Lin, Guoqing; Shearer, Peter M.","Shearer, Peter/K-5247-2012; Lin, Guoqing/B-1002-2009","Shearer, Peter/0000-0002-2992-7630;",2169-9313,2169-9356,Mar 29,2007,112,B3,,,B03S05,10.1029/2006JB004465,http://dx.doi.org/10.1029/2006JB004465
Optimally Oriented Remote Triggering in the Coso Geothermal Region,"Alfaro-Diaz, R; Velasco, AA; Pankow, KL; Kilb, D","Alfaro-Diaz, Richard; Velasco, Aaron A.; Pankow, Kristine L.; Kilb, Debi","; Velasco, Aaron/H-2666-2012","Alfaro-Diaz, Richard/0000-0001-6723-5996; Pankow, Kristine/0000-0002-2526-8199; Kilb, Debi/0000-0002-7252-4167; Velasco, Aaron/0000-0003-0695-6153",2169-9313,2169-9356,AUG,2020,125,8,,,e2019JB019131,10.1029/2019JB019131,http://dx.doi.org/10.1029/2019JB019131
"Evaluating the effectiveness of induced seismicity mitigation: Numerical modeling of wastewater injection near Greeley, Colorado","Brown, MRM; Ge, SM; Sheehan, AF; Nakai, JS","Brown, Megan R. M.; Ge, Shemin; Sheehan, Anne F.; Nakai, Jenny S.","; SHEEHAN, ANNE/ABD-9363-2020; Brown, Megan/AAB-6230-2020","Nakai, Jenny/0000-0002-4559-9796; GE, SHEMIN/0000-0002-0960-1609; SHEEHAN, ANNE/0000-0002-9629-1687; Brown, Megan/0000-0002-6523-927X",2169-9313,2169-9356,AUG,2017,122,8,6569,6582,,10.1002/2017JB014456,http://dx.doi.org/10.1002/2017JB014456
Spatiotemporal Stress Changes During the 2024 M7.6 Noto Peninsula Earthquake Sequence Revealed From Polarity-Based Focal Mechanisms via Siamese Neural Network,"Liang, R; Kuang, W","Liang, R.; Kuang, W.",,,2169-9313,2169-9356,Oct 15,2025,130,10,,,e2025JB032227,10.1029/2025JB032227,http://dx.doi.org/10.1029/2025JB032227
"Seismotectonics of the Zagros (Iran) From Orogen-Wide, Calibrated Earthquake Relocations","Karasözen, E; Nissen, E; Bergman, EA; Ghods, A","Karasoezen, Ezgi; Nissen, Edwin; Bergman, Eric A.; Ghods, Abdolreza","Ghods, Abdolreza/ABH-8630-2020; Nissen, Edwin/E-2109-2011","Nissen, Edwin/0000-0002-0406-2706; Bergman, Eric/0000-0002-7069-8286",2169-9313,2169-9356,AUG,2019,124,8,9109,9129,,10.1029/2019JB017336,http://dx.doi.org/10.1029/2019JB017336
Microseismicity Cloud Can Be Substantially Larger Than the Associated Stimulated Fracture Volume: The Case of the Paralana Enhanced Geothermal System,"Riffault, J; Dempsey, D; Karra, S; Archer, R","Riffault, Jeremy; Dempsey, David; Karra, Satish; Archer, Rosalind","; Dempsey, David/B-9115-2015; Archer, Rosalind/AAY-6718-2020","Riffault, Jeremy/0000-0002-0316-7215; Karra, Satish/0000-0001-7847-6293; Dempsey, David/0000-0003-2135-5129; Archer, Rosalind/0000-0003-2250-0471",2169-9313,2169-9356,AUG,2018,123,8,6845,6870,,10.1029/2017JB015299,http://dx.doi.org/10.1029/2017JB015299
"A double seismic zone in the subducting Juan Fernandez Ridge of the Nazca Plate (32°S), central Chile","Marot, M; Monfret, T; Pardo, M; Ranalli, G; Nolet, G","Marot, M.; Monfret, T.; Pardo, M.; Ranalli, G.; Nolet, G.","Nolet, Guust/F-3142-2013; Souza Pardo, Mario Henrique/MSZ-2112-2025",,2169-9313,2169-9356,JUL,2013,118,7,3462,3475,,10.1002/jgrb.50240,http://dx.doi.org/10.1002/jgrb.50240
"Comparison of mid-oceanic earthquake epicentral differences of travel time, centroid locations, and those determined by autonomous underwater hydrophone arrays - art. no. B07302","Pan, JF; Dziewonski, AM","Pan, JF; Dziewonski, AM",,,2169-9313,2169-9356,Jul 8,2005,110,B7,,,B07302,10.1029/2003JB002785,http://dx.doi.org/10.1029/2003JB002785
Impact of the Offshore Seismograph Network and 3-D Seismic Velocity Structure Model on Centroid Moment Tensor Analysis for Offshore Earthquakes: Application to the Japan Trench Subduction Zone,"Yamaya, L; Kubo, H; Shiomi, K; Takemura, S","Yamaya, Lina; Kubo, Hisahiko; Shiomi, Katsuhiko; Takemura, Shunsuke","; Takemura, Shunsuke/H-1873-2017; Kubo, Hisahiko/G-4467-2018","Yamaya, Lina/0000-0001-9628-2871; Takemura, Shunsuke/0000-0002-7511-3443; Kubo, Hisahiko/0000-0002-1933-7899",2169-9313,2169-9356,Nov 8,2024,129,11,,,e2024JB029944,10.1029/2024JB029944,http://dx.doi.org/10.1029/2024JB029944
"Imaging the high-frequency energy radiation process of a main shock and its early aftershock sequence: The case of the 2008 Iwate-Miyagi Nairiku earthquake, Japan","Sawazaki, K; Enescu, B","Sawazaki, Kaoru; Enescu, Bogdan","Enescu, Bogdan/J-6980-2012; SAWAZAKI, Kaoru/V-4148-2019; Enescu, Bogdan/J-6980-2012","Enescu, Bogdan/0000-0003-2153-0097",2169-9313,2169-9356,JUN,2014,119,6,4729,4746,,10.1002/2013JB010539,http://dx.doi.org/10.1002/2013JB010539
"Detection of short-term slow slip events along the Nankai Trough, southwest Japan, using GNSS data","Nishimura, T; Matsuzawa, T; Obara, K","Nishimura, Takuya; Matsuzawa, Takanori; Obara, Kazushige","Matsuzawa, Takanori/C-1907-2018; Nishimura, Takuya/G-2789-2013","Matsuzawa, Takanori/0000-0003-0440-251X; Nishimura, Takuya/0000-0002-2469-8146",2169-9313,2169-9356,JUN,2013,118,6,3112,3125,,10.1002/jgrb.50222,http://dx.doi.org/10.1002/jgrb.50222
Estimating tectonic stress rate and state with Landers aftershocks,"Gross, S; Kisslinger, C","Gross, S; Kisslinger, C",,"Gross, Susanna/0000-0002-9401-3456",2169-9313,2169-9356,Apr 10,1997,102,B4,7603,7612,,10.1029/96JB03741,http://dx.doi.org/10.1029/96JB03741
Subducted Lithospheric Boundary Tomographically Imaged Beneath Arc-Continent Collision in Eastern Indonesia,"Harris, CW; Miller, MS; Supendi, P; Widiyantoro, S","Harris, Cooper W.; Miller, Meghan S.; Supendi, Pepen; Widiyantoro, Sri","Widiyantoro, Sri/AAF-8797-2021; Miller, Meghan/A-2688-2011; Supendi, Pepen/ABD-5751-2020","Miller, Meghan/0000-0001-5494-2296; Supendi, Pepen/0000-0002-9784-9865",2169-9313,2169-9356,AUG,2020,125,8,,,e2019JB018854,10.1029/2019JB018854,http://dx.doi.org/10.1029/2019JB018854
Three-dimensional model of Hellenic Arc deformation and origin of the Cretan uplift,"Ganas, A; Parsons, T","Ganas, Athanassios; Parsons, Tom","Ganas, Athanassios/ABE-8385-2021; Parsons, Tom/A-3424-2008","Ganas, Athanassios/0000-0002-1937-3283; Parsons, Tom/0000-0002-0582-4338",2169-9313,2169-9356,Jun 20,2009,114,,,,B06404,10.1029/2008JB005599,http://dx.doi.org/10.1029/2008JB005599
Methods for monitoring hydroacoustic events using direct and reflected T waves in the Indian Ocean - art. no. B02305,"Hanson, JA; Bowman, JR","Hanson, JA; Bowman, JR",,,2169-9313,2169-9356,Feb 22,2006,111,B2,,,B02305,10.1029/2004JB003609,http://dx.doi.org/10.1029/2004JB003609
Significance of stress transfer in time-dependent earthquake probability calculations - art. no. B05S02,"Parsons, T","Parsons, T","Parsons, Tom/A-3424-2008","Parsons, Tom/0000-0002-0582-4338",2169-9313,2169-9356,Mar 4,2005,110,B5,,,B05S02,10.1029/2004JB003190,http://dx.doi.org/10.1029/2004JB003190
Sensitivity of Induced Seismic Sequences to Rate-and-State Frictional Processes,"Kroll, KA; Richards-Dinger, KB; Dieterich, JH","Kroll, Kayla A.; Richards-Dinger, Keith B.; Dieterich, James H.","Kroll, Kayla/H-6518-2016","Kroll, Kayla/0000-0003-3582-9874",2169-9313,2169-9356,DEC,2017,122,12,10207,10219,,10.1002/2017JB014841,http://dx.doi.org/10.1002/2017JB014841
One-dimensional physical reference models for the upper mantle and transition zone: Combining seismic and mineral physics constraints - art. no. B01306,"Cammarano, F; Deuss, A; Goes, S; Giardini, D","Cammarano, F; Deuss, A; Goes, S; Giardini, D","Giardini, Domenico/F-5406-2011; Deuss, Arwen/F-6254-2012; cammarano, fabio/F-2173-2018","Deuss, Arwen/0000-0003-3193-5987; Goes, Saskia/0000-0002-2231-2553; cammarano, fabio/0000-0003-3908-5446",2169-9313,2169-9356,Jan 20,2005,110,B1,,,B01306,10.1029/2004JB003272,http://dx.doi.org/10.1029/2004JB003272
"Long Period Seismicity at Mammoth Mountain, California","Dawson, P; Chouet, B","Dawson, Phillip; Chouet, Bernard","; Dawson, Phillip/F-6438-2010","Chouet, Bernard/0000-0001-5527-0532;",2169-9313,2169-9356,JUL,2019,124,7,6751,6778,,10.1029/2019JB017580,http://dx.doi.org/10.1029/2019JB017580
Seasonal Nontectonic Loading Inferred From cGPS as a Potential Trigger for the M6.0 South Napa Earthquake,"Kraner, ML; Holt, WE; Borsa, AA","Kraner, Meredith L.; Holt, William E.; Borsa, Adrian A.","Borsa, Aian/AAH-2158-2019","Borsa, Aian/0000-0002-9939-1480; Holt, William/0000-0002-0267-5306",2169-9313,2169-9356,JUN,2018,123,6,5300,5322,,10.1029/2017JB015420,http://dx.doi.org/10.1029/2017JB015420
"Seismicity Relocation and Fault Structure Near the Leech River Fault Zone, Southern Vancouver Island","Li, G; Liu, YJ; Regalla, C; Morell, KD","Li, Ge; Liu, Yajing; Regalla, Christine; Morell, Kristin D.","Liu, Yajing/HPC-1897-2023; Morell, Kristin/C-2418-2013","Regalla, Christine/0000-0003-2975-8336; Morell, Kristin/0000-0001-8464-3553; Li, Ge/0000-0002-8956-8879",2169-9313,2169-9356,APR,2018,123,4,2841,2855,,10.1002/2017JB015021,http://dx.doi.org/10.1002/2017JB015021
"A major, intraplate, normal-faulting earthquake: The 1739 Yinchuan event in northern China","Middleton, TA; Walker, RT; Parsons, B; Lei, QY; Zhou, Y; Ren, ZK","Middleton, Timothy A.; Walker, Richard T.; Parsons, Barry; Lei, Qiyun; Zhou, Yu; Ren, Zhikun","Zhou, Yu/GLU-4966-2022; Ren, Zhikun/S-3884-2019; Parsons, Barry/K-4716-2012","Middleton, Tim/0000-0001-9022-534X; Ren, Zhikun/0000-0002-6391-9503; Parsons, Barry/0000-0001-5120-4917",2169-9313,2169-9356,JAN,2016,121,1,293,320,,10.1002/2015JB012355,http://dx.doi.org/10.1002/2015JB012355
A refined methodology for stress inversions of earthquake focal mechanisms,"Martínez-Garzón, P; Ben-Zion, Y; Abolfathian, N; Kwiatek, G; Bohnhoff, M","Martinez-Garzon, Patricia; Ben-Zion, Yehuda; Abolfathian, Niloufar; Kwiatek, Grzegorz; Bohnhoff, Marco","; Bohnhoff, Marco/B-4354-2017; Kwiatek, Grzegorz/K-2039-2012","Ben-Zion, Yehuda/0000-0002-9602-2014; Bohnhoff, Marco/0000-0001-7383-635X; Abolfathian, Niloufar/0000-0002-8299-0970; Martínez-Garzón, Patricia/0000-0003-4649-0386; Kwiatek, Grzegorz/0000-0003-1076-615X",2169-9313,2169-9356,DEC,2016,121,12,8666,8687,,10.1002/2016JB013493,http://dx.doi.org/10.1002/2016JB013493
"Late Pleistocene-Holocene right slip rate and paleoseismology of the Nayband fault, western margin of the Lut block, Iran","Foroutan, M; Meyer, B; Sébrier, M; Nazari, H; Murray, AS; Le Dortz, K; Shokri, MA; Arnold, M; Aumaître, G; Bourlès, D; Keddadouche, K; Azad, SS; Bolourchi, MJ","Foroutan, M.; Meyer, B.; Sebrier, M.; Nazari, H.; Murray, A. S.; Le Dortz, K.; Shokri, M. A.; Arnold, M.; Aumaitre, G.; Bourles, D.; Keddadouche, K.; Azad, S. Solaymani; Bolourchi, M. J.","Murray, Anew/A-4388-2012; Foroutan, Mohammad/AAA-7889-2022; Nazari, Hamid/F-2217-2010; Bolourchi, Mohammad/X-7532-2018; Meyer, Bertrand/E-6903-2011","Murray, Anew/0000-0001-5559-1862; Foroutan, Mohammad/0000-0002-3163-8379; Bourlès, Didier/0000-0001-5991-6126;",2169-9313,2169-9356,APR,2014,119,4,3517,3560,,10.1002/2013JB010746,http://dx.doi.org/10.1002/2013JB010746
Magmatic processes in the Alaska subduction zone by combined 3-D b value imaging and targeted seismic tomography,"van Stiphout, T; Kissling, E; Wiemer, S; Ruppert, N","van Stiphout, T.; Kissling, E.; Wiemer, S.; Ruppert, N.","Kissling, Edi/GSM-8320-2022; Wiemer, Stefan/E-5033-2015","Kissling, Edi/0000-0001-9575-7951; Wiemer, Stefan/0000-0002-4919-3283",2169-9313,2169-9356,Nov 3,2009,114,,,,B11302,10.1029/2008JB005958,http://dx.doi.org/10.1029/2008JB005958
Implications of rate-and-state friction for properties of aftershock sequence: Quasi-static inherently discrete simulations,"Ziv, A; Rubin, AM","Ziv, A; Rubin, AM",,,2169-9313,2169-9356,Jan 29,2003,108,B1,,,2051,10.1029/2001JB001219,http://dx.doi.org/10.1029/2001JB001219
A Little Data Goes a Long Way: Automating Seismic Phase Arrival Picking at Nabro Volcano With Transfer Learning,"Lapins, S; Goitom, B; Kendall, JM; Werner, MJ; Cashman, KV; Hammond, JOS","Lapins, Sacha; Goitom, Berhe; Kendall, J-Michael; Werner, Maximilian J.; Cashman, Katharine V.; Hammond, James O. S.","Werner, Maximilian/ITU-6431-2023; Hammond, James/AAR-1421-2021; Kendall, John Michael/D-5973-2011; Lapins, Sacha/HWU-8055-2023","Werner, Maximilian/0000-0002-2430-2631; Cashman, Katharine/0000-0001-9312-8377; Hammond, James/0000-0001-9194-8689; Kendall, John Michael/0000-0002-1486-3945; Lapins, Sacha/0000-0002-0113-0240",2169-9313,2169-9356,JUL,2021,126,7,,,e2021JB021910,10.1029/2021JB021910,http://dx.doi.org/10.1029/2021JB021910
Robust Stress Drop Estimates of Potentially Induced Earthquakes in Oklahoma: Evaluation of Empirical Green's Function,"Yoshimitsu, N; Ellsworth, WL; Beroza, GC","Yoshimitsu, Nana; Ellsworth, William L.; Beroza, Gregory C.","Yoshimitsu, Nana/AAC-5078-2020; Ellsworth, Lindsay/AAN-4169-2020","Beroza, Gregory/0000-0002-8667-1838",2169-9313,2169-9356,JUN,2019,124,6,5854,5866,,10.1029/2019JB017483,http://dx.doi.org/10.1029/2019JB017483
Testing self-organized criticality in the crust using entropy: A regionalized study of the CMT global earthquake catalogue - art. no. 2521,"Al-Kindy, FH; Main, IG","Al-Kindy, FH; Main, IG","Main, Ian Graham/AAO-4365-2021","Main, Ian Graham/0000-0001-7031-6746",2169-9313,2169-9356,Nov 12,2003,108,B11,,,2521,10.1029/2002JB002230,http://dx.doi.org/10.1029/2002JB002230
"Seismological Characterization of Northern Hikurangi Margin Slow Slip Regions Associated With Normal Faults, Seamounts, and Seeps","Woodward, A; Bastow, ID; Bell, R; Wallace, L; Jacobs, K; Henrys, S; Fry, B; Merry, TAJ; Lane, V; Ville, L; Houldsworth-Bianek, P; Broadley, L","Woodward, Amy; Bastow, Ian D.; Bell, Rebecca; Wallace, Laura; Jacobs, Katrina; Henrys, Stuart; Fry, Bill; Merry, Thomas A. J.; Lane, Victoria; Ville, Laurene; Houldsworth-bianek, Phoebe; Broadley, Luke",,,2169-9313,2169-9356,Jan 17,2026,131,1,,,e2025JB032916,10.1029/2025JB032916,http://dx.doi.org/10.1029/2025JB032916
High-Density Seismic Network for Improved Tomographic Imaging of the Ecuadorian Forearc: Slip Mode Controlled by In Situ Material Heterogeneity,"Wickham-Piotrowski, A; Meltzer, A; Ponce, G; Roecker, S; Beck, S; Ruiz, M; Hernandez, S; Segovia, M","Wickham-Piotrowski, Alexander; Meltzer, Anne; Ponce, Gabriela; Roecker, Steven; Beck, Susan; Ruiz, Mario; Hernandez, Stephen; Segovia, Monica","; Hernandez, Stephen/AAE-2628-2020","Wickham, Alexander/0000-0002-3247-1339; PONCE, GABRIELA/0000-0003-0643-3854; Segovia, Monica/0000-0001-6785-2476;",2169-9313,2169-9356,Nov 25,2025,130,12,,,e2025JB031212,10.1029/2025JB031212,http://dx.doi.org/10.1029/2025JB031212
Active Convergence of the India-Burma-Sunda Plates Revealed by a New Continuous GPS Network,"Mallick, R; Lindsey, EO; Feng, LJ; Hubbard, J; Banerjee, P; Hill, EM","Mallick, Rishav; Lindsey, Eric O.; Feng, Lujia; Hubbard, Judith; Banerjee, Paramesh; Hill, Emma M.","Feng, Lujia/F-2523-2012; Hubbard, Judith/H-2837-2012; Mallick, Rishav/AGX-7238-2022; Lindsey, Eric/HMD-4962-2023; Hill, Emma/B-7037-2011","Feng, Lujia/0000-0002-3736-5025; Hubbard, Judith/0000-0002-9980-1654; Mallick, Rishav/0000-0002-8983-0849; Lindsey, Eric/0000-0003-2274-8215; Hill, Emma/0000-0003-0231-5818",2169-9313,2169-9356,MAR,2019,124,3,3155,3171,,10.1029/2018JB016480,http://dx.doi.org/10.1029/2018JB016480
"Using systematically characterized low-frequency earthquakes as a fault probe in Guerrero, Mexico","Frank, WB; Shapiro, NM; Husker, AL; Kostoglodov, V; Romanenko, A; Campillo, M","Frank, William B.; Shapiro, Nikolai M.; Husker, Allen L.; Kostoglodov, Vladimir; Romanenko, Alexey; Campillo, Michel","Kostoglodov, Vladimir/A-1933-2012; Frank, William/C-7249-2016; Husker, Allen/LDF-4364-2024; Campillo, Michel/AAC-5666-2019; Shapiro, Nikolai/G-1049-2010; Romanenko, Alexey/AAE-1561-2019","Kostoglodov, Vladimir/0000-0001-7169-3121; Frank, William/0000-0001-7892-3081; Husker, Allen/0000-0003-1139-0502; Campillo, Michel/0000-0001-6971-4499; Shapiro, Nikolai/0000-0002-0144-723X;",2169-9313,2169-9356,OCT,2014,119,10,7686,7700,,10.1002/2014JB011457,http://dx.doi.org/10.1002/2014JB011457
Locations of mid-oceanic earthquakes constrained by seafloor bathymetry - art. no. 2310,"Pan, JF; Antolik, M; Dziewonski, AM","Pan, JF; Antolik, M; Dziewonski, AM",,,2169-9313,2169-9356,NOV,2002,107,B11,,,2310,10.1029/2001JB001588,http://dx.doi.org/10.1029/2001JB001588
"Leveraging Local Depth Phases for Improved Hypocenter Analysis and Discovery of a Thick Seismogenic Zone in Ridgecrest, California","Li, TJ; Chen, J; Yang, X; Tong, P","Li, Tianjue; Chen, Jing; Yang, Xu; Tong, Ping","; Tong, Ping/KCY-4440-2024; chen, jing/HJV-9238-2023; Yang, Xu/C-7251-2012","Li, Tianjue/0000-0003-2033-2793; Chen, Jing/0000-0002-9083-3940; Yang, Xu/0000-0001-6239-1922; , Ping/0000-0002-1937-3427",2169-9313,2169-9356,Jan 7,2026,131,1,,,e2025JB032083,10.1029/2025JB032083,http://dx.doi.org/10.1029/2025JB032083
Case-Control Study on a Decade of Ground-Based Magnetometers in California Reveals Modest Signal 24-72 hr Prior to Earthquakes,"Heavlin, WD; Kappler, K; Yang, L; Fan, MJ; Hickey, J; Lemon, J; MacLean, L; Bleier, T; Riley, P; Schneider, D","Heavlin, William D.; Kappler, Karl; Yang, Lusann; Fan, Minjie; Hickey, Jason; Lemon, James; MacLean, Laura; Bleier, Thomas; Riley, Patrick; Schneider, Daniel","; Fan, Minjie/A-4080-2019","lemon, james/0000-0002-0275-6325; kappler, karl/0000-0002-1877-1255; Yang, Lusann/0000-0001-5071-2936; Riley, Patrick/0000-0003-0797-0272; Schneider, Daniel/0000-0001-5074-5033; Heavlin, William/0000-0003-0377-8988",2169-9313,2169-9356,OCT,2022,127,10,,,e2022JB024109,10.1029/2022JB024109,http://dx.doi.org/10.1029/2022JB024109
"A Possible Causative Mechanism of Raton Basin, New Mexico and Colorado Earthquakes Using Recent Seismicity Patterns and Pore Pressure Modeling","Nakai, JS; Weingarten, M; Sheehan, AF; Bilek, SL; Ge, S","Nakai, J. S.; Weingarten, M.; Sheehan, A. F.; Bilek, S. L.; Ge, S.","; SHEEHAN, ANNE/ABD-9363-2020","Bilek, Susan/0000-0001-6291-237X; Nakai, Jenny/0000-0002-4559-9796; Weingarten, Matthew/0000-0002-1289-5935; SHEEHAN, ANNE/0000-0002-9629-1687",2169-9313,2169-9356,OCT,2017,122,10,8051,8065,,10.1002/2017JB014415,http://dx.doi.org/10.1002/2017JB014415
"Spatiotemporal changes, faulting regimes, and source parameters of induced seismicity: A case study from The Geysers geothermal field","Martínez-Garzón, P; Kwiatek, G; Sone, H; Bohnhoff, M; Dresen, G; Hartline, C","Martinez-Garzon, Patricia; Kwiatek, Grzegorz; Sone, Hiroki; Bohnhoff, Marco; Dresen, Georg; Hartline, Craig","Bohnhoff, Marco/B-4354-2017; Martínez-Garzón, Patricia/G-5686-2016; Sone, Hiroki/J-4394-2018; Kwiatek, Grzegorz/K-2039-2012","Bohnhoff, Marco/0000-0001-7383-635X; Sone, Hiroki/0000-0001-5525-1294; Kwiatek, Grzegorz/0000-0003-1076-615X",2169-9313,2169-9356,NOV,2014,119,11,8378,8396,,10.1002/2014JB011385,http://dx.doi.org/10.1002/2014JB011385
"Anisotropy, repeating earthquakes, and seismicity associated with the 2008 eruption of Okmok volcano, Alaska","Johnson, JH; Prejean, S; Savage, MK; Townend, J","Johnson, Jessica H.; Prejean, Stephanie; Savage, Martha K.; Townend, John","; Johnson, Jessica/N-1113-2015; Townend, John/B-5923-2012; Savage, Martha/F-1857-2011","Prejean, Stephanie/0000-0003-0510-1989; Johnson, Jessica/0000-0003-3628-6402; Townend, John/0000-0002-7017-620X; Savage, Martha/0000-0002-2080-0676",2169-9313,2169-9356,Sep 11,2010,115,,,,B00B04,10.1029/2009JB006991,http://dx.doi.org/10.1029/2009JB006991
Validation of a Multilayered Analog Model Integrating Crust-Mantle Visco-Elastic Coupling to Investigate Subduction Megathrust Earthquake Cycle,"Caniven, Y; Dominguez, S","Caniven, Yannick; Dominguez, Stephane","Dominguez, Stephane/C-5240-2011","Dominguez, Stephane/0000-0001-8218-7144; Caniven, Yannick/0000-0002-8337-3202",2169-9313,2169-9356,FEB,2021,126,2,,,e2020JB020342,10.1029/2020JB020342,http://dx.doi.org/10.1029/2020JB020342
A Systematic Assessment of the Spatiotemporal Evolution of Fault Activation Through Induced Seismicity in Oklahoma and Southern Kansas,"Schoenball, M; Ellsworth, WL","Schoenball, Martin; Ellsworth, William L.","Ellsworth, Lindsay/AAN-4169-2020; Schoenball, Martin/I-3323-2012","Schoenball, Martin/0000-0003-4880-4641",2169-9313,2169-9356,DEC,2017,122,12,10189,10206,,10.1002/2017JB014850,http://dx.doi.org/10.1002/2017JB014850
Hypocenter-Based 3D Imaging of Active Faults: Method and Applications in the Southwestern Swiss Alps,"Truttmann, S; Diehl, T; Herwegh, M","Truttmann, Sandro; Diehl, Tobias; Herwegh, Marco","Diehl, Tobias/L-5750-2015","Diehl, Tobias/0000-0001-6264-1506; Truttmann, Sano/0000-0002-0866-5942; Herwegh, Marco/0000-0001-7323-4199",2169-9313,2169-9356,JUN,2023,128,6,,,e2023JB026352,10.1029/2023JB026352,http://dx.doi.org/10.1029/2023JB026352
Susceptibility of Microseismic Triggering to Small Sinusoidal Stress Perturbations at the Laboratory Scale,"Colledge, M; Aubry, J; Chanard, K; Pétrélis, F; Duverger, C; Bollinger, L; Schubnel, A","Colledge, Martin; Aubry, Jerome; Chanard, Kristel; Petrelis, Francois; Duverger, Clara; Bollinger, Laurent; Schubnel, Alexandre","Chanard, Kristel/AAB-7677-2019; Duverger, Clara/B-2478-2018; Colledge, Martin/KLZ-5950-2024; Bollinger, Laurent/B-7636-2008","Duverger, Clara/0000-0002-7814-1546; Colledge, Martin/0000-0002-5444-9685; Bollinger, Laurent/0000-0002-5116-860X",2169-9313,2169-9356,APR,2023,128,4,,,e2022JB025583,10.1029/2022JB025583,http://dx.doi.org/10.1029/2022JB025583
Detection of Deep Low-Frequency Tremors From Continuous Paper Records at a Station in Southwest Japan About 50 Years Ago Based on Convolutional Neural Network,"Kaneko, R; Nagao, H; Ito, SI; Tsuruoka, H; Obara, K","Kaneko, Ryosuke; Nagao, Hiromichi; Ito, Shin-ichi; Tsuruoka, Hiroshi; Obara, Kazushige",,"Obara, Kazushige/0000-0003-3889-388X",2169-9313,2169-9356,FEB,2023,128,2,,,e2022JB024842,10.1029/2022JB024842,http://dx.doi.org/10.1029/2022JB024842
Effect of Fault Roughness on Aftershock Distribution: Elastic Off-Fault Material Properties,"Aslam, KS; Daub, EG","Aslam, Khurram S.; Daub, Eric G.",,,2169-9313,2169-9356,NOV,2018,123,11,9689,9711,,10.1029/2018JB016214,http://dx.doi.org/10.1029/2018JB016214
"New perspective on the transition from flat to steeper subduction in Oaxaca, Mexico, based on seismicity, nonvolcanic tremor, and slow slip","Fasola, S; Brudzinski, MR; Ghouse, N; Solada, K; Sit, S; Cabral-Cano, E; Arciniega-Ceballos, A; Kelly, N; Jensen, K","Fasola, Shannon; Brudzinski, Michael R.; Ghouse, Noorulann; Solada, Katharine; Sit, Stefany; Cabral-Cano, Enrique; Arciniega-Ceballos, Alejandra; Kelly, Nicholas; Jensen, Kevin","Arciniega Ceballos, Alejana/AGE-8336-2022; Brudzinski, Michael/A-8301-2011","Arciniega Ceballos, Alejana/0000-0002-0180-5447; Brudzinski, Michael/0000-0003-1869-0700; Cabral-Cano, Enrique/0000-0002-9143-2401; Fasola, Shannon/0000-0003-3941-4828",2169-9313,2169-9356,MAR,2016,121,3,1835,1848,,10.1002/2015JB012709,http://dx.doi.org/10.1002/2015JB012709
Active deformation in the Mediterranean from Gibraltar to Anatolia inferred from numerical modeling and geodetic and seismological data -: art. no. 2006,"Jiménez-Munt, I; Sabadini, R; Gardi, A; Bianco, G","Jiménez-Munt, I; Sabadini, R; Gardi, A; Bianco, G","Jiménez-Munt, Ivone/B-7073-2009","Jiménez-Munt, Ivone/0000-0003-4178-3585; Bianco, Giuseppe/0000-0002-4538-6467",2169-9313,2169-9356,Jan 3,2003,108,B1,,,2006,10.1029/2001JB001544,http://dx.doi.org/10.1029/2001JB001544
Compositional Attributes of the Deep Continental Crust Inferred From Geochemical and Geophysical Data,"Sammon, LG; McDonough, WF; Mooney, WD","Sammon, Laura G.; McDonough, William F.; Mooney, Walter D.","; McDonough, William/C-4791-2009","Sammon, Laura/0000-0002-4538-0700; Mooney, Walter D/0000-0002-5310-3631; McDonough, William/0000-0001-9154-3673",2169-9313,2169-9356,AUG,2022,127,8,,,e2022JB024041,10.1029/2022JB024041,http://dx.doi.org/10.1029/2022JB024041
Earthquake triggering in southern Iceland following the June 2000 Ms 6.6 doublet,"Daniel, G; Marsan, D; Bouchon, M","Daniel, G.; Marsan, D.; Bouchon, M.","Marsan, David/E-1351-2011",,2169-9313,2169-9356,May 24,2008,113,B5,,,B05310,10.1029/2007JB005107,http://dx.doi.org/10.1029/2007JB005107
Forecast experiment:: Do temporal and spatial b value variations along the Calaveras fault portend M≥4.0 earthquakes?,"Parsons, T","Parsons, Tom","Parsons, Tom/A-3424-2008","Parsons, Tom/0000-0002-0582-4338",2169-9313,2169-9356,Mar 28,2007,112,B3,,,B03308,10.1029/2006JB004632,http://dx.doi.org/10.1029/2006JB004632
"New insights into fault activation and stress transfer between en echelon thrusts: The 2012 Emilia, Northern Italy, earthquake sequence","Cheloni, D; Giuliani, R; D'Agostino, N; Mattone, M; Bonano, M; Fornaro, G; Lanari, R; Reale, D; Atzori, S","Chelonil, D.; Giuliani, R.; D'Agostino, N.; Mattone, M.; Bonano, M.; Fornaro, G.; Lanari, R.; Reale, D.; Atzori, S.","Giuliani, Roberta/Y-1576-2018; Cheloni, Daniele/D-7027-2013; D'Agostino, Nicola/D-7027-2013","Giuliani, Roberta/0000-0001-9906-0801; Cheloni, Daniele/0000-0002-0958-2129; Bonano, Manuela/0000-0001-8240-7629; Atzori, Simone/0000-0002-5031-9904; LANARI, RICCARDO/0000-0002-7296-2749; Cheloni, Daniele/0000-0002-0958-2129; Reale, Diego/0000-0001-7027-5227; D'Agostino, Nicola/0000-0002-0444-6240",2169-9313,2169-9356,JUN,2016,121,6,4742,4766,,10.1002/2016JB012823,http://dx.doi.org/10.1002/2016JB012823
Systematic assessment of the static stress triggering hypothesis using interearthquake time statistics,"Nandan, S; Ouillon, G; Woessner, J; Sornette, D; Wiemer, S","Nandan, Shyam; Ouillon, Guy; Woessner, Jochen; Sornette, Didier; Wiemer, Stefan","Woessner, Jochen/F-7427-2010; Wiemer, Stefan/E-5033-2015","Nandan, Shyam/0000-0002-4954-5314; Wiemer, Stefan/0000-0002-4919-3283",2169-9313,2169-9356,MAR,2016,121,3,1890,1909,,10.1002/2015JB012212,http://dx.doi.org/10.1002/2015JB012212
Deep-Learning Phase-Onset Picker for Deep Earth Seismology: PKIKP Waves,"Zhou, JR; Pham, TS; Tkalcic, H","Zhou, Jiarun; Pham, Thanh-Son; Tkalcic, Hrvoje","Pham, Thanh-Son/ABD-9325-2020; Tkalčić, Hrvoje/E-8465-2013","Pham, Thanh-Son/0000-0002-9057-4416; Tkalčić, Hrvoje/0000-0001-7072-490X",2169-9313,2169-9356,Sep 5,2024,129,9,,,e2024JB029360,10.1029/2024JB029360,http://dx.doi.org/10.1029/2024JB029360
Development of an Epidemic-Type Aftershock-Sequence Model Explicitly Incorporating the Seismicity-Triggering Effects of Slow Slip Events,"Nishikawa, T; Nishimura, T","Nishikawa, Tomoaki; Nishimura, Takuya","Nishimura, Takuya/G-2789-2013","Nishimura, Takuya/0000-0002-2469-8146; Nishikawa, Tomoaki/0000-0001-5775-4565",2169-9313,2169-9356,MAY,2023,128,5,,,e2023JB026457,10.1029/2023JB026457,http://dx.doi.org/10.1029/2023JB026457
"GPS crustal strain, postglacial rebound, and seismic hazard in eastern North America: The Saint Lawrence valley example - art. no. B11301","Mazzotti, S; James, TS; Henton, J; Adams, J","Mazzotti, S; James, TS; Henton, J; Adams, J","James, Thomas/D-9301-2013; Mazzotti, Stephane/H-3928-2016","James, Thomas/0000-0001-7321-047X; Mazzotti, Stephane/0000-0003-2514-4310",2169-9313,2169-9356,Nov 2,2005,110,B11,,,B11301,10.1029/2004JB003590,http://dx.doi.org/10.1029/2004JB003590
Repeating Long-Period Earthquakes at Shishaldin Volcano (Alaska): Insights Into the Source Mechanism and Relationship to Volcano Dynamics,"Palo, M; Cascone, V; Adil, M; Zollo, A","Palo, M.; Cascone, V.; Adil, M.; Zollo, A.","Palo, Mauro/E-8957-2012; zollo, aldo/B-5344-2010","Palo, Mauro/0000-0001-6974-2334; zollo, aldo/0000-0002-8191-9566; Cascone, Valeria/0000-0001-7402-0985",2169-9313,2169-9356,Aug 9,2025,130,8,,,e2024JB030480,10.1029/2024JB030480,http://dx.doi.org/10.1029/2024JB030480
"Fine Structure of Tremor Migrations Beneath the Kii Peninsula, Southwest Japan, Extracted With a Space-Time Hough Transform","Sagae, K; Nakahara, H; Nishimura, T; Imanishi, K","Sagae, Kodai; Nakahara, Hisashi; Nishimura, Takeshi; Imanishi, Kazutoshi","; Imanishi, Kazutoshi/M-3183-2016","Sagae, Kodai/0000-0003-4817-7190; Imanishi, Kazutoshi/0000-0002-3346-0009",2169-9313,2169-9356,JUN,2023,128,6,,,e2022JB026248,10.1029/2022JB026248,http://dx.doi.org/10.1029/2022JB026248
The exceptional earthquake of 3 January 1117 in the Verona area (northern Italy): A critical time review and detection of two lost earthquakes (lower Germany and Tuscany) - art. no. B12309,"Guidoboni, E; Comastri, A; Boschi, E","Guidoboni, E; Comastri, A; Boschi, E","Boschi, Enzo/B-4211-2011","Boschi, Enzo/0000-0003-0527-9664",2169-9313,2169-9356,Dec 30,2005,110,B12,,,B12309,10.1029/2005JB003683,http://dx.doi.org/10.1029/2005JB003683
Strain accommodation by magmatism and faulting as rifting proceeds to breakup: Seismicity of the northern Ethiopian rift,"Keir, D; Ebinger, CJ; Stuart, GW; Daly, E; Ayele, A","Keir, Derek; Ebinger, C. J.; Stuart, G. W.; Daly, E.; Ayele, A.","; Keir, Derek/AAB-6110-2020","Ebinger, Cynthia/0000-0002-6211-3399; daly, eve/0000-0002-4223-5129; Keir, Derek/0000-0001-8787-8446",2169-9313,2169-9356,May 26,2006,111,B5,,,B05314,10.1029/2005JB003748,http://dx.doi.org/10.1029/2005JB003748
Subducted Lithosphere Under South America From Multifrequency P Wave Tomography,"Mohammadzaheri, A; Sigloch, K; Hosseini, K; Mihalynuk, MG","Mohammadzaheri, Afsaneh; Sigloch, Karin; Hosseini, Kasra; Mihalynuk, Mitchell G.","Sigloch, Karin/V-2194-2017; Mihalynuk, Mitchell/AAF-7403-2021","Sigloch, Karin/0000-0002-9876-4628; Mohammadzaheri, Afsaneh/0000-0003-2445-0770; Hosseini, Kasra/0000-0003-4396-6019; Mihalynuk, Mitchell/0000-0001-7590-4715",2169-9313,2169-9356,JUN,2021,126,6,,,e2020JB020704,10.1029/2020JB020704,http://dx.doi.org/10.1029/2020JB020704
Seismicity and structure of the Kamchatka subduction zone,"Gorbatov, A; Kostoglodov, V; Suarez, G; Gordeev, E","Gorbatov, A; Kostoglodov, V; Suarez, G; Gordeev, E","Kostoglodov, Vladimir/A-1933-2012; Gordeev, Evgeny/K-7095-2017","Kostoglodov, Vladimir/0000-0001-7169-3121;",2169-9313,2169-9356,Aug 10,1997,102,B8,17883,17898,,10.1029/96JB03491,http://dx.doi.org/10.1029/96JB03491
"Insights Into Complex Subdecimeter Fracturing Processes Occurring During a Water Injection Experiment at Depth in Aspo Hard Rock Laboratory, Sweden","Kwiatek, G; Martínez-Garzón, P; Plenkers, K; Leonhardt, M; Zang, A; von Specht, S; Dresen, G; Bohnhoff, M","Kwiatek, G.; Martinez-Garzon, P.; Plenkers, K.; Leonhardt, M.; Zang, A.; von Specht, S.; Dresen, G.; Bohnhoff, M.","; Bohnhoff, Marco/B-4354-2017; Kwiatek, Grzegorz/K-2039-2012; Plenkers, Katrin/J-2492-2012","Zang, Arno/0000-0001-7670-5152; Martínez-Garzón, Patricia/0000-0003-4649-0386; Bohnhoff, Marco/0000-0001-7383-635X; Kwiatek, Grzegorz/0000-0003-1076-615X; Plenkers, Katrin/0000-0002-7739-2554",2169-9313,2169-9356,AUG,2018,123,8,6616,6635,,10.1029/2017JB014715,http://dx.doi.org/10.1029/2017JB014715
High-frequency P and S velocity anomalies in the upper mantle beneath Asia from inversion of worldwide traveltime data,"Koulakov, I","Koulakov, Ivan","Koulakov, Ivan/C-1942-2018",,2169-9313,2169-9356,Apr 5,2011,116,,,,B04301,10.1029/2010JB007938,http://dx.doi.org/10.1029/2010JB007938
Mapping asperities by minima of local recurrence time: San Jacinto-Elsinore fault zones,"Wyss, M; Schorlemmer, D; Wiemer, S","Wyss, M; Schorlemmer, D; Wiemer, S","Wiemer, Stefan/E-5033-2015","Wiemer, Stefan/0000-0002-4919-3283",2169-9313,2169-9356,Apr 10,2000,105,B4,7829,7844,,10.1029/1999JB900347,http://dx.doi.org/10.1029/1999JB900347
Automatic Estimation of Daily Volcanic Sulfur Dioxide Gas Flux From TROPOMI Satellite Observations: Application to Etna and Piton de la Fournaise,"Grandin, R; Boichu, M; Mathurin, T; Pascal, N","Grandin, Raphael; Boichu, Marie; Mathurin, Theo; Pascal, Nicolas","; Grandin, Raphael/K-4031-2012","Boichu, Marie/0000-0003-3163-8325; Grandin, Raphael/0000-0002-1837-011X",2169-9313,2169-9356,Jun 21,2024,129,6,,,e2024JB029309,10.1029/2024JB029309,http://dx.doi.org/10.1029/2024JB029309
"New Estimates of Magnitude-Frequency Distribution and b-Value Using Relative Magnitudes for the 2011 Prague, Oklahoma Earthquake Sequence","Gable, SL; Huang, Y","Gable, S. L.; Huang, Y.",,"Gable, Sydney/0000-0002-9516-1768",2169-9313,2169-9356,Dec 28,2023,129,1,,,e2023JB026455,10.1029/2023JB026455,http://dx.doi.org/10.1029/2023JB026455
Revisiting the San Andreas Heat Flow Paradox From the Perspective of Seismic Efficiency and Elastic Power in Southern California,"Ziebarth, MJ; Anderson, JG; von Specht, S; Heidbach, O; Cotton, F","Ziebarth, Malte J.; Anderson, John G.; von Specht, Sebastian; Heidbach, Oliver; Cotton, Fabrice","Heidbach, Oliver/AFQ-9333-2022; Cotton, Fabrice/AAA-8564-2020","Heidbach, Oliver/0000-0001-8009-5422; Ziebarth, Malte Jörn/0000-0002-5190-4478; von Specht, Sebastian/0000-0003-3735-9562;",2169-9313,2169-9356,DEC,2023,128,12,,,e2023JB027086,10.1029/2023JB027086,http://dx.doi.org/10.1029/2023JB027086
Direct Inversion of S-P Differential Arrival Times for Vp/Vs Ratio in SE Asia,"Zenonos, A; De Siena, L; Widiyantoro, S; Rawlinson, N","Zenonos, Aristides; De Siena, Luca; Widiyantoro, Sri; Rawlinson, Nicholas","; Widiyantoro, Sri/AAF-8797-2021; De Siena, Luca/I-8181-2015","Zenonos, Aristides/0000-0002-2951-2275; Rawlinson, Nicholas/0000-0002-6977-291X; De Siena, Luca/0000-0002-3615-5923",2169-9313,2169-9356,MAY,2020,125,5,,,e2019JB019152,10.1029/2019JB019152,http://dx.doi.org/10.1029/2019JB019152
Global observation of vertical-CLVD earthquakes at active volcanoes,"Shuler, A; Nettles, M; Ekström, G","Shuler, Ashley; Nettles, Meredith; Ekstroem, Goeran","Ekstrom, Goran/C-9771-2012; Nettles, Meredith/A-8638-2012","Nettles, Meredith/0000-0003-4613-4162",2169-9313,2169-9356,JAN,2013,118,1,138,164,,10.1029/2012JB009721,http://dx.doi.org/10.1029/2012JB009721
Structure and Seismicity of the Dead Sea Fault and the Galilee Revealed by 3D Earthquake Tomography,"Ben-Dor, G; Kurzon, I; Aizenshtat-Soffer, E; Wetzler, N; Weinberger, R; Tape, C; Tsesarsky, M","Ben-Dor, G.; Kurzon, I.; Aizenshtat-Soffer, E.; Wetzler, N.; Weinberger, R.; Tape, C.; Tsesarsky, M.","Ben-Dor, Guy/NXX-8916-2025; Tsesarsky, Michael/F-1252-2012","Ben-Dor, Guy/0000-0002-1325-6211; Tape, Carl/0000-0003-2804-7137; Tsesarsky, Michael/0000-0001-5282-0332",2169-9313,2169-9356,Jul 11,2025,130,7,,,e2024JB030816,10.1029/2024JB030816,http://dx.doi.org/10.1029/2024JB030816
Collective properties of injection-induced earthquake sequences: 1. Model description and directivity bias,"Dempsey, D; Suckale, J","Dempsey, David; Suckale, Jenny","Dempsey, David/B-9115-2015","Dempsey, David/0000-0003-2135-5129",2169-9313,2169-9356,MAY,2016,121,5,3609,3637,,10.1002/2015JB012550,http://dx.doi.org/10.1002/2015JB012550
"Seismic Tomography of Nabro Caldera, Eritrea: Insights Into the Magmatic and Hydrothermal Systems of a Recently Erupted Volcano","Gauntlett, M; Hudson, T; Kendall, JM; Rawlinson, N; Blundy, J; Lapins, S; Goitom, B; Hammond, J; Oppenheimer, C; Ogubazghi, G","Gauntlett, M.; Hudson, T.; Kendall, J. -M.; Rawlinson, N.; Blundy, J.; Lapins, S.; Goitom, B.; Hammond, J.; Oppenheimer, C.; Ogubazghi, G.","; Oppenheimer, Clive/G-9881-2013; Gauntlett, Miriam/JHU-6015-2023; Hammond, James/AAR-1421-2021","Hudson, Thomas/0000-0003-2944-883X; Lapins, Sacha/0000-0002-0113-0240; Oppenheimer, Clive/0000-0003-4506-7260; Gauntlett, Miriam/0000-0002-1050-6385; Ogubazghi, Ghebrebrhan/0000-0002-7234-3833; Hammond, James/0000-0001-9194-8689",2169-9313,2169-9356,MAY,2023,128,5,,,e2022JB025742,10.1029/2022JB025742,http://dx.doi.org/10.1029/2022JB025742
"A Poisson model for identifying characteristic size effects in frequency data: Application to frequency-size distributions for global earthquakes, starquakes, and fault lengths","Leonard, T; Papasouliotis, O; Main, IG","Leonard, T; Papasouliotis, O; Main, IG","Main, Ian Graham/AAO-4365-2021","Main, Ian Graham/0000-0001-7031-6746",2169-9313,2169-9356,Jul 10,2001,106,B7,13473,13484,,10.1029/2000JB900429,http://dx.doi.org/10.1029/2000JB900429
"Shallow Lingering and Deep Transient Seismicity Related to Hydraulic Fracturing in the Changning Shale Gas Field, Sichuan Basin, China","Xu, J; Li, JL; Yang, W; Chen, GY; Liu, YJ; Verdecchia, A; Harrington, RM; Lu, RQ; Tan, YY; Ye, YP; Tang, JZ","Xu, Jian; Li, Junlun; Yang, Wen; Chen, Guoyi; Liu, Yajing; Verdecchia, Alessandro; Harrington, Rebecca M.; Lu, Renqi; Tan, Yuyang; Ye, Yapei; Tang, Jizhou","; Li, Junlun/KAU-6534-2024","Tan, Yuyang/0000-0002-8255-0940; Xu, Jian/0000-0002-7168-8389; Lu, Renqi/0000-0001-7837-7965",2169-9313,2169-9356,Apr 24,2025,130,4,,,e2024JB030279,10.1029/2024JB030279,http://dx.doi.org/10.1029/2024JB030279
Global evaluation of large earthquake energy from 1997 through mid-2010,"Convers, JA; Newman, AV","Convers, J. A.; Newman, A. V.","Newman, Andrew/E-7682-2012; Convers, Jaime/F-7248-2015","Convers, Jaime/0000-0003-3144-5611",2169-9313,2169-9356,Aug 6,2011,116,,,,B08304,10.1029/2010JB007928,http://dx.doi.org/10.1029/2010JB007928
Probabilistic tephra hazard maps for the Neapolitan area: Quantitative volcanological study of Campi Flegrei eruptions,"Mastrolorenzo, G; Pappalardo, L; Troise, C; Panizza, A; De Natale, G","Mastrolorenzo, G.; Pappalardo, L.; Troise, C.; Panizza, A.; De Natale, G.","Pappalardo, Lucia/AHI-7499-2022; DE NATALE, Giuseppe/M-6763-2016; TROISE, Claudia/F-8329-2014","Pappalardo, Lucia/0000-0002-3598-587X; DE NATALE, Giuseppe/0000-0001-8391-2846; Panizza, Anea/0000-0002-8857-2497; TROISE, Claudia/0000-0001-6555-5777",2169-9313,2169-9356,Jul 16,2008,113,B7,,,B07203,10.1029/2007JB004954,http://dx.doi.org/10.1029/2007JB004954
Evidence of fluid-filled upper crust from observations of postseismic deformation due to the 1992 Mw7.3 Landers earthquake - art. no. B08401,"Fialko, Y","Fialko, Y","Fialko, Yuri/B-9567-2012","Fialko, Yuri/0000-0002-6161-8467",2169-9313,2169-9356,Aug 3,2004,109,B8,,,B08401,10.1029/2004JB002985,http://dx.doi.org/10.1029/2004JB002985
Quasi-dynamic modeling of seismicity on a fault with depth-variable rate-and state-dependent friction,"Ziv, A; Cochard, A","Ziv, A.; Cochard, A.",,,2169-9313,2169-9356,Aug 29,2006,111,B8,,,B08310,10.1029/2005JB004189,http://dx.doi.org/10.1029/2005JB004189
Forecasting the evolution of seismicity in southern California Animations built on earthquake stress transfer,"Toda, S; Stein, RS; Richards-Dinger, K; Bozkurt, SB","Toda, S; Stein, RS; Richards-Dinger, K; Bozkurt, SB",,,2169-9313,2169-9356,May 25,2005,110,B5,,,B05S16,10.1029/2004JB003415,http://dx.doi.org/10.1029/2004JB003415
The stress shadow induced by the 1975-1984 Krafla rifting episode,"Maccaferri, F; Rivalta, E; Passarelli, L; Jónsson, S","Maccaferri, F.; Rivalta, E.; Passarelli, L.; Jonsson, S.","Rivalta, Eleonora/E-8651-2015; Maccaferri, Francesco/ABA-4326-2020; Passarelli, Luigi/AAI-4500-2021; Jonsson, Sigurjon/G-4353-2015","Rivalta, Eleonora/0000-0001-8245-0504; Maccaferri, Francesco/0000-0002-2023-837X; Passarelli, Luigi/0000-0001-8995-8765; Jonsson, Sigurjon/0000-0001-5378-7079",2169-9313,2169-9356,MAR,2013,118,3,1109,1121,,10.1002/jgrb.50134,http://dx.doi.org/10.1002/jgrb.50134
Magnetic Domain State and Anisotropy in Hematite (α-Fe2O3) From First-Order Reversal Curve Diagrams,"Roberts, AP; Zhao, X; Hu, PX; Abrajevitch, A; Chen, YH; Harrison, RJ; Heslop, D; Jiang, ZX; Li, JH; Liu, QS; Muxworthy, AR; Oda, H; O'Neill, HSC; Pillans, BJ; Sato, T","Roberts, Andrew P.; Zhao, Xiang; Hu, Pengxiang; Abrajevitch, Alexandra; Chen, Yen-Hua; Harrison, Richard J.; Heslop, David; Jiang, Zhaoxia; Li, Jinhua; Liu, Qingsong; Muxworthy, Adrian R.; Oda, Hirokuni; O'Neill, Hugh St C.; Pillans, Brad J.; Sato, Tetsuro","Harrison, Richard/B-3609-2010; Roberts, Anew P/E-6422-2010; Heslop, David/AGE-1592-2022; Abrajevitch, Alexana/K-1447-2018; Muxworthy, Adrian/A-7543-2019; HU, PENGXIANG/L-8725-2018; zhao, xiang/P-5590-2016; Jiang, Zhaoxia/R-8086-2018; Oda, Hirokuni/L-8005-2018; O'Neill, Hugh/G-2302-2011; Li, Jinhua/J-6706-2014","Harrison, Richard/0000-0003-3469-762X; Roberts, Anew P/0000-0003-0566-8117; Heslop, David/0000-0001-8245-0555; Abrajevitch, Alexana/0000-0001-8502-2118; zhao, xiang/0000-0002-1168-3439; Jiang, Zhaoxia/0000-0003-1862-7672; Oda, Hirokuni/0000-0001-7142-9208; O'Neill, Hugh/0000-0001-7018-9783; Li, Jinhua/0000-0003-1622-6170",2169-9313,2169-9356,DEC,2021,126,12,,,e2021JB023027,10.1029/2021JB023027,http://dx.doi.org/10.1029/2021JB023027
"Recalculated probability of M ≥ 7 earthquakes beneath the Sea of Marmara, Turkey - art. no. B05304","Parsons, T","Parsons, T","Parsons, Tom/A-3424-2008","Parsons, Tom/0000-0002-0582-4338",2169-9313,2169-9356,May 22,2004,109,B5,,,B05304,10.1029/2003JB002667,http://dx.doi.org/10.1029/2003JB002667
Location of long-period events below Kilauea Volcano using seismic amplitudes and accurate relative relocation,"Battaglia, J; Got, JL; Okubo, P","Battaglia, J; Got, JL; Okubo, P","GOT, Jean-Luc/AAE-6880-2021","Battaglia, Jean/0000-0002-9513-1200",2169-9313,2169-9356,Dec 5,2003,108,B12,,,2553,10.1029/2003JB002517,http://dx.doi.org/10.1029/2003JB002517
Detecting the Preparatory Phase of Induced Earthquakes at The Geysers (California) Using K-Means Clustering,"Iaccarino, AG; Picozzi, M","Iaccarino, A. G.; Picozzi, M.","Picozzi, Matteo/B-1015-2015; Iaccarino, Antonio Giovanni/AAX-5695-2020","Picozzi, Matteo/0000-0001-8078-9416; Iaccarino, Antonio Giovanni/0000-0002-7620-921X",2169-9313,2169-9356,OCT,2023,128,10,,,e2023JB026429,10.1029/2023JB026429,http://dx.doi.org/10.1029/2023JB026429
"Radiography of a normal fault system by 64,000 high-precision earthquake locations: The 2009 L'Aquila (central Italy) case study","Valoroso, L; Chiaraluce, L; Piccinini, D; Di Stefano, R; Schaff, D; Waldhauser, F","Valoroso, L.; Chiaraluce, L.; Piccinini, D.; Di Stefano, R.; Schaff, D.; Waldhauser, F.","Piccinini, Davide/A-2416-2012; Valoroso, Luisa/AAG-8692-2020; Chiaraluce, Lauro/A-4410-2012; Di Stefano, Raffaele/ISV-0052-2023","Piccinini, Davide/0000-0002-1826-646X; Valoroso, Luisa/0000-0001-5014-0958; Chiaraluce, Lauro/0000-0002-9697-6504; Di Stefano, Raffaele/0000-0003-3489-7453",2169-9313,2169-9356,MAR,2013,118,3,1156,1176,,10.1002/jgrb.50130,http://dx.doi.org/10.1002/jgrb.50130
"Changes in effective stress during the 2003-2004 Ubaye seismic swarm, France","Daniel, G; Prono, E; Renard, F; Thouvenot, F; Hainzl, S; Marsan, D; Helmstetter, A; Traversa, P; Got, JL; Jenatton, L; Guiguet, R","Daniel, G.; Prono, E.; Renard, F.; Thouvenot, F.; Hainzl, S.; Marsan, D.; Helmstetter, A.; Traversa, P.; Got, J. L.; Jenatton, L.; Guiguet, R.","Renard, François/A-7862-2008; Hainzl, Sebastian/KVA-4598-2024; helmstetter, agnes/N-7142-2019; Marsan, David/E-1351-2011; GOT, Jean-Luc/AAE-6880-2021","Renard, François/0000-0002-5125-5930; Hainzl, Sebastian/0000-0002-2875-0933;",2169-9313,2169-9356,Jan 29,2011,116,,,,B01309,10.1029/2010JB007551,http://dx.doi.org/10.1029/2010JB007551
"Microseismicity in Southern South Island, New Zealand: Implications for the Mechanism of Crustal Deformation Adjacent to a Major Continental Transform","Warren-Smith, E; Lamb, S; Stern, TA; Smith, E","Warren-Smith, Emily; Lamb, Simon; Stern, Tim A.; Smith, Euan",,,2169-9313,2169-9356,NOV,2017,122,11,9208,9227,,10.1002/2017JB014732,http://dx.doi.org/10.1002/2017JB014732
"The 5 September 2012 Nicoya, Costa Rica Mw 7.6 earthquake rupture process from joint inversion of high-rate GPS, strong-motion, and teleseismic P wave data and its relationship to adjacent plate boundary interface properties","Yue, H; Lay, T; Schwartz, SY; Rivera, L; Protti, M; Dixon, TH; Owen, S; Newman, AV","Yue, Han; Lay, Thorne; Schwartz, Susan Y.; Rivera, Luis; Protti, Marino; Dixon, Timothy H.; Owen, Susan; Newman, Andrew V.","Lay, Thorne/ABE-6272-2021; Newman, Andrew/E-7682-2012","Protti, Marino/0000-0001-9818-0051; Owen, Susan/0000-0003-4575-620X;",2169-9313,2169-9356,OCT,2013,118,10,5453,5466,,10.1002/jgrb.50379,http://dx.doi.org/10.1002/jgrb.50379
Statistical analysis of rockfall volume distributions: Implications for rockfall dynamics - art. no. 2286,"Dussauge, C; Grasso, JR; Helmstetter, AS","Dussauge, C; Grasso, JR; Helmstetter, AS","helmstetter, agnes/N-7142-2019; grasso, jean-robert/F-3634-2017","grasso, jean-robert/0000-0002-9580-7864",2169-9313,2169-9356,Jun 3,2003,108,B6,,,2286,10.1029/2001JB000650,http://dx.doi.org/10.1029/2001JB000650
Geodynamic evolution of the lithosphere and upper mantle beneath the Alboran region of the western Mediterranean: Constraints from travel time tomography,"Calvert, A; Sandvol, E; Seber, D; Barazangi, M; Roecker, S; Mourabit, T; Vidal, F; Alguacil, G; Jabour, N","Calvert, A; Sandvol, E; Seber, D; Barazangi, M; Roecker, S; Mourabit, T; Vidal, F; Alguacil, G; Jabour, N","; Mourabit, Taoufik/P-8465-2014","Alguacil De La Blanca, Angel Gerardo/0000-0002-0055-7365; Mourabit, Taoufik/0000-0002-5542-7074",2169-9313,2169-9356,May 10,2000,105,B5,10871,10898,,10.1029/2000JB900024,http://dx.doi.org/10.1029/2000JB900024
Impact of global seismicity on sea level change assessment,"Melini, D; Piersanti, A","Melini, D; Piersanti, A","Melini, Daniele/ABB-2386-2020","Melini, Daniele/0000-0002-5383-2375",2169-9313,2169-9356,Mar 11,2006,111,B3,,,B03406,10.1029/2004JB003476,http://dx.doi.org/10.1029/2004JB003476
Predictability in the epidemic-type aftershock sequence model of interacting triggered seismicity - art. no. 2482,"Helmstetter, A; Sornette, D","Helmstetter, A; Sornette, D","helmstetter, agnes/N-7142-2019",,2169-9313,2169-9356,Oct 17,2003,108,B10,,,2482,10.1029/2003JB002485,http://dx.doi.org/10.1029/2003JB002485
Direct inversion of earthquake first motions for both the stress tensor and focal mechanisms and application to southern California,"Abers, GA; Gephart, JW","Abers, GA; Gephart, JW",,,2169-9313,2169-9356,Nov 10,2001,106,B11,26523,26540,,10.1029/2001JB000437,http://dx.doi.org/10.1029/2001JB000437
"Foreshocks and Mainshock Nucleation of the 1999 M-w 7.1 Hector Mine, California, Earthquake","Yoon, CE; Yoshimitsu, N; Ellsworth, WL; Beroza, GC","Yoon, Clara E.; Yoshimitsu, Nana; Ellsworth, William L.; Beroza, Gregory C.","; Ellsworth, Lindsay/AAN-4169-2020; Yoshimitsu, Nana/AAC-5078-2020","Yoon, Clara/0000-0003-4521-3889; Beroza, Gregory/0000-0002-8667-1838",2169-9313,2169-9356,FEB,2019,124,2,1569,1582,,10.1029/2018JB016383,http://dx.doi.org/10.1029/2018JB016383
Geometry of the Pamir-Hindu Kush intermediate-depth earthquake zone from local seismic data,"Sippl, C; Schurr, B; Yuan, X; Mechie, J; Schneider, FM; Gadoev, M; Orunbaev, S; Oimahmadov, I; Haberland, C; Abdybachaev, U; Minaev, V; Negmatullaev, S; Radjabov, N","Sippl, C.; Schurr, B.; Yuan, X.; Mechie, J.; Schneider, F. M.; Gadoev, M.; Orunbaev, S.; Oimahmadov, I.; Haberland, C.; Abdybachaev, U.; Minaev, V.; Negmatullaev, S.; Radjabov, N.","; Sippl, Christian/AAC-6590-2019; Yuan, Xiaohui/G-5149-2010; Orunbaev, Sagynbek/R-7535-2019","Schneider, Felix M/0000-0001-9710-740X; Haberland, Christian/0000-0002-2981-7087; Sippl, Christian/0000-0003-4130-6340; Yuan, Xiaohui/0000-0002-2891-1354; Orunbaev, Sagynbek/0000-0002-9321-6390",2169-9313,2169-9356,APR,2013,118,4,1438,1457,,10.1002/jgrb.50128,http://dx.doi.org/10.1002/jgrb.50128
Imaging the Garlock Fault Zone With a Fiber: A Limited Damage Zone and Hidden Bimaterial Contrast,"Atterholt, J; Zhan, ZW; Yang, Y; Zhu, WQ","Atterholt, James; Zhan, Zhongwen; Yang, Yan; Zhu, Weiqiang",,"Zhu, Weiqiang/0000-0003-2889-1493; Atterholt, James/0000-0003-1603-5518; Yang, Yan/0000-0002-6105-2918; Zhan, Zhongwen/0000-0002-5586-2607",2169-9313,2169-9356,Jul 23,2024,129,7,,,e2024JB028900,10.1029/2024JB028900,http://dx.doi.org/10.1029/2024JB028900
The Sanriku-Oki low-seismicity region on the northern margin of the great 2011 Tohoku-Oki earthquake rupture,"Ye, LL; Lay, T; Kanamori, H","Ye, Lingling; Lay, Thorne; Kanamori, Hiroo","Lay, Thorne/ABE-6272-2021","Ye, Lingling/0000-0001-9689-4149",2169-9313,2169-9356,Feb 10,2012,117,,,,B02305,10.1029/2011JB008847,http://dx.doi.org/10.1029/2011JB008847
Complex earthquake rupture and local tsunamis - art. no. 2086,"Geist, EL","Geist, EL",,,2169-9313,2169-9356,May 10,2002,107,B5,,,2086,10.1029/2000JB000139,http://dx.doi.org/10.1029/2000JB000139
CANVAS: An Adjoint Waveform Tomography Model of California and Nevada,"Doody, C; Rodgers, A; Afanasiev, M; Boehm, C; Krischer, L; Chiang, AD; Simmons, N","Doody, Claire; Rodgers, Arthur; Afanasiev, Michael; Boehm, Christian; Krischer, Lion; Chiang, Andrea; Simmons, Nathan","Simmons, Nathan/J-9022-2014; Doody, Claire/JZT-0626-2024; Rodgers, Arthur/E-2443-2011; Chiang, Anea/I-9577-2016","Doody, Claire/0000-0001-8120-8361; Rodgers, Arthur/0000-0002-6784-5695; Chiang, Anea/0000-0001-8513-4363",2169-9313,2169-9356,DEC,2023,128,12,,,e2023JB027583,10.1029/2023JB027583,http://dx.doi.org/10.1029/2023JB027583
Repeating Nontectonic Seasonal Stress Changes and a Possible Triggering Mechanism of the 2019 Ridgecrest Earthquake Sequence in California,"Kim, J; Holt, WE; Bahadori, A; Shen, WS","Kim, Jeonghyeop; Holt, William E.; Bahadori, Alireza; Shen, Weisen","Bahadori, Alireza/JHS-5135-2023; Shen, Weisen/AAB-2471-2020","Bahadori, Alireza/0000-0001-6924-4212; Kim, Jeonghyeop/0000-0002-2746-1558; Holt, William/0000-0002-0267-5306; Shen, Weisen/0000-0002-3766-632X",2169-9313,2169-9356,OCT,2021,126,10,,,e2021JB022188,10.1029/2021JB022188,http://dx.doi.org/10.1029/2021JB022188
"Frequency-Magnitude Statistics of Laboratory Foreshocks Vary With Shear Velocity, Fault Slip Rate, and Shear Stress","Bolton, DC; Shreedharan, S; Rivière, J; Marone, C","Bolton, David C.; Shreedharan, Srisharan; Riviere, Jacques; Marone, Chris",,"Bolton, David/0000-0003-2428-1743; Shreedharan, Srisharan/0000-0002-5825-8739",2169-9313,2169-9356,NOV,2021,126,11,,,e2021JB022175,10.1029/2021JB022175,http://dx.doi.org/10.1029/2021JB022175
"Onset and Cause of Increased Seismic Activity Near Pecos, West Texas, United States, From Observations at the Lajitas TXAR Seismic Array","Frohlich, C; Hayward, C; Rosenblit, J; Aiken, C; Hennings, P; Savvaidis, A; Lemons, C; Horne, E; Walter, JI; DeShon, HR","Frohlich, Cliff; Hayward, Chris; Rosenblit, Julia; Aiken, Chastity; Hennings, Peter; Savvaidis, Alexandros; Lemons, Casee; Horne, Elizabeth; Walter, Jacob I.; DeShon, Heather R.","Aiken, Chastity/AAS-9153-2021; Horne, Elizabeth/T-2394-2018; Hayward, Chris/KWD-6280-2024; Hennings, Peter/Q-8800-2018; Savvaidis, Alexanos/ABB-1957-2021; Walter, Jacob/C-6806-2015","Horne, Elizabeth/0000-0002-6510-2169; Hennings, Peter/0000-0002-1714-4997; Autry, Chastity/0000-0002-0312-3941; Savvaidis, Alexanos/0000-0001-6373-5256; DeShon, Heather/0000-0001-5030-377X; Walter, Jacob/0000-0001-7127-9422; Lemons, Casee/0000-0003-0126-7607",2169-9313,2169-9356,JAN,2020,125,1,,,e2019JB017737,10.1029/2019JB017737,http://dx.doi.org/10.1029/2019JB017737
Heterogeneity of Aftershock Productivity Along the Mainshock Ruptures and Its Advantage in Improving Short-Term Aftershock Forecast,"Guo, YC; Zhuang, JC; Zhang, H","Guo, Yicun; Zhuang, Jiancang; Zhang, Huai","; Zhuang, Jiancang/C-3650-2011","Zhang, Huai/0000-0003-0411-4841; Zhuang, Jiancang/0000-0002-9708-3871; GUO, YICUN/0000-0003-3965-3781",2169-9313,2169-9356,APR,2021,126,4,,,e2020JB020494,10.1029/2020JB020494,http://dx.doi.org/10.1029/2020JB020494
Sensing Optical Fibers for Earthquake Source Characterization Using Raw DAS Records,"Strumia, C; Trabattoni, A; Supino, M; Baillet, M; Rivet, D; Festa, G","Strumia, Claudio; Trabattoni, Alister; Supino, Mariano; Baillet, Marie; Rivet, Diane; Festa, Gaetano","; Supino, Mariano/AAF-6900-2020; Trabattoni, Alister/P-8364-2019; Festa, Gaetano/F-8525-2010; STRUMIA, CLAUDIO/NYS-2843-2025","Rivet, Diane/0000-0003-4697-4460; Supino, Mariano/0000-0002-7222-9344; BAILLET, Marie/0000-0001-6913-7580; Trabattoni, Alister/0000-0001-7682-0273; STRUMIA, CLAUDIO/0009-0009-7741-9348",2169-9313,2169-9356,Jan 23,2024,129,1,,,e2023JB027860,10.1029/2023JB027860,http://dx.doi.org/10.1029/2023JB027860
Active deformation in eastern Indonesia and the Philippines from GPS and seismicity data,"Kreemer, C; Holt, WE; Goes, S; Govers, R","Kreemer, C; Holt, WE; Goes, S; Govers, R","Govers, Rob/C-4932-2011","Govers, Rob/0000-0001-7148-8857; Holt, William/0000-0002-0267-5306; Goes, Saskia/0000-0002-2231-2553",2169-9313,2169-9356,Jan 10,2000,105,B1,663,680,,10.1029/1999JB900356,http://dx.doi.org/10.1029/1999JB900356
The 2019-2020 Khalili (Iran) Earthquake Sequence-Anthropogenic Seismicity in the Zagros Simply Folded Belt?,"Jamalreyhani, M; Pousse-Beltran, L; Büyükakpinar, P; Cesca, S; Nissen, E; Ghods, A; López-Comino, JA; Rezapour, M; Najafi, M","Jamalreyhani, Mohammadreza; Pousse-Beltran, Lea; Buyukakpinar, Pinar; Cesca, Simone; Nissen, Edwin; Ghods, Abdolreza; Lopez-Comino, Jose Angel; Rezapour, Mehdi; Najafi, Mahdi","Ghods, Abdolreza/ABH-8630-2020; Cesca, Simone/AAZ-2572-2020; Comino, Jose/H-6392-2015; Büyükakpınar, Pınar/HZL-6175-2023; Najafi, Mahdi/MVV-3185-2025; Nissen, Edwin/E-2109-2011; Jamalreyhani, Mohammaeza/AAE-7013-2022","Cesca, Simone/0000-0001-9419-3904; Büyükakpınar, Pınar/0000-0001-8461-674X; Nissen, Edwin/0000-0002-0406-2706; Jamalreyhani, Mohammaeza/0000-0003-4181-7175; Najafi Ghayegheshlagh, Mahdi/0000-0002-1936-4053",2169-9313,2169-9356,DEC,2021,126,12,,,e2021JB022797,10.1029/2021JB022797,http://dx.doi.org/10.1029/2021JB022797
Seismicity and Magmatic System of the Changbaishan Intraplate Volcano in East Asia,"Yan, D; Tian, Y; Zhao, DP; Li, HL","Yan, Dong; Tian, You; Zhao, Dapeng; Li, Hongli",,"Yan, Dong/0000-0003-4613-9545",2169-9313,2169-9356,SEP,2023,128,9,,,e2023JB026853,10.1029/2023JB026853,http://dx.doi.org/10.1029/2023JB026853
"Comparison of Deep Learning Techniques for the Investigation of a Seismic Sequence: An Application to the 2019, Mw 4.5 Mugello (Italy) Earthquake","Cianetti, S; Bruni, R; Gaviano, S; Keir, D; Piccinini, D; Saccorotti, G; Giunchi, C","Cianetti, S.; Bruni, R.; Gaviano, S.; Keir, D.; Piccinini, D.; Saccorotti, G.; Giunchi, C.","; Piccinini, Davide/A-2416-2012; Saccorotti, Gilberto/H-2004-2017; Giunchi, Carlo/H-8508-2012; Cianetti, Spina/HKO-1316-2023; Keir, Derek/AAB-6110-2020","Gaviano, Sonja/0000-0003-3481-2923; Piccinini, Davide/0000-0002-1826-646X; Saccorotti, Gilberto/0000-0003-2915-1446; Giunchi, Carlo/0000-0002-0174-324X; Bruni, Rebecca/0000-0002-9775-1542; Cianetti, Spina/0000-0002-0690-7274; Keir, Derek/0000-0001-8787-8446",2169-9313,2169-9356,DEC,2021,126,12,,,e2021JB023405,10.1029/2021JB023405,http://dx.doi.org/10.1029/2021JB023405
Quantitative Evaluation of the Competing Effects of Wastewater Disposal and Hydraulic Fracturing on Causing Induced Earthquakes: A Case Study of an M3.1 Earthquake Sequence in Western Canada,"Wang, B; Kao, H; Yu, HY; Visser, R; Verdecchia, A","Wang, Bei; Kao, Honn; Yu, Hongyu; Visser, Ryan; Verdecchia, Alessandro",,"Verdecchia, Alessano/0000-0002-9920-0015; Wang, Bei/0000-0002-8908-8891",2169-9313,2169-9356,FEB,2023,128,2,,,e2022JB025048,10.1029/2022JB025048,http://dx.doi.org/10.1029/2022JB025048
Pseudo-Prospective Forecasting of Induced and Natural Seismicity in the Hengill Geothermal Field,"Ritz, VA; Mizrahi, L; Repollés, VC; Rinaldi, AP; Hjoerleifsdóttir, V; Wiemer, S","Ritz, V. A.; Mizrahi, L.; Repolles, V. Clasen; Rinaldi, A. P.; Hjoerleifsdottir, V.; Wiemer, S.","Mizrahi, Leila/GRY-4626-2022; Rinaldi, Antonio Pio/N-3284-2013; Wiemer, Stefan/E-5033-2015; Ritz, Vanille Ariane Samantha/IAQ-9877-2023","Mizrahi, Leila/0000-0002-5262-3168; Hjörleifsdóttir, Vala/0000-0003-3275-108X; Clasen Repollés, Victor/0009-0005-6863-1225; Rinaldi, Antonio Pio/0000-0001-7052-8618; Wiemer, Stefan/0000-0002-4919-3283; Ritz, Vanille Ariane Samantha/0000-0002-8773-7608",2169-9313,2169-9356,Mar 5,2024,129,3,,,e2023JB028402,10.1029/2023JB028402,http://dx.doi.org/10.1029/2023JB028402
Magnitude of the 1920 Haiyuan Earthquake Reestimated Using Seismological and Geomorphological Methods,"Ou, Q; Kulikova, G; Yu, J; Elliott, A; Parsons, B; Walker, R","Ou, Q.; Kulikova, G.; Yu, J.; Elliott, A.; Parsons, B.; Walker, R.","Yu, Jingxing/NKP-0269-2025; Walker, Richard/D-9908-2011","Yu, Jingxing/0000-0002-1887-8618; Walker, Richard/0000-0002-7551-4124; Ou, Qi/0000-0002-9827-4047; Elliott, Austin/0000-0001-5924-7268; Kulikova, Galina/0000-0001-7698-3590",2169-9313,2169-9356,AUG,2020,125,8,,,e2019JB019244,10.1029/2019JB019244,http://dx.doi.org/10.1029/2019JB019244
"Self-Potential Ambient Noise and Spectral Relationship With Urbanization, Seismicity, and Strain Rate Revealed via the Taiwan Geoelectric Monitoring Network","Chen, HJ; Ye, ZK; Chiu, CY; Telesca, L; Chen, CC; Chang, WL","Chen, Hong-Jia; Ye, Zheng-Kai; Chiu, Chi-Yu; Telesca, Luciano; Chen, Chien-Chih; Chang, Wu-Lung","; Telesca, Luciano/IUQ-7779-2023","Chen, Hong-Jia/0000-0003-0328-008X;",2169-9313,2169-9356,JAN,2020,125,1,,,e2019JB018196,10.1029/2019JB018196,http://dx.doi.org/10.1029/2019JB018196
Preliminary Analysis of Source Physics Experiment Explosion-Triggered Microseismicity Using the Back-Projection Method,"Ichinose, GA; Ford, SR; Kroll, K; Dodge, D; Pyle, M; Pitarka, A; Walter, WR","Ichinose, G. A.; Ford, S. R.; Kroll, K.; Dodge, D.; Pyle, M.; Pitarka, A.; Walter, W. R.","Ichinose, Gene/F-9191-2011; Pitarka, Arben/K-5491-2014; Ichinose, Gene/I-4420-2016; Walter, William/C-2351-2013; Kroll, Kayla/H-6518-2016; Pyle, Moira/L-3642-2016","Ichinose, Gene/0000-0003-2081-9825; Pitarka, Arben/0000-0001-6026-8859; Ichinose, Gene/0000-0003-2081-9825; Walter, William/0000-0002-0331-0616; Kroll, Kayla/0000-0003-3582-9874; Pyle, Moira/0000-0003-1081-0966",2169-9313,2169-9356,MAY,2021,126,5,,,e2020JB021312,10.1029/2020JB021312,http://dx.doi.org/10.1029/2020JB021312
Catastrophic Failure: How and When? Insights From 4-D In Situ X-ray Microtomography,"Cartwright-Taylor, A; Main, IG; Butler, IB; Fusseis, F; Flynn, M; King, A","Cartwright-Taylor, Alexis; Main, Ian G.; Butler, Ian B.; Fusseis, Florian; Flynn, Michael; King, Andrew","Cartwright-Taylor, Alexis/ABC-3615-2020; Fusseis, Florian/M-5321-2016; Main, Ian Graham/AAO-4365-2021","Cartwright-Taylor, Alexis/0000-0001-7805-4576; Fusseis, Florian/0000-0002-3104-8109; King, Anew/0000-0001-8542-1354; Main, Ian Graham/0000-0001-7031-6746",2169-9313,2169-9356,AUG,2020,125,8,,,e2020JB019642,10.1029/2020JB019642,http://dx.doi.org/10.1029/2020JB019642
Seismic Moment Accumulation Rate From Geodesy: Constraining Kostrov Thickness in Southern California,"Guns, K; Sandwell, D; Xu, XH; Bock, Y; Yong, LW; Smith-Konter, B","Guns, Katherine; Sandwell, David; Xu, Xiaohua; Bock, Yehuda; Yong, Lauren Ward; Smith-Konter, Bridget","; Smith-Konter, Bridget/D-2823-2011","Guns, Katherine/0000-0002-2956-1536; Ward, Lauren/0000-0001-9449-8855; Sandwell, David/0000-0001-5657-8707; Smith-Konter, Bridget/0000-0001-6004-1005",2169-9313,2169-9356,May 20,2024,129,5,,,e2023JB027939,10.1029/2023JB027939,http://dx.doi.org/10.1029/2023JB027939
Heterogeneous Locking and Earthquake Potential on the South Peru Megathrust From Dense GNSS Network,"Lovery, B; Chlieh, M; Norabuena, E; Villegas-Lanza, JC; Radiguet, M; Cotte, N; Tsapong-Tsague, A; Quiroz, W; Farfán, CS; Simons, M; Nocquet, JM; Tavera, H; Socquet, A","Lovery, B.; Chlieh, M.; Norabuena, E.; Villegas-Lanza, J. C.; Radiguet, M.; Cotte, N.; Tsapong-Tsague, A.; Quiroz, W.; Farfan, C. Sierra; Simons, M.; Nocquet, J. M.; Tavera, H.; Socquet, A.","Nocquet, J.M./JCE-4752-2023; Norabuena, Edmundo/I-5486-2013; Radiguet, Mathilde/D-9694-2013; Simons, Mark/N-4397-2015; Socquet, Anne/A-5698-2011","Norabuena, Edmundo/0000-0002-1865-8922; Lovery, Bertrand/0000-0002-3671-0608; Radiguet, Mathilde/0000-0002-3877-9393; Simons, Mark/0000-0003-1412-6395; Socquet, Anne/0000-0002-9208-7136; Quiroz, Wendy/0000-0002-0237-5901",2169-9313,2169-9356,Jan 30,2024,129,2,,,e2023JB027114,10.1029/2023JB027114,http://dx.doi.org/10.1029/2023JB027114
Ocean Bottom Distributed Acoustic Sensing for Oceanic Seismicity Detection and Seismic Ocean Thermometry,"Shen, ZC; Wu, WB","Shen, Zhichao; Wu, Wenbo","Shen, Zhichao/MSZ-0881-2025","Shen, Zhichao/0000-0003-0458-5264; Wu, Wenbo/0000-0002-6249-8065",2169-9313,2169-9356,Mar 7,2024,129,3,,,e2023JB027799,10.1029/2023JB027799,http://dx.doi.org/10.1029/2023JB027799
"Speleoseismological Constraints on Ground Shaking Threshold and Seismogenic Sources in the Pollino Range (Calabria, Southern Italy)","Ferranti, L; Pace, B; Valentini, A; Montagna, P; Pons-Branchu, E; Tisnérat-Laborde, N; Maschio, L","Ferranti, Luigi; Pace, Bruno; Valentini, Alessandro; Montagna, Paolo; Pons-Branchu, Edwige; Tisnerat-Laborde, Nadine; Maschio, Laura","; FERRANTI, Luigi/C-1403-2009; PACE, Bruno/AAN-5815-2020; Montagna, Paolo/H-9632-2015","Valentini, Alessano/0000-0001-5149-2090; FERRANTI, Luigi/0000-0002-0531-6763; pons-branchu, edwige/0000-0002-7941-3144; Tisnérat Laborde, Nadine/0000-0002-7697-3605; PACE, Bruno/0000-0002-9509-5019; Montagna, Paolo/0000-0001-5598-2214",2169-9313,2169-9356,MAY,2019,124,5,5192,5216,,10.1029/2018JB017000,http://dx.doi.org/10.1029/2018JB017000